Accel_x,Accel_y,Accel_z,w_x,w_y,w_z,Temp,Category
-0.69,-0.03,8.9,-0.0,0.0,0.04,26.38,Mov00
-0.7,-0.03,8.89,-0.0,0.0,0.04,26.38,Mov00
-0.7,-0.03,8.87,-0.0,0.0,0.04,26.38,Mov00
-0.7,-0.02,8.87,-0.0,0.0,0.04,26.38,Mov00
-0.71,-0.02,8.88,-0.0,0.0,0.04,26.38,Mov00
-0.71,-0.02,8.88,-0.0,0.0,0.04,26.38,Mov00
-0.71,-0.03,8.88,-0.0,0.0,0.04,26.38,Mov00
-0.7,-0.02,8.88,-0.0,0.0,0.04,26.38,Mov00
-0.7,-0.03,8.87,-0.0,0.0,0.04,26.38,Mov00
-0.7,-0.03,8.87,-0.0,0.0,0.04,26.38,Mov00
-0.7,-0.03,8.88,-0.0,0.0,0.04,26.38,Mov00
-0.7,-0.03,8.88,-0.0,0.0,0.04,26.38,Mov00
-0.7,-0.04,8.87,-0.0,0.0,0.03,26.38,Mov00
-0.7,-0.04,8.88,-0.0,0.0,0.03,26.38,Mov00
-0.71,-0.03,8.88,-0.0,0.0,0.03,26.38,Mov00
-0.71,-0.02,8.88,-0.0,0.0,0.03,26.38,Mov00
-0.71,-0.03,8.88,-0.0,0.0,0.03,26.39,Mov00
-0.71,-0.03,8.88,-0.0,0.0,0.03,26.38,Mov00
-0.71,-0.03,8.87,-0.0,0.0,0.03,26.39,Mov00
-0.7,-0.03,8.87,-0.0,0.0,0.03,26.39,Mov00
-0.7,-0.03,8.87,-0.0,0.0,0.03,26.4,Mov00
-0.7,-0.03,8.86,-0.0,0.0,0.03,26.39,Mov00
-0.7,-0.04,8.87,-0.0,0.0,0.03,26.39,Mov00
-0.71,-0.03,8.88,-0.0,0.0,0.04,26.4,Mov00
-0.7,-0.04,8.88,-0.0,0.0,0.04,26.39,Mov00
-0.7,-0.04,8.88,-0.0,0.0,0.04,26.39,Mov00
-0.7,-0.03,8.88,-0.0,0.0,0.04,26.39,Mov00
-0.7,-0.03,8.88,-0.0,0.0,0.04,26.38,Mov00
-0.7,-0.03,8.87,-0.0,0.0,0.04,26.39,Mov00
-0.71,-0.03,8.88,-0.0,0.0,0.03,26.39,Mov00
-0.71,-0.03,8.87,-0.0,0.0,0.03,26.38,Mov00
-0.71,-0.03,8.87,-0.0,0.0,0.03,26.39,Mov00
-0.71,-0.03,8.89,-0.0,0.0,0.03,26.39,Mov00
-0.71,-0.02,8.87,-0.0,0.0,0.03,26.39,Mov00
-0.71,-0.03,8.87,-0.0,0.0,0.04,26.39,Mov00
-0.7,-0.03,8.88,-0.0,0.0,0.04,26.38,Mov00
-0.71,-0.03,8.88,-0.0,0.0,0.04,26.38,Mov00
-0.71,-0.03,8.87,-0.0,0.0,0.04,26.39,Mov00
-0.7,-0.03,8.88,-0.0,0.0,0.04,26.39,Mov00
-0.71,-0.03,8.88,-0.0,0.0,0.04,26.39,Mov00
-0.71,-0.03,8.88,-0.0,0.0,0.03,26.38,Mov00
-0.71,-0.03,8.87,-0.0,0.0,0.03,26.39,Mov00
-0.7,-0.03,8.87,-0.0,0.0,0.04,26.39,Mov00
-0.71,-0.02,8.88,-0.0,0.0,0.04,26.39,Mov00
-0.71,-0.02,8.87,-0.0,0.0,0.04,26.39,Mov00
-0.7,-0.02,8.86,-0.0,0.0,0.04,26.39,Mov00
-0.7,-0.03,8.87,-0.0,0.0,0.04,26.38,Mov00
-0.7,-0.03,8.87,-0.0,0.0,0.04,26.39,Mov00
-0.69,-0.03,8.87,-0.0,0.0,0.04,26.39,Mov00
-0.7,-0.03,8.88,-0.0,0.0,0.04,26.39,Mov00
-0.7,-0.03,8.87,-0.0,0.0,0.04,26.39,Mov00
-0.7,-0.02,8.87,-0.0,0.0,0.04,26.39,Mov00
-0.7,-0.02,8.87,-0.0,0.0,0.04,26.39,Mov00
-0.7,-0.03,8.88,-0.0,0.0,0.04,26.39,Mov00
-0.7,-0.03,8.88,-0.0,0.0,0.04,26.39,Mov00
-0.7,-0.03,8.89,-0.0,0.0,0.03,26.39,Mov00
-0.7,-0.03,8.89,-0.0,0.0,0.04,26.38,Mov00
-0.71,-0.03,8.88,-0.0,0.0,0.04,26.39,Mov00
-0.7,-0.03,8.88,-0.0,0.0,0.04,26.39,Mov00
-0.7,-0.03,8.88,-0.0,0.0,0.03,26.39,Mov00
-0.7,-0.02,8.87,-0.0,0.0,0.03,26.39,Mov00
-0.7,-0.01,8.87,-0.0,0.0,0.04,26.39,Mov00
-0.7,-0.01,8.89,-0.0,0.0,0.03,26.39,Mov00
-0.71,-0.02,8.89,-0.0,0.0,0.04,26.38,Mov00
-0.71,-0.02,8.89,-0.0,0.0,0.03,26.38,Mov00
-0.71,-0.02,8.89,-0.0,0.0,0.03,26.38,Mov00
-0.7,-0.02,8.88,-0.0,0.0,0.03,26.38,Mov00
-0.7,-0.02,8.88,-0.0,0.0,0.04,26.38,Mov00
-0.71,-0.03,8.88,-0.0,0.0,0.04,26.38,Mov00
-0.71,-0.03,8.88,-0.0,0.0,0.04,26.38,Mov00
-0.7,-0.02,8.87,-0.0,0.0,0.04,26.38,Mov00
-0.7,-0.02,8.87,-0.0,0.0,0.04,26.38,Mov00
-0.7,-0.02,8.87,-0.0,0.0,0.04,26.38,Mov00
-0.7,-0.02,8.88,-0.0,0.0,0.04,26.39,Mov00
-0.7,-0.02,8.87,-0.0,0.0,0.04,26.39,Mov00
-0.7,-0.03,8.88,-0.0,0.0,0.04,26.39,Mov00
-0.7,-0.03,8.89,-0.0,0.0,0.04,26.39,Mov00
-0.7,-0.02,8.9,-0.0,0.0,0.04,26.39,Mov00
-0.7,-0.03,8.88,-0.0,0.0,0.04,26.39,Mov00
-0.7,-0.03,8.89,-0.0,0.0,0.04,26.39,Mov00
-0.7,-0.03,8.89,-0.0,0.0,0.04,26.39,Mov00
-0.7,-0.03,8.88,-0.0,0.0,0.04,26.39,Mov00
-0.7,-0.04,8.88,-0.0,0.0,0.04,26.39,Mov00
-0.7,-0.03,8.87,-0.0,0.0,0.04,26.39,Mov00
-0.7,-0.03,8.88,-0.0,0.0,0.04,26.39,Mov00
-0.71,-0.03,8.88,-0.0,0.0,0.03,26.39,Mov00
-0.7,-0.03,8.88,-0.0,0.0,0.04,26.39,Mov00
-0.71,-0.03,8.87,-0.0,0.0,0.04,26.39,Mov00
-0.71,-0.03,8.86,-0.0,0.0,0.04,26.39,Mov00
-0.71,-0.03,8.86,-0.0,0.0,0.04,26.39,Mov00
-0.7,-0.03,8.86,-0.0,0.0,0.03,26.39,Mov00
-0.7,-0.03,8.87,-0.0,0.0,0.03,26.39,Mov00
-0.69,-0.02,8.87,-0.0,0.0,0.03,26.39,Mov00
-0.7,-0.02,8.87,-0.0,0.0,0.04,26.39,Mov00
-0.7,-0.03,8.88,-0.0,0.0,0.04,26.39,Mov00
-0.7,-0.03,8.88,-0.0,0.0,0.04,26.39,Mov00
-0.7,-0.03,8.87,-0.0,0.0,0.03,26.39,Mov00
-0.7,-0.03,8.87,-0.0,0.0,0.04,26.39,Mov00
-0.7,-0.03,8.86,-0.0,0.0,0.04,26.39,Mov00
-0.69,-0.02,8.86,-0.0,0.0,0.04,26.38,Mov00
-0.7,-0.02,8.86,-0.0,0.0,0.03,26.37,Mov00
-0.7,-0.02,8.87,-0.0,0.0,0.03,26.37,Mov00
-0.71,-0.01,8.87,-0.0,0.0,0.03,26.38,Mov00
-0.71,-0.02,8.87,-0.0,0.0,0.03,26.37,Mov00
-0.7,-0.03,8.87,-0.0,0.0,0.04,26.38,Mov00
-0.71,-0.03,8.87,-0.0,0.0,0.04,26.38,Mov00
-0.71,-0.03,8.88,-0.0,0.0,0.04,26.39,Mov00
-0.7,-0.03,8.89,-0.0,0.0,0.04,26.39,Mov00
-0.7,-0.03,8.89,-0.0,0.0,0.04,26.38,Mov00
-0.7,-0.03,8.89,-0.0,0.0,0.04,26.39,Mov00
-0.7,-0.03,8.89,-0.0,0.0,0.04,26.4,Mov00
-0.7,-0.03,8.88,-0.0,0.0,0.04,26.39,Mov00
-0.7,-0.03,8.88,-0.0,0.0,0.04,26.39,Mov00
-0.7,-0.03,8.88,-0.0,0.0,0.04,26.39,Mov00
-0.7,-0.03,8.88,-0.0,0.0,0.04,26.39,Mov00
-0.7,-0.03,8.87,-0.0,0.0,0.04,26.39,Mov00
-0.7,-0.02,8.88,-0.0,0.0,0.04,26.39,Mov00
-0.7,-0.03,8.88,-0.0,0.0,0.03,26.39,Mov00
-0.7,-0.03,8.9,-0.0,0.0,0.03,26.39,Mov00
-0.7,-0.03,8.88,-0.0,0.0,0.03,26.38,Mov00
-0.7,-0.03,8.87,-0.0,0.0,0.03,26.39,Mov00
-0.7,-0.03,8.87,-0.0,0.0,0.03,26.39,Mov00
-0.7,-0.03,8.88,-0.0,0.0,0.03,26.39,Mov00
-0.7,-0.03,8.87,-0.0,0.0,0.03,26.38,Mov00
-0.71,-0.03,8.86,-0.0,0.0,0.03,26.39,Mov00
-0.71,-0.03,8.86,-0.0,0.0,0.03,26.39,Mov00
-0.7,-0.03,8.87,-0.0,0.0,0.03,26.39,Mov00
-0.71,-0.03,8.87,-0.0,0.0,0.03,26.39,Mov00
-0.7,-0.03,8.88,-0.0,0.0,0.03,26.39,Mov00
-0.7,-0.03,8.87,-0.0,0.0,0.03,26.38,Mov00
-0.7,-0.03,8.88,-0.0,0.0,0.03,26.39,Mov00
-0.7,-0.03,8.88,-0.0,0.0,0.04,26.4,Mov00
-0.69,-0.03,8.88,-0.0,0.0,0.04,26.4,Mov00
-0.7,-0.03,8.88,-0.0,0.0,0.04,26.4,Mov00
-0.7,-0.03,8.87,-0.0,0.0,0.03,26.4,Mov00
-0.71,-0.03,8.88,-0.0,0.0,0.04,26.39,Mov00
-0.71,-0.03,8.89,-0.0,0.0,0.03,26.39,Mov00
-0.71,-0.04,8.89,-0.0,0.0,0.03,26.39,Mov00
-0.7,-0.03,8.88,-0.0,0.0,0.03,26.39,Mov00
-0.7,-0.03,8.89,-0.0,0.0,0.04,26.39,Mov00
-0.7,-0.03,8.88,-0.0,0.0,0.03,26.39,Mov00
-0.7,-0.02,8.88,-0.0,0.0,0.04,26.4,Mov00
-0.7,-0.02,8.87,-0.0,0.0,0.04,26.39,Mov00
-0.71,-0.03,8.86,-0.0,0.0,0.04,26.39,Mov00
-0.71,-0.03,8.87,-0.0,0.0,0.04,26.38,Mov00
-0.71,-0.03,8.87,-0.0,0.0,0.03,26.39,Mov00
-0.71,-0.03,8.87,-0.0,0.0,0.04,26.39,Mov00
-0.71,-0.03,8.87,-0.0,0.0,0.04,26.39,Mov00
-0.71,-0.03,8.86,-0.0,0.0,0.03,26.39,Mov00
-0.71,-0.03,8.86,-0.0,0.0,0.03,26.39,Mov00
-0.7,-0.03,8.87,-0.0,0.0,0.03,26.39,Mov00
-0.7,-0.03,8.88,-0.0,0.0,0.04,26.39,Mov00
-0.69,-0.03,8.87,-0.0,0.0,0.04,26.39,Mov00
-0.7,-0.02,8.88,-0.0,0.0,0.04,26.39,Mov00
-0.7,-0.03,8.88,-0.0,0.0,0.04,26.39,Mov00
-0.7,-0.03,8.88,-0.0,0.0,0.04,26.39,Mov00
-0.7,-0.02,8.87,-0.0,0.0,0.04,26.39,Mov00
-0.7,-0.03,8.86,-0.0,0.0,0.04,26.39,Mov00
-0.7,-0.03,8.88,-0.0,0.0,0.04,26.39,Mov00
-0.7,-0.04,8.88,-0.0,0.0,0.04,26.39,Mov00
-0.7,-0.04,8.88,-0.0,0.0,0.04,26.39,Mov00
-0.7,-0.03,8.88,-0.0,0.0,0.04,26.39,Mov00
-0.7,-0.03,8.88,-0.0,0.0,0.04,26.39,Mov00
-0.7,-0.03,8.87,-0.0,0.0,0.04,26.39,Mov00
-0.7,-0.03,8.88,-0.0,0.0,0.04,26.39,Mov00
-0.71,-0.03,8.87,-0.0,0.0,0.04,26.39,Mov00
-0.71,-0.03,8.88,-0.0,0.0,0.04,26.39,Mov00
-0.71,-0.02,8.89,-0.0,0.0,0.04,26.39,Mov00
-0.7,-0.02,8.88,-0.0,0.0,0.04,26.38,Mov00
-0.71,-0.03,8.87,-0.0,0.0,0.04,26.39,Mov00
-0.7,-0.03,8.88,-0.0,0.0,0.03,26.39,Mov00
-0.7,-0.02,8.88,-0.0,0.0,0.04,26.39,Mov00
-0.7,-0.03,8.88,-0.0,0.0,0.04,26.39,Mov00
-0.71,-0.03,8.88,-0.0,0.0,0.04,26.39,Mov00
-0.71,-0.03,8.88,-0.0,0.0,0.03,26.4,Mov00
-0.71,-0.03,8.88,-0.0,0.0,0.04,26.4,Mov00
-0.71,-0.02,8.88,-0.0,0.0,0.03,26.4,Mov00
-0.7,-0.02,8.88,-0.0,0.0,0.03,26.39,Mov00
-0.7,-0.02,8.88,-0.0,0.0,0.03,26.4,Mov00
-0.7,-0.02,8.88,-0.0,0.0,0.03,26.4,Mov00
-0.71,-0.02,8.87,-0.0,0.0,0.04,26.39,Mov00
-0.71,-0.02,8.88,-0.0,0.0,0.03,26.39,Mov00
-0.7,-0.03,8.87,-0.0,0.0,0.03,26.39,Mov00
-0.7,-0.03,8.87,-0.0,0.0,0.03,26.39,Mov00
-0.7,-0.02,8.86,-0.0,0.0,0.04,26.39,Mov00
-0.7,-0.02,8.87,-0.0,0.0,0.04,26.39,Mov00
-0.7,-0.02,8.86,-0.0,0.0,0.04,26.39,Mov00
-0.7,-0.02,8.87,-0.0,0.0,0.04,26.39,Mov00
-0.7,-0.02,8.87,-0.0,0.0,0.04,26.39,Mov00
-0.7,-0.02,8.86,-0.0,0.0,0.03,26.4,Mov00
-0.71,-0.03,8.87,-0.0,0.0,0.04,26.4,Mov00
-0.71,-0.03,8.87,-0.0,0.0,0.03,26.4,Mov00
-0.7,-0.03,8.87,-0.0,0.0,0.03,26.4,Mov00
-0.7,-0.03,8.88,-0.0,0.0,0.04,26.4,Mov00
-0.7,-0.03,8.87,-0.0,0.0,0.03,26.41,Mov00
-0.7,-0.03,8.88,-0.0,0.0,0.03,26.41,Mov00
-0.71,-0.03,8.88,-0.0,0.0,0.03,26.41,Mov00
-0.71,-0.03,8.88,-0.0,0.0,0.03,26.41,Mov00
-0.71,-0.03,8.88,-0.0,0.0,0.03,26.4,Mov00
-0.7,-0.03,8.87,-0.0,0.0,0.03,26.4,Mov00
-0.7,-0.04,8.86,-0.0,0.0,0.03,26.4,Mov00
-0.69,-0.03,8.88,-0.0,0.0,0.04,26.4,Mov00
-0.69,-0.04,8.88,-0.0,0.0,0.04,26.4,Mov00
-0.7,-0.04,8.87,-0.0,0.0,0.04,26.4,Mov00
-0.7,-0.04,8.87,-0.0,0.0,0.03,26.39,Mov00
-0.69,-0.04,8.87,-0.0,0.0,0.03,26.39,Mov00
-0.69,-0.04,8.87,-0.0,0.0,0.04,26.39,Mov00
-0.7,-0.03,8.88,-0.0,0.0,0.03,26.39,Mov00
-0.71,-0.02,8.88,-0.0,0.0,0.03,26.39,Mov00
-0.7,-0.03,8.88,-0.0,0.0,0.03,26.39,Mov00
-0.7,-0.03,8.87,-0.0,0.0,0.03,26.39,Mov00
-0.7,-0.02,8.87,-0.0,0.0,0.03,26.4,Mov00
-0.7,-0.02,8.87,-0.0,0.0,0.03,26.4,Mov00
-0.69,-0.03,8.87,-0.0,0.0,0.03,26.4,Mov00
-0.69,-0.03,8.88,-0.0,0.0,0.03,26.41,Mov00
-0.7,-0.03,8.89,-0.0,0.0,0.03,26.41,Mov00
-0.7,-0.03,8.88,-0.0,0.0,0.04,26.41,Mov00
-0.7,-0.03,8.89,-0.0,0.0,0.04,26.4,Mov00
-0.7,-0.04,8.87,-0.0,0.0,0.03,26.4,Mov00
-0.69,-0.03,8.87,-0.0,0.0,0.03,26.4,Mov00
-0.7,-0.03,8.87,-0.0,0.0,0.03,26.4,Mov00
-0.7,-0.03,8.87,-0.0,0.0,0.03,26.39,Mov00
-0.69,-0.03,8.88,-0.0,0.0,0.03,26.39,Mov00
-0.69,-0.04,8.88,-0.0,0.0,0.04,26.39,Mov00
-0.7,-0.04,8.88,-0.0,0.0,0.04,26.39,Mov00
-0.71,-0.03,8.87,-0.0,0.0,0.04,26.39,Mov00
-0.7,-0.03,8.87,-0.0,0.0,0.04,26.39,Mov00
-0.7,-0.02,8.88,-0.0,0.0,0.04,26.4,Mov00
-0.7,-0.02,8.87,-0.0,0.0,0.04,26.4,Mov00
-0.7,-0.02,8.88,-0.0,0.0,0.03,26.4,Mov00
-0.7,-0.02,8.88,-0.0,0.0,0.04,26.39,Mov00
-0.69,-0.03,8.89,-0.0,0.0,0.04,26.39,Mov00
-0.7,-0.03,8.88,-0.0,0.0,0.04,26.39,Mov00
-0.7,-0.02,8.88,-0.0,0.0,0.04,26.39,Mov00
-0.7,-0.03,8.87,-0.0,0.0,0.04,26.39,Mov00
-0.7,-0.03,8.88,-0.0,0.0,0.04,26.39,Mov00
-0.71,-0.03,8.88,-0.0,0.0,0.04,26.39,Mov00
-0.71,-0.02,8.88,-0.0,0.0,0.03,26.39,Mov00
-0.71,-0.02,8.89,-0.0,0.0,0.04,26.39,Mov00
-0.72,-0.03,8.88,-0.0,0.0,0.04,26.39,Mov00
-0.7,-0.03,8.88,-0.0,0.0,0.04,26.39,Mov00
-0.69,-0.03,8.87,-0.0,0.0,0.03,26.39,Mov00
-0.69,-0.03,8.87,-0.0,0.0,0.04,26.39,Mov00
-0.7,-0.03,8.87,-0.0,0.0,0.03,26.39,Mov00
-0.7,-0.02,8.87,-0.0,0.0,0.04,26.39,Mov00
-0.71,-0.02,8.86,-0.0,0.0,0.03,26.4,Mov00
-0.7,-0.03,8.86,-0.0,0.0,0.03,26.39,Mov00
-0.7,-0.03,8.87,-0.0,0.0,0.03,26.39,Mov00
-0.7,-0.03,8.88,-0.0,0.0,0.03,26.39,Mov00
-0.71,-0.03,8.88,-0.0,0.0,0.03,26.39,Mov00
-0.71,-0.02,8.87,-0.0,0.0,0.04,26.39,Mov00
-0.7,-0.02,8.87,-0.0,0.0,0.03,26.39,Mov00
-0.71,-0.03,8.87,-0.0,0.0,0.04,26.39,Mov00
-0.71,-0.03,8.89,-0.0,0.0,0.04,26.4,Mov00
-0.71,-0.03,8.9,-0.0,0.0,0.04,26.4,Mov00
-0.71,-0.03,8.9,-0.0,0.0,0.04,26.39,Mov00
-0.7,-0.04,8.89,-0.0,0.0,0.04,26.4,Mov00
-0.69,-0.04,8.88,-0.0,0.0,0.04,26.39,Mov00
-0.69,-0.04,8.87,-0.0,0.0,0.04,26.4,Mov00
-0.69,-0.03,8.87,-0.0,0.0,0.04,26.4,Mov00
-0.7,-0.03,8.87,-0.0,0.0,0.04,26.4,Mov00
-0.7,-0.02,8.87,-0.0,0.0,0.04,26.39,Mov00
-0.7,-0.03,8.89,-0.0,0.0,0.03,26.39,Mov00
-0.7,-0.03,8.89,-0.0,0.0,0.04,26.39,Mov00
-0.7,-0.03,8.89,-0.0,0.0,0.04,26.39,Mov00
-0.7,-0.03,8.88,-0.0,0.0,0.04,26.4,Mov00
-0.71,-0.04,8.87,-0.0,0.0,0.04,26.4,Mov00
-0.7,-0.03,8.88,-0.0,0.0,0.04,26.4,Mov00
-0.71,-0.03,8.88,-0.0,0.0,0.04,26.4,Mov00
-0.7,-0.04,8.87,-0.0,0.0,0.04,26.39,Mov00
-0.71,-0.04,8.87,-0.0,0.0,0.04,26.39,Mov00
-0.71,-0.03,8.87,-0.0,0.0,0.04,26.39,Mov00
-0.71,-0.02,8.87,-0.0,0.0,0.04,26.39,Mov00
-0.71,-0.02,8.87,-0.0,0.0,0.04,26.39,Mov00
-0.71,-0.03,8.87,-0.0,0.0,0.04,26.39,Mov00
-0.7,-0.03,8.88,-0.0,0.0,0.04,26.38,Mov00
-0.7,-0.03,8.88,-0.0,0.0,0.04,26.39,Mov00
-0.7,-0.03,8.89,-0.0,0.0,0.04,26.39,Mov00
-0.7,-0.04,8.89,-0.0,0.0,0.04,26.39,Mov00
-0.7,-0.03,8.88,-0.0,0.0,0.03,26.39,Mov00
-0.71,-0.03,8.89,-0.0,0.0,0.04,26.39,Mov00
-0.71,-0.02,8.88,-0.0,0.0,0.04,26.39,Mov00
-0.71,-0.02,8.88,-0.0,0.0,0.04,26.39,Mov00
-0.71,-0.03,8.89,-0.0,0.0,0.04,26.39,Mov00
-0.7,-0.02,8.88,-0.0,0.0,0.04,26.4,Mov00
-0.71,-0.02,8.89,-0.0,0.0,0.04,26.4,Mov00
-0.7,-0.03,8.87,-0.0,0.0,0.04,26.4,Mov00
-0.71,-0.03,8.87,-0.0,0.0,0.03,26.39,Mov00
-0.7,-0.03,8.87,-0.0,0.0,0.03,26.4,Mov00
-0.7,-0.03,8.87,-0.0,0.0,0.04,26.4,Mov00
-0.69,-0.03,8.88,-0.0,0.0,0.03,26.39,Mov00
-0.69,-0.03,8.88,-0.0,0.0,0.03,26.39,Mov00
-0.69,-0.03,8.88,-0.0,0.0,0.03,26.39,Mov00
-0.69,-0.03,8.87,-0.0,0.0,0.03,26.39,Mov00
-0.69,-0.02,8.86,-0.0,0.0,0.03,26.4,Mov00
-0.69,-0.02,8.87,-0.0,0.0,0.03,26.4,Mov00
-0.69,-0.02,8.87,-0.0,0.0,0.04,26.4,Mov00
-0.7,-0.03,8.86,-0.0,0.0,0.04,26.4,Mov00
-0.69,-0.03,8.87,-0.0,0.0,0.03,26.39,Mov00
-0.7,-0.03,8.87,-0.0,0.0,0.04,26.39,Mov00
-0.7,-0.03,8.87,-0.0,0.0,0.04,26.39,Mov00
-0.7,-0.03,8.87,-0.0,0.0,0.04,26.4,Mov00
-0.7,-0.03,8.86,-0.0,0.0,0.04,26.4,Mov00
-0.7,-0.03,8.86,-0.0,0.0,0.04,26.41,Mov00
-0.7,-0.02,8.87,-0.0,0.0,0.04,26.4,Mov00
-0.69,-0.03,8.87,-0.0,0.0,0.04,26.4,Mov00
-0.69,-0.03,8.87,-0.0,0.0,0.04,26.4,Mov00
-0.7,-0.03,8.87,-0.0,0.0,0.04,26.39,Mov00
-0.7,-0.04,8.88,-0.0,0.0,0.04,26.39,Mov00
-0.7,-0.04,8.88,-0.0,0.0,0.04,26.39,Mov00
-0.7,-0.03,8.88,-0.0,0.0,0.04,26.39,Mov00
-0.7,-0.02,8.86,-0.0,0.0,0.03,26.38,Mov00
-0.7,-0.02,8.87,-0.0,0.0,0.04,26.38,Mov00
-0.69,-0.02,8.88,-0.0,0.0,0.04,26.39,Mov00
-0.69,-0.02,8.87,-0.0,0.0,0.04,26.39,Mov00
-0.7,-0.02,8.87,-0.0,0.0,0.03,26.39,Mov00
-0.7,-0.03,8.88,-0.0,0.0,0.03,26.39,Mov00
-0.71,-0.04,8.88,-0.0,0.0,0.04,26.39,Mov00
-0.71,-0.03,8.87,-0.0,0.0,0.04,26.4,Mov00
-0.7,-0.03,8.88,-0.0,0.0,0.04,26.4,Mov00
-0.71,-0.03,8.88,-0.0,0.0,0.04,26.4,Mov00
-0.71,-0.03,8.88,-0.0,0.0,0.04,26.4,Mov00
-0.7,-0.03,8.88,-0.0,0.0,0.04,26.4,Mov00
-0.7,-0.03,8.87,-0.0,0.0,0.04,26.4,Mov00
-0.7,-0.03,8.88,-0.0,0.0,0.04,26.4,Mov00
-0.7,-0.03,8.88,-0.0,0.0,0.04,26.4,Mov00
-0.7,-0.04,8.88,-0.0,0.0,0.04,26.41,Mov00
-0.7,-0.04,8.88,-0.0,0.0,0.04,26.41,Mov00
-0.69,-0.04,8.88,-0.0,0.0,0.04,26.4,Mov00
-0.69,-0.03,8.87,-0.0,0.0,0.04,26.39,Mov00
-0.7,-0.04,8.86,-0.0,0.0,0.03,26.39,Mov00
-0.7,-0.04,8.86,-0.0,0.0,0.04,26.39,Mov00
-0.7,-0.03,8.87,-0.0,0.0,0.04,26.39,Mov00
-0.71,-0.02,8.86,-0.0,0.0,0.04,26.39,Mov00
-0.71,-0.02,8.87,-0.0,0.0,0.04,26.39,Mov00
-0.71,-0.02,8.88,-0.0,0.0,0.04,26.39,Mov00
-0.71,-0.02,8.87,-0.0,0.0,0.04,26.4,Mov00
-0.71,-0.02,8.87,-0.0,0.0,0.03,26.4,Mov00
-0.71,-0.02,8.88,-0.0,0.0,0.03,26.4,Mov00
-0.71,-0.02,8.88,-0.0,0.0,0.03,26.4,Mov00
-0.71,-0.03,8.87,-0.0,0.0,0.04,26.4,Mov00
-0.71,-0.03,8.87,-0.0,0.0,0.04,26.4,Mov00
-0.7,-0.02,8.89,-0.0,0.0,0.04,26.39,Mov00
-0.7,-0.02,8.88,-0.0,0.0,0.04,26.39,Mov00
-0.71,-0.02,8.87,-0.0,0.0,0.04,26.39,Mov00
-0.7,-0.02,8.87,-0.0,0.0,0.04,26.39,Mov00
-0.71,-0.03,8.87,-0.0,0.0,0.04,26.4,Mov00
-0.7,-0.03,8.88,-0.0,0.0,0.04,26.4,Mov00
-0.7,-0.03,8.88,-0.0,0.0,0.04,26.4,Mov00
-0.69,-0.03,8.88,-0.0,0.0,0.04,26.4,Mov00
-0.7,-0.02,8.88,-0.0,0.0,0.04,26.4,Mov00
-0.7,-0.02,8.87,-0.0,0.0,0.04,26.4,Mov00
-0.7,-0.03,8.86,-0.0,0.0,0.04,26.4,Mov00
-0.7,-0.03,8.87,-0.0,0.0,0.04,26.41,Mov00
-0.69,-0.03,8.87,-0.0,0.0,0.04,26.41,Mov00
-0.69,-0.03,8.87,-0.0,0.0,0.04,26.41,Mov00
-0.69,-0.03,8.87,-0.0,0.0,0.04,26.41,Mov00
-0.7,-0.03,8.88,-0.0,0.0,0.03,26.41,Mov00
-0.7,-0.04,8.87,-0.0,0.0,0.03,26.41,Mov00
-0.7,-0.03,8.87,-0.0,0.0,0.04,26.41,Mov00
-0.7,-0.03,8.87,-0.0,0.0,0.04,26.4,Mov00
-0.71,-0.03,8.88,-0.0,0.0,0.04,26.4,Mov00
-0.7,-0.03,8.88,-0.0,0.0,0.04,26.4,Mov00
-0.69,-0.02,8.88,-0.0,0.0,0.04,26.4,Mov00
-0.69,-0.01,8.87,-0.0,0.0,0.04,26.4,Mov00
-0.7,-0.02,8.87,-0.0,0.0,0.04,26.4,Mov00
-0.7,-0.02,8.87,-0.0,0.0,0.03,26.41,Mov00
-0.69,-0.03,8.88,-0.0,0.0,0.04,26.4,Mov00
-0.69,-0.03,8.88,-0.0,0.0,0.04,26.4,Mov00
-0.7,-0.02,8.87,-0.0,0.0,0.03,26.41,Mov00
-0.7,-0.02,8.86,-0.0,0.0,0.04,26.41,Mov00
-0.7,-0.03,8.87,-0.0,0.0,0.04,26.4,Mov00
-0.7,-0.02,8.87,-0.0,0.0,0.04,26.39,Mov00
-0.7,-0.02,8.86,-0.0,0.0,0.04,26.4,Mov00
-0.7,-0.03,8.87,-0.0,0.0,0.04,26.41,Mov00
-0.7,-0.03,8.87,-0.0,0.0,0.04,26.4,Mov00
-0.7,-0.03,8.87,-0.0,0.0,0.04,26.4,Mov00
-0.7,-0.04,8.87,-0.0,0.0,0.04,26.4,Mov00
-0.7,-0.03,8.87,-0.0,0.0,0.04,26.4,Mov00
-0.7,-0.04,8.87,-0.0,0.0,0.04,26.41,Mov00
-0.71,-0.04,8.86,-0.0,0.0,0.04,26.4,Mov00
-0.7,-0.03,8.87,-0.0,0.0,0.04,26.41,Mov00
-0.7,-0.03,8.87,-0.0,0.0,0.03,26.42,Mov00
-0.7,-0.02,8.87,-0.0,0.0,0.03,26.41,Mov00
-0.7,-0.02,8.86,-0.0,0.0,0.04,26.4,Mov00
-0.7,-0.02,8.87,-0.0,0.0,0.04,26.4,Mov00
-0.7,-0.02,8.86,-0.0,0.0,0.04,26.39,Mov00
-0.69,-0.02,8.87,-0.0,0.0,0.04,26.39,Mov00
-0.7,-0.03,8.87,-0.0,0.0,0.04,26.39,Mov00
-0.7,-0.03,8.87,-0.0,0.0,0.03,26.4,Mov00
-0.7,-0.03,8.87,-0.0,0.0,0.03,26.4,Mov00
-0.7,-0.03,8.88,-0.0,0.0,0.03,26.4,Mov00
-0.7,-0.03,8.87,-0.0,0.0,0.03,26.4,Mov00
-0.71,-0.03,8.89,-0.0,0.0,0.03,26.41,Mov00
-0.71,-0.03,8.88,-0.0,0.0,0.03,26.4,Mov00
-0.7,-0.04,8.88,-0.0,0.0,0.04,26.4,Mov00
-0.7,-0.03,8.87,-0.0,0.0,0.04,26.4,Mov00
-0.7,-0.03,8.86,-0.0,0.0,0.04,26.39,Mov00
-0.7,-0.03,8.86,-0.0,0.0,0.04,26.39,Mov00
-0.7,-0.03,8.86,-0.0,0.0,0.03,26.4,Mov00
-0.7,-0.03,8.87,-0.0,0.0,0.03,26.4,Mov00
-0.7,-0.02,8.86,-0.0,0.0,0.03,26.4,Mov00
-0.7,-0.02,8.86,-0.0,0.0,0.03,26.4,Mov00
-0.7,-0.03,8.86,-0.0,0.0,0.03,26.4,Mov00
-0.7,-0.02,8.87,-0.0,0.0,0.03,26.4,Mov00
-0.71,-0.02,8.87,-0.0,0.0,0.03,26.4,Mov00
-0.7,-0.03,8.87,-0.0,0.0,0.03,26.4,Mov00
-0.69,-0.03,8.86,-0.0,0.0,0.04,26.4,Mov00
-0.69,-0.03,8.87,-0.0,0.0,0.04,26.4,Mov00
-0.69,-0.03,8.87,-0.0,0.0,0.04,26.39,Mov00
-0.69,-0.03,8.86,-0.0,0.0,0.04,26.4,Mov00
-0.69,-0.03,8.87,-0.0,0.0,0.04,26.4,Mov00
-0.7,-0.03,8.86,-0.0,0.0,0.04,26.41,Mov00
-0.69,-0.02,8.85,-0.0,0.0,0.03,26.41,Mov00
-0.7,-0.02,8.86,-0.0,0.0,0.03,26.41,Mov00
-0.7,-0.02,8.87,-0.0,0.0,0.03,26.4,Mov00
-0.7,-0.02,8.88,-0.0,0.0,0.04,26.4,Mov00
-0.7,-0.03,8.88,-0.0,0.0,0.04,26.41,Mov00
-0.7,-0.03,8.88,-0.0,0.0,0.04,26.41,Mov00
-0.7,-0.03,8.88,-0.0,0.0,0.04,26.41,Mov00
-0.7,-0.03,8.88,-0.0,0.0,0.04,26.4,Mov00
-0.71,-0.03,8.88,-0.0,0.0,0.04,26.39,Mov00
-0.7,-0.03,8.87,-0.0,0.0,0.04,26.39,Mov00
-0.71,-0.03,8.88,-0.0,0.0,0.04,26.39,Mov00
-0.71,-0.02,8.88,-0.0,0.0,0.04,26.39,Mov00
-0.7,-0.02,8.88,-0.0,0.0,0.04,26.39,Mov00
-0.7,-0.02,8.89,-0.0,0.0,0.04,26.39,Mov00
-0.7,-0.02,8.88,-0.0,0.0,0.04,26.39,Mov00
-0.7,-0.02,8.89,-0.0,0.0,0.03,26.39,Mov00
-0.71,-0.03,8.88,-0.0,0.0,0.03,26.4,Mov00
-0.71,-0.02,8.87,-0.0,0.0,0.03,26.39,Mov00
-0.7,-0.02,8.87,-0.0,0.0,0.03,26.4,Mov00
-0.7,-0.02,8.87,-0.0,0.0,0.03,26.4,Mov00
-0.71,-0.03,8.88,-0.0,0.0,0.04,26.4,Mov00
-0.71,-0.02,8.88,-0.0,0.0,0.03,26.39,Mov00
-0.71,-0.02,8.88,-0.0,0.0,0.03,26.39,Mov00
-0.71,-0.02,8.87,-0.0,0.0,0.03,26.39,Mov00
-0.71,-0.02,8.88,-0.0,0.0,0.03,26.4,Mov00
-0.71,-0.03,8.87,-0.0,0.0,0.03,26.39,Mov00
-0.71,-0.03,8.87,-0.0,0.0,0.03,26.39,Mov00
-0.71,-0.03,8.87,-0.0,0.0,0.04,26.4,Mov00
-0.7,-0.03,8.87,-0.0,0.0,0.04,26.4,Mov00
-0.69,-0.03,8.87,-0.0,0.0,0.04,26.4,Mov00
-0.7,-0.03,8.87,-0.0,0.0,0.04,26.39,Mov00
-0.7,-0.03,8.86,-0.0,0.0,0.04,26.39,Mov00
-0.71,-0.03,8.87,-0.0,0.0,0.04,26.39,Mov00
-0.7,-0.04,8.88,-0.0,0.0,0.03,26.39,Mov00
-0.69,-0.04,8.88,-0.0,0.0,0.03,26.39,Mov00
-0.69,-0.03,8.88,-0.0,0.0,0.04,26.4,Mov00
-0.69,-0.03,8.88,-0.0,0.0,0.04,26.4,Mov00
-0.7,-0.02,8.88,-0.0,0.0,0.04,26.4,Mov00
-0.7,-0.02,8.87,-0.0,0.0,0.04,26.4,Mov00
-0.71,-0.02,8.87,-0.0,0.0,0.04,26.39,Mov00
-0.71,-0.02,8.87,-0.0,0.0,0.04,26.4,Mov00
-0.71,-0.03,8.86,-0.0,0.0,0.04,26.4,Mov00
-0.71,-0.03,8.88,-0.0,0.0,0.03,26.4,Mov00
-0.71,-0.03,8.89,-0.0,0.0,0.03,26.41,Mov00
-0.71,-0.03,8.89,-0.0,0.0,0.03,26.4,Mov00
-0.71,-0.03,8.88,-0.0,0.0,0.03,26.4,Mov00
-0.71,-0.03,8.89,-0.0,0.0,0.03,26.39,Mov00
-0.7,-0.03,8.89,-0.0,0.0,0.03,26.4,Mov00
-0.7,-0.03,8.89,-0.0,0.0,0.03,26.39,Mov00
-0.7,-0.03,8.89,-0.0,0.0,0.03,26.4,Mov00
-0.7,-0.03,8.87,-0.0,0.0,0.04,26.41,Mov00
-0.7,-0.04,8.86,-0.0,0.0,0.04,26.4,Mov00
-0.7,-0.04,8.87,-0.0,0.0,0.03,26.4,Mov00
-0.7,-0.03,8.89,-0.0,0.0,0.03,26.4,Mov00
-0.7,-0.03,8.89,-0.0,0.0,0.03,26.4,Mov00
-0.69,-0.03,8.89,-0.0,0.0,0.04,26.4,Mov00
-0.7,-0.04,8.9,-0.0,0.0,0.03,26.4,Mov00
-0.7,-0.04,8.88,-0.0,0.0,0.04,26.4,Mov00
-0.7,-0.03,8.87,-0.0,0.0,0.04,26.4,Mov00
-0.71,-0.03,8.88,-0.0,0.0,0.04,26.4,Mov00
-0.71,-0.03,8.87,-0.0,0.0,0.04,26.4,Mov00
-0.7,-0.03,8.87,-0.0,0.0,0.04,26.4,Mov00
-0.7,-0.02,8.88,-0.0,0.0,0.04,26.4,Mov00
-0.7,-0.02,8.88,-0.0,0.0,0.03,26.4,Mov00
-0.7,-0.02,8.88,-0.0,0.0,0.04,26.4,Mov00
-0.7,-0.03,8.88,-0.0,0.0,0.03,26.4,Mov00
-0.7,-0.03,8.88,-0.0,0.0,0.03,26.4,Mov00
-0.7,-0.03,8.88,-0.0,0.0,0.03,26.4,Mov00
-0.71,-0.03,8.88,-0.0,0.0,0.03,26.41,Mov00
-0.71,-0.02,8.87,-0.0,0.0,0.03,26.4,Mov00
-0.71,-0.02,8.87,-0.0,0.0,0.03,26.4,Mov00
-0.7,-0.01,8.87,-0.0,0.0,0.04,26.39,Mov00
-0.7,-0.01,8.87,-0.0,0.0,0.04,26.4,Mov00
-0.7,-0.02,8.87,-0.0,0.0,0.03,26.4,Mov00
-0.7,-0.02,8.86,-0.0,0.0,0.03,26.4,Mov00
-0.7,-0.03,8.87,-0.0,0.0,0.04,26.4,Mov00
-0.71,-0.03,8.87,-0.0,0.0,0.04,26.4,Mov00
-0.71,-0.03,8.87,-0.0,0.0,0.04,26.4,Mov00
-0.7,-0.04,8.86,-0.0,0.0,0.04,26.39,Mov00
-0.7,-0.03,8.86,-0.0,0.0,0.04,26.4,Mov00
-0.7,-0.03,8.85,-0.0,0.0,0.04,26.4,Mov00
-0.69,-0.03,8.86,-0.0,0.0,0.04,26.4,Mov00
-0.69,-0.03,8.88,-0.0,0.0,0.04,26.4,Mov00
-0.7,-0.03,8.87,-0.0,0.0,0.04,26.4,Mov00
-0.7,-0.03,8.87,-0.0,0.0,0.04,26.4,Mov00
-0.7,-0.03,8.88,-0.0,0.0,0.04,26.39,Mov00
-0.7,-0.03,8.89,-0.0,0.0,0.04,26.39,Mov00
-0.7,-0.03,8.88,-0.0,0.0,0.04,26.39,Mov00
-0.7,-0.03,8.86,-0.0,0.0,0.03,26.4,Mov00
-0.71,-0.03,8.87,-0.0,0.0,0.04,26.4,Mov00
-0.7,-0.03,8.87,-0.0,0.0,0.03,26.4,Mov00
-0.71,-0.03,8.87,-0.0,0.0,0.03,26.41,Mov00
-0.7,-0.03,8.88,-0.0,0.0,0.03,26.4,Mov00
-0.7,-0.03,8.88,-0.0,0.0,0.03,26.4,Mov00
-0.7,-0.03,8.88,-0.0,0.0,0.03,26.4,Mov00
-0.7,-0.02,8.89,-0.0,0.0,0.03,26.41,Mov00
-0.7,-0.03,8.89,-0.0,0.0,0.04,26.41,Mov00
-0.7,-0.03,8.88,-0.0,0.0,0.04,26.4,Mov00
-0.7,-0.03,8.88,-0.0,0.0,0.04,26.4,Mov00
-0.69,-0.03,8.89,-0.0,0.0,0.04,26.4,Mov00
-0.69,-0.03,8.89,-0.0,0.0,0.04,26.39,Mov00
-0.7,-0.03,8.9,-0.0,0.0,0.04,26.4,Mov00
-0.7,-0.03,8.87,-0.0,0.0,0.03,26.4,Mov00
-0.7,-0.03,8.88,-0.0,0.0,0.04,26.4,Mov00
-0.69,-0.03,8.87,-0.0,0.0,0.04,26.4,Mov00
-0.7,-0.03,8.88,-0.0,0.0,0.04,26.4,Mov00
-0.7,-0.03,8.88,-0.0,0.0,0.03,26.4,Mov00
-0.71,-0.03,8.89,-0.0,0.0,0.03,26.4,Mov00
-0.71,-0.03,8.88,-0.0,0.0,0.04,26.4,Mov00
-0.7,-0.02,8.87,-0.0,0.0,0.03,26.4,Mov00
-0.7,-0.03,8.87,-0.0,0.0,0.03,26.4,Mov00
-0.69,-0.03,8.88,-0.0,0.0,0.04,26.4,Mov00
-0.7,-0.03,8.87,-0.0,0.0,0.04,26.4,Mov00
-0.7,-0.03,8.88,-0.0,0.0,0.04,26.39,Mov00
-0.7,-0.03,8.88,-0.0,0.0,0.04,26.4,Mov00
-0.7,-0.03,8.89,-0.0,0.0,0.04,26.39,Mov00
-0.7,-0.03,8.87,-0.0,0.0,0.04,26.41,Mov00
-0.7,-0.03,8.88,-0.0,0.0,0.03,26.4,Mov00
-0.7,-0.03,8.88,-0.0,0.0,0.04,26.4,Mov00
-0.7,-0.03,8.88,-0.0,0.0,0.04,26.4,Mov00
-0.7,-0.03,8.88,-0.0,0.0,0.04,26.4,Mov00
-0.7,-0.03,8.88,-0.0,0.0,0.04,26.4,Mov00
-0.7,-0.03,8.88,-0.0,0.0,0.04,26.4,Mov00
-0.7,-0.03,8.87,-0.0,0.0,0.04,26.4,Mov00
-0.69,-0.03,8.88,-0.0,0.0,0.04,26.4,Mov00
-0.7,-0.03,8.88,-0.0,0.0,0.04,26.4,Mov00
-0.69,-0.02,8.89,-0.0,0.0,0.04,26.4,Mov00
-0.7,-0.02,8.88,-0.0,0.0,0.04,26.4,Mov00
-0.71,-0.03,8.87,-0.0,0.0,0.04,26.4,Mov00
-0.7,-0.03,8.86,-0.0,0.0,0.03,26.4,Mov00
-0.7,-0.03,8.86,-0.0,0.0,0.04,26.41,Mov00
-0.7,-0.03,8.86,-0.0,0.0,0.04,26.4,Mov00
-0.7,-0.03,8.86,-0.0,0.0,0.04,26.41,Mov00
-0.7,-0.03,8.87,-0.0,0.0,0.04,26.41,Mov00
-0.69,-0.03,8.86,-0.0,0.0,0.04,26.41,Mov00
-0.7,-0.03,8.87,-0.0,0.0,0.04,26.41,Mov00
-0.7,-0.02,8.88,-0.0,0.0,0.03,26.4,Mov00
-0.7,-0.03,8.89,-0.0,0.0,0.03,26.4,Mov00
-0.7,-0.03,8.89,-0.0,0.0,0.03,26.4,Mov00
-0.71,-0.03,8.88,-0.0,0.0,0.03,26.39,Mov00
-0.71,-0.03,8.89,-0.0,0.0,0.03,26.39,Mov00
-0.7,-0.03,8.88,-0.0,0.0,0.03,26.4,Mov00
-0.7,-0.03,8.88,-0.0,0.0,0.03,26.4,Mov00
-0.7,-0.03,8.89,-0.0,0.0,0.03,26.4,Mov00
-0.69,-0.03,8.89,-0.0,0.0,0.03,26.4,Mov00
-0.69,-0.04,8.89,-0.0,0.0,0.03,26.39,Mov00
-0.7,-0.03,8.87,-0.0,0.0,0.04,26.4,Mov00
-0.71,-0.03,8.88,-0.0,0.0,0.04,26.39,Mov00
-0.71,-0.03,8.88,-0.0,0.0,0.03,26.4,Mov00
-0.71,-0.03,8.88,-0.0,0.0,0.03,26.4,Mov00
-0.7,-0.03,8.88,-0.0,0.0,0.04,26.39,Mov00
-0.7,-0.03,8.89,-0.0,0.0,0.04,26.39,Mov00
-0.7,-0.03,8.89,-0.0,0.0,0.04,26.39,Mov00
-0.71,-0.03,8.87,-0.0,0.0,0.04,26.4,Mov00
-0.71,-0.03,8.87,-0.0,0.0,0.04,26.4,Mov00
-0.71,-0.03,8.88,-0.0,0.0,0.04,26.39,Mov00
-0.7,-0.03,8.88,-0.0,0.0,0.03,26.39,Mov00
-0.71,-0.03,8.88,-0.0,0.0,0.04,26.4,Mov00
-0.71,-0.02,8.87,-0.0,0.0,0.04,26.4,Mov00
-0.7,-0.03,8.87,-0.0,0.0,0.03,26.4,Mov00
-0.71,-0.03,8.87,-0.0,0.0,0.03,26.4,Mov00
-0.7,-0.04,8.86,-0.0,0.0,0.03,26.4,Mov00
-0.71,-0.04,8.88,-0.0,0.0,0.04,26.39,Mov00
-0.7,-0.03,8.87,-0.0,0.0,0.04,26.4,Mov00
-0.7,-0.03,8.87,-0.0,0.0,0.04,26.4,Mov00
-0.69,-0.03,8.87,-0.0,0.0,0.04,26.4,Mov00
-0.7,-0.03,8.87,-0.0,0.0,0.04,26.4,Mov00
-0.7,-0.03,8.88,-0.0,0.0,0.04,26.39,Mov00
-0.7,-0.03,8.87,-0.0,0.0,0.04,26.4,Mov00
-0.7,-0.03,8.87,-0.0,0.0,0.04,26.4,Mov00
-0.69,-0.03,8.87,-0.0,0.0,0.04,26.4,Mov00
-0.69,-0.02,8.87,-0.0,0.0,0.04,26.4,Mov00
-0.69,-0.03,8.87,-0.0,0.0,0.03,26.39,Mov00
-0.7,-0.03,8.87,-0.0,0.0,0.03,26.4,Mov00
-0.7,-0.04,8.87,-0.0,0.0,0.04,26.4,Mov00
-0.71,-0.03,8.86,-0.0,0.0,0.04,26.4,Mov00
-0.71,-0.03,8.87,-0.0,0.0,0.04,26.4,Mov00
-0.7,-0.03,8.88,-0.0,0.0,0.04,26.4,Mov00
-0.7,-0.03,8.88,-0.0,0.0,0.03,26.4,Mov00
-0.69,-0.03,8.88,-0.0,0.0,0.04,26.4,Mov00
-0.69,-0.03,8.87,-0.0,0.0,0.03,26.39,Mov00
-0.69,-0.03,8.88,-0.0,0.0,0.03,26.39,Mov00
-0.69,-0.03,8.88,-0.0,0.0,0.04,26.39,Mov00
-0.7,-0.04,8.88,-0.0,0.0,0.04,26.39,Mov00
-0.71,-0.03,8.88,-0.0,0.0,0.04,26.39,Mov00
-0.71,-0.03,8.88,-0.0,0.0,0.04,26.39,Mov00
-0.69,-0.03,8.89,-0.0,0.0,0.03,26.39,Mov00
-0.7,-0.03,8.88,-0.0,0.0,0.03,26.39,Mov00
-0.69,-0.03,8.88,-0.0,0.0,0.04,26.39,Mov00
-0.69,-0.03,8.87,-0.0,0.0,0.03,26.4,Mov00
-0.69,-0.02,8.86,-0.0,0.0,0.03,26.39,Mov00
-0.69,-0.01,8.87,-0.0,0.0,0.04,26.4,Mov00
-0.68,-0.02,8.87,-0.0,0.0,0.04,26.4,Mov00
-0.69,-0.02,8.87,-0.0,0.0,0.03,26.4,Mov00
-0.7,-0.02,8.87,-0.0,0.0,0.03,26.39,Mov00
-0.69,-0.02,8.87,-0.0,0.0,0.03,26.4,Mov00
-0.69,-0.03,8.87,-0.0,0.0,0.03,26.39,Mov00
-0.7,-0.03,8.87,-0.0,0.0,0.03,26.39,Mov00
-0.71,-0.03,8.87,-0.0,0.0,0.03,26.39,Mov00
-0.7,-0.03,8.87,-0.0,0.0,0.03,26.39,Mov00
-0.69,-0.03,8.86,-0.0,0.0,0.03,26.39,Mov00
-0.7,-0.03,8.87,-0.0,0.0,0.04,26.39,Mov00
-0.7,-0.02,8.87,-0.0,0.0,0.04,26.39,Mov00
-0.7,-0.03,8.88,-0.0,0.0,0.04,26.39,Mov00
-0.69,-0.02,8.89,-0.0,0.0,0.04,26.39,Mov00
-0.69,-0.02,8.88,-0.0,0.0,0.04,26.39,Mov00
-0.7,-0.03,8.89,-0.0,0.0,0.04,26.39,Mov00
-0.71,-0.03,8.88,-0.0,0.0,0.04,26.39,Mov00
-0.7,-0.03,8.88,-0.0,0.0,0.04,26.39,Mov00
-0.71,-0.03,8.88,-0.0,0.0,0.04,26.39,Mov00
-0.7,-0.03,8.88,-0.0,0.0,0.04,26.39,Mov00
-0.71,-0.03,8.88,-0.0,0.0,0.04,26.39,Mov00
-0.7,-0.03,8.88,-0.0,0.0,0.03,26.39,Mov00
-0.7,-0.03,8.89,-0.0,0.0,0.04,26.4,Mov00
-0.7,-0.04,8.89,-0.0,0.0,0.04,26.4,Mov00
-0.7,-0.03,8.89,-0.0,0.0,0.03,26.39,Mov00
-0.69,-0.03,8.89,-0.0,0.0,0.03,26.4,Mov00
-0.69,-0.03,8.88,-0.0,0.0,0.03,26.4,Mov00
-0.69,-0.02,8.87,-0.0,0.0,0.03,26.39,Mov00
-0.7,-0.03,8.87,-0.0,0.0,0.03,26.4,Mov00
-0.7,-0.02,8.88,-0.0,0.0,0.03,26.4,Mov00
-0.69,-0.02,8.88,-0.0,0.0,0.03,26.4,Mov00
-0.7,-0.02,8.88,-0.0,0.0,0.03,26.4,Mov00
-0.71,-0.02,8.88,-0.0,0.0,0.03,26.41,Mov00
-0.71,-0.03,8.86,-0.0,0.0,0.03,26.41,Mov00
-0.71,-0.03,8.87,-0.0,0.0,0.03,26.41,Mov00
-0.7,-0.03,8.89,-0.0,0.0,0.04,26.41,Mov00
-0.7,-0.03,8.89,-0.0,0.0,0.04,26.39,Mov00
-0.7,-0.03,8.89,-0.0,0.0,0.04,26.39,Mov00
-0.7,-0.03,8.88,-0.0,0.0,0.04,26.4,Mov00
-0.7,-0.03,8.88,-0.0,0.0,0.04,26.4,Mov00
-0.7,-0.03,8.88,-0.0,0.0,0.04,26.4,Mov00
-0.7,-0.03,8.88,-0.0,0.0,0.04,26.41,Mov00
-0.7,-0.03,8.88,-0.0,0.0,0.04,26.4,Mov00
-0.69,-0.03,8.88,-0.0,0.0,0.04,26.4,Mov00
-0.69,-0.03,8.87,-0.0,0.0,0.04,26.4,Mov00
-0.69,-0.03,8.86,-0.0,0.0,0.04,26.39,Mov00
-0.69,-0.03,8.87,-0.0,0.0,0.04,26.4,Mov00
-0.69,-0.03,8.87,-0.0,0.0,0.04,26.39,Mov00
-0.7,-0.02,8.88,-0.0,0.0,0.04,26.39,Mov00
-0.71,-0.03,8.88,-0.0,0.0,0.04,26.39,Mov00
-0.7,-0.03,8.89,-0.0,0.0,0.04,26.4,Mov00
-0.71,-0.03,8.88,-0.0,0.0,0.04,26.4,Mov00
-0.71,-0.04,8.87,-0.0,0.0,0.04,26.4,Mov00
-0.71,-0.03,8.87,-0.0,0.0,0.04,26.4,Mov00
-0.7,-0.03,8.86,-0.0,0.0,0.04,26.4,Mov00
-0.7,-0.03,8.86,-0.0,0.0,0.04,26.4,Mov00
-0.7,-0.03,8.86,-0.0,0.0,0.04,26.39,Mov00
-0.7,-0.03,8.86,-0.0,0.0,0.04,26.39,Mov00
-0.7,-0.03,8.86,-0.0,0.0,0.04,26.39,Mov00
-0.71,-0.03,8.87,-0.0,0.0,0.03,26.39,Mov00
-0.69,-0.03,8.88,-0.0,0.0,0.04,26.4,Mov00
-0.7,-0.03,8.88,-0.0,0.0,0.04,26.4,Mov00
-0.7,-0.03,8.88,-0.0,0.0,0.04,26.4,Mov00
-0.7,-0.03,8.88,-0.0,0.0,0.04,26.39,Mov00
-0.7,-0.03,8.89,-0.0,0.0,0.04,26.39,Mov00
-0.7,-0.03,8.89,-0.0,0.0,0.04,26.39,Mov00
-0.7,-0.02,8.88,-0.0,0.0,0.04,26.39,Mov00
-0.7,-0.02,8.88,-0.0,0.0,0.04,26.39,Mov00
-0.7,-0.03,8.88,-0.0,0.0,0.04,26.39,Mov00
-0.69,-0.03,8.88,-0.0,0.0,0.04,26.39,Mov00
-0.69,-0.03,8.88,-0.0,0.0,0.04,26.39,Mov00
-0.69,-0.03,8.87,-0.0,0.0,0.04,26.39,Mov00
-0.69,-0.03,8.87,-0.0,0.0,0.04,26.39,Mov00
-0.69,-0.03,8.87,-0.0,0.0,0.04,26.39,Mov00
-0.69,-0.03,8.87,-0.0,0.0,0.04,26.39,Mov00
-0.7,-0.04,8.87,-0.0,0.0,0.04,26.39,Mov00
-0.7,-0.03,8.88,-0.0,0.0,0.04,26.39,Mov00
-0.7,-0.03,8.88,-0.0,0.0,0.04,26.39,Mov00
-0.7,-0.04,8.88,-0.0,0.0,0.04,26.39,Mov00
-0.7,-0.04,8.88,-0.0,0.0,0.04,26.39,Mov00
-0.7,-0.04,8.89,-0.0,0.0,0.04,26.39,Mov00
-0.7,-0.04,8.89,-0.0,0.0,0.04,26.38,Mov00
-0.7,-0.04,8.88,-0.0,0.0,0.04,26.38,Mov00
-0.7,-0.03,8.88,-0.0,0.0,0.04,26.39,Mov00
-0.71,-0.03,8.88,-0.0,0.0,0.03,26.39,Mov00
-0.7,-0.03,8.86,-0.0,0.0,0.03,26.39,Mov00
-0.71,-0.03,8.87,-0.0,0.0,0.03,26.39,Mov00
-0.71,-0.03,8.87,-0.0,0.0,0.03,26.39,Mov00
-0.71,-0.03,8.87,-0.0,0.0,0.04,26.4,Mov00
-0.7,-0.03,8.87,-0.0,0.0,0.04,26.4,Mov00
-0.7,-0.02,8.87,-0.0,0.0,0.04,26.39,Mov00
-0.7,-0.02,8.88,-0.0,0.0,0.04,26.39,Mov00
-0.7,-0.03,8.88,-0.0,0.0,0.04,26.39,Mov00
-0.69,-0.02,8.88,-0.0,0.0,0.04,26.39,Mov00
-0.7,-0.03,8.86,-0.0,0.0,0.04,26.4,Mov00
-0.7,-0.03,8.88,-0.0,0.0,0.04,26.4,Mov00
-0.7,-0.03,8.88,-0.0,0.0,0.04,26.4,Mov00
-0.7,-0.03,8.87,-0.0,0.0,0.03,26.39,Mov00
-0.71,-0.02,8.87,-0.0,0.0,0.03,26.39,Mov00
-0.7,-0.02,8.87,-0.0,0.0,0.04,26.39,Mov00
-0.7,-0.02,8.87,-0.0,0.0,0.04,26.39,Mov00
-0.7,-0.02,8.87,-0.0,0.0,0.04,26.4,Mov00
-0.7,-0.02,8.88,-0.0,0.0,0.04,26.39,Mov00
-0.69,-0.02,8.86,-0.0,0.0,0.04,26.4,Mov00
-0.7,-0.02,8.88,-0.0,0.0,0.04,26.4,Mov00
-0.7,-0.02,8.87,-0.0,0.0,0.04,26.4,Mov00
-0.7,-0.02,8.88,-0.0,0.0,0.04,26.4,Mov00
-0.69,-0.03,8.88,-0.0,0.0,0.03,26.4,Mov00
-0.69,-0.03,8.88,-0.0,0.0,0.03,26.39,Mov00
-0.69,-0.03,8.88,-0.0,0.0,0.03,26.4,Mov00
-0.7,-0.03,8.89,-0.0,0.0,0.03,26.4,Mov00
-0.7,-0.03,8.89,-0.0,0.0,0.04,26.41,Mov00
-0.7,-0.03,8.89,-0.0,0.0,0.04,26.41,Mov00
-0.7,-0.02,8.88,-0.0,0.0,0.04,26.41,Mov00
-0.7,-0.03,8.87,-0.0,0.0,0.04,26.41,Mov00
-0.7,-0.02,8.88,-0.0,0.0,0.04,26.4,Mov00
-0.71,-0.03,8.88,-0.0,0.0,0.04,26.4,Mov00
-0.7,-0.03,8.88,-0.0,0.0,0.03,26.39,Mov00
-0.7,-0.03,8.88,-0.0,0.0,0.04,26.4,Mov00
-0.71,-0.03,8.89,-0.0,0.0,0.04,26.39,Mov00
-0.7,-0.03,8.88,-0.0,0.0,0.04,26.39,Mov00
-0.7,-0.03,8.87,-0.0,0.0,0.04,26.4,Mov00
-0.7,-0.03,8.88,-0.0,0.0,0.03,26.39,Mov00
-0.71,-0.03,8.88,-0.0,0.0,0.03,26.4,Mov00
-0.7,-0.03,8.87,-0.0,0.0,0.04,26.4,Mov00
-0.7,-0.04,8.87,-0.0,0.0,0.03,26.4,Mov00
-0.7,-0.03,8.88,-0.0,0.0,0.03,26.4,Mov00
-0.71,-0.03,8.87,-0.0,0.0,0.03,26.41,Mov00
-0.71,-0.02,8.87,-0.0,0.0,0.03,26.4,Mov00
-0.7,-0.02,8.87,-0.0,0.0,0.03,26.4,Mov00
-0.69,-0.02,8.87,-0.0,0.0,0.03,26.4,Mov00
-0.69,-0.03,8.87,-0.0,0.0,0.03,26.4,Mov00
-0.7,-0.02,8.87,-0.0,0.0,0.03,26.4,Mov00
-0.7,-0.02,8.87,-0.0,0.0,0.04,26.41,Mov00
-0.7,-0.02,8.87,-0.0,0.0,0.04,26.41,Mov00
-0.7,-0.02,8.87,-0.0,0.0,0.04,26.41,Mov00
-0.7,-0.02,8.86,-0.0,0.0,0.04,26.4,Mov00
-0.71,-0.02,8.87,-0.0,0.0,0.04,26.41,Mov00
-0.71,-0.03,8.87,-0.0,0.0,0.03,26.41,Mov00
-0.71,-0.03,8.88,-0.0,0.0,0.03,26.4,Mov00
-0.7,-0.02,8.87,-0.0,0.0,0.03,26.4,Mov00
-0.7,-0.03,8.87,-0.0,0.0,0.03,26.41,Mov00
-0.7,-0.02,8.87,-0.0,0.0,0.04,26.4,Mov00
-0.7,-0.02,8.87,-0.0,0.0,0.03,26.4,Mov00
-0.7,-0.02,8.87,-0.0,0.0,0.03,26.4,Mov00
-0.7,-0.03,8.87,-0.0,0.0,0.03,26.4,Mov00
-0.7,-0.03,8.88,-0.0,0.0,0.03,26.39,Mov00
-0.7,-0.03,8.87,-0.0,0.0,0.03,26.39,Mov00
-0.7,-0.04,8.87,-0.0,0.0,0.04,26.4,Mov00
-0.7,-0.04,8.88,-0.0,0.0,0.03,26.41,Mov00
-0.7,-0.04,8.87,-0.0,0.0,0.03,26.41,Mov00
-0.7,-0.03,8.87,-0.0,0.0,0.04,26.41,Mov00
-0.7,-0.04,8.88,-0.0,0.0,0.04,26.4,Mov00
-0.69,-0.04,8.87,-0.0,0.0,0.03,26.4,Mov00
-0.7,-0.03,8.87,-0.0,0.0,0.03,26.4,Mov00
-0.7,-0.04,8.86,-0.0,0.0,0.03,26.4,Mov00
-0.71,-0.04,8.86,-0.0,0.0,0.03,26.41,Mov00
-0.7,-0.03,8.86,-0.0,0.0,0.04,26.41,Mov00
-0.71,-0.03,8.86,-0.0,0.0,0.04,26.41,Mov00
-0.7,-0.03,8.87,-0.0,0.0,0.04,26.4,Mov00
-0.71,-0.03,8.87,-0.0,0.0,0.04,26.41,Mov00
-0.7,-0.03,8.85,-0.0,0.0,0.03,26.41,Mov00
-0.7,-0.03,8.86,-0.0,0.0,0.04,26.41,Mov00
-0.7,-0.03,8.87,-0.0,0.0,0.04,26.4,Mov00
-0.7,-0.03,8.88,-0.0,0.0,0.04,26.4,Mov00
-0.7,-0.03,8.87,-0.0,0.0,0.04,26.4,Mov00
-0.7,-0.03,8.86,-0.0,0.0,0.04,26.4,Mov00
-0.7,-0.03,8.86,-0.0,0.0,0.04,26.4,Mov00
-0.7,-0.03,8.87,-0.0,0.0,0.03,26.41,Mov00
-0.71,-0.03,8.87,-0.0,0.0,0.03,26.42,Mov00
-0.71,-0.03,8.87,-0.0,0.0,0.04,26.41,Mov00
-0.7,-0.03,8.87,-0.0,0.0,0.04,26.41,Mov00
-0.7,-0.03,8.87,-0.0,0.0,0.03,26.41,Mov00
-0.71,-0.03,8.87,-0.0,0.0,0.04,26.41,Mov00
-0.71,-0.03,8.86,-0.0,0.0,0.03,26.4,Mov00
-0.7,-0.03,8.86,-0.0,0.0,0.03,26.41,Mov00
-0.7,-0.03,8.86,-0.0,0.0,0.03,26.41,Mov00
-0.7,-0.04,8.87,-0.0,0.0,0.03,26.4,Mov00
-0.69,-0.02,8.87,-0.0,0.0,0.03,26.4,Mov00
-0.7,-0.03,8.87,-0.0,0.0,0.04,26.4,Mov00
-0.7,-0.03,8.87,-0.0,0.0,0.04,26.41,Mov00
-0.7,-0.03,8.88,-0.0,0.0,0.04,26.41,Mov00
-0.69,-0.03,8.87,-0.0,0.0,0.04,26.4,Mov00
-0.7,-0.03,8.88,-0.0,0.0,0.04,26.4,Mov00
-0.7,-0.03,8.88,-0.0,0.0,0.04,26.4,Mov00
-0.71,-0.03,8.88,-0.0,0.0,0.03,26.41,Mov00
-0.7,-0.03,8.87,-0.0,0.0,0.04,26.41,Mov00
-0.7,-0.02,8.87,-0.0,0.0,0.04,26.4,Mov00
-0.7,-0.02,8.88,-0.0,0.0,0.04,26.4,Mov00
-0.7,-0.02,8.87,-0.0,0.0,0.04,26.4,Mov00
-0.7,-0.03,8.87,-0.0,0.0,0.04,26.4,Mov00
-0.69,-0.03,8.87,-0.0,0.0,0.04,26.4,Mov00
-0.7,-0.03,8.88,-0.0,0.0,0.04,26.4,Mov00
-0.7,-0.03,8.88,-0.0,0.0,0.04,26.39,Mov00
-0.7,-0.03,8.87,-0.0,0.0,0.03,26.4,Mov00
-0.7,-0.03,8.87,-0.0,0.0,0.03,26.4,Mov00
-0.7,-0.03,8.87,-0.0,0.0,0.03,26.4,Mov00
-0.71,-0.04,8.88,-0.0,0.0,0.03,26.4,Mov00
-0.71,-0.02,8.88,-0.0,0.0,0.03,26.4,Mov00
-0.7,-0.02,8.87,-0.0,0.0,0.03,26.4,Mov00
-0.7,-0.02,8.89,-0.0,0.0,0.03,26.4,Mov00
-0.7,-0.03,8.88,-0.0,0.0,0.03,26.39,Mov00
-0.7,-0.03,8.88,-0.0,0.0,0.03,26.39,Mov00
-0.71,-0.04,8.88,-0.0,0.0,0.04,26.4,Mov00
-0.71,-0.03,8.88,-0.0,0.0,0.04,26.4,Mov00
-0.7,-0.02,8.88,-0.0,0.0,0.03,26.4,Mov00
-0.7,-0.02,8.87,-0.0,0.0,0.03,26.4,Mov00
-0.7,-0.02,8.88,-0.0,0.0,0.04,26.41,Mov00
-0.7,-0.02,8.88,-0.0,0.0,0.04,26.4,Mov00
-0.7,-0.02,8.87,-0.0,0.0,0.04,26.4,Mov00
-0.7,-0.03,8.88,-0.0,0.0,0.04,26.4,Mov00
-0.71,-0.03,8.88,-0.0,0.0,0.04,26.4,Mov00
-0.7,-0.03,8.88,-0.0,0.0,0.04,26.4,Mov00
-0.7,-0.03,8.88,-0.0,0.0,0.04,26.4,Mov00
-0.7,-0.02,8.88,-0.0,0.0,0.03,26.4,Mov00
-0.7,-0.02,8.88,-0.0,0.0,0.03,26.4,Mov00
-0.7,-0.03,8.87,-0.0,0.0,0.04,26.39,Mov00
-0.7,-0.02,8.87,-0.0,0.0,0.03,26.4,Mov00
-0.7,-0.04,8.87,-0.0,0.0,0.03,26.4,Mov00
-0.7,-0.03,8.87,-0.0,0.0,0.04,26.41,Mov00
-0.71,-0.04,8.87,-0.0,0.0,0.03,26.41,Mov00
-0.71,-0.04,8.87,-0.0,0.0,0.04,26.41,Mov00
-0.7,-0.03,8.87,-0.0,0.0,0.04,26.4,Mov00
-0.69,-0.04,8.87,-0.0,0.0,0.04,26.41,Mov00
-0.7,-0.04,8.88,-0.0,0.0,0.04,26.41,Mov00
-0.71,-0.03,8.89,-0.0,0.0,0.04,26.41,Mov00
-0.71,-0.03,8.88,-0.0,0.0,0.04,26.41,Mov00
-0.71,-0.03,8.88,-0.0,0.0,0.04,26.41,Mov00
-0.71,-0.03,8.86,-0.0,0.0,0.04,26.41,Mov00
-0.71,-0.02,8.86,-0.0,0.0,0.04,26.41,Mov00
-0.7,-0.03,8.86,-0.0,0.0,0.04,26.41,Mov00
-0.7,-0.03,8.87,-0.0,0.0,0.03,26.41,Mov00
-0.7,-0.04,8.87,-0.0,0.0,0.04,26.41,Mov00
-0.7,-0.04,8.86,-0.0,0.0,0.04,26.4,Mov00
-0.7,-0.04,8.88,-0.0,0.0,0.04,26.41,Mov00
-0.71,-0.04,8.88,-0.0,0.0,0.04,26.41,Mov00
-0.71,-0.03,8.87,-0.0,0.0,0.04,26.41,Mov00
-0.71,-0.03,8.87,-0.0,0.0,0.04,26.41,Mov00
-0.71,-0.03,8.87,-0.0,0.0,0.03,26.4,Mov00
-0.7,-0.02,8.86,-0.0,0.0,0.03,26.4,Mov00
-0.7,-0.02,8.87,-0.0,0.0,0.03,26.4,Mov00
-0.69,-0.02,8.87,-0.0,0.0,0.03,26.41,Mov00
-0.7,-0.02,8.88,-0.0,0.0,0.04,26.41,Mov00
-0.7,-0.03,8.88,-0.0,0.0,0.03,26.41,Mov00
-0.7,-0.04,8.87,-0.0,0.0,0.03,26.41,Mov00
-0.7,-0.03,8.87,-0.0,0.0,0.03,26.41,Mov00
-0.7,-0.03,8.87,-0.0,0.0,0.03,26.41,Mov00
-0.7,-0.03,8.87,-0.0,0.0,0.03,26.41,Mov00
-0.69,-0.03,8.88,-0.0,0.0,0.03,26.41,Mov00
-0.7,-0.03,8.88,-0.0,0.0,0.04,26.42,Mov00
-0.7,-0.04,8.87,-0.0,0.0,0.04,26.41,Mov00
-0.7,-0.03,8.88,-0.0,0.0,0.04,26.41,Mov00
-0.7,-0.03,8.87,-0.0,0.0,0.04,26.41,Mov00
-0.7,-0.03,8.86,-0.0,0.0,0.04,26.42,Mov00
-0.71,-0.03,8.86,-0.0,0.0,0.04,26.41,Mov00
-0.71,-0.02,8.87,-0.0,0.0,0.04,26.42,Mov00
-0.7,-0.02,8.87,-0.0,0.0,0.04,26.42,Mov00
-0.7,-0.01,8.86,-0.0,0.0,0.03,26.42,Mov00
-0.7,-0.02,8.87,-0.0,0.0,0.03,26.42,Mov00
-0.69,-0.02,8.87,-0.0,0.0,0.03,26.42,Mov00
-0.7,-0.03,8.87,-0.0,0.0,0.03,26.41,Mov00
-0.7,-0.03,8.87,-0.0,0.0,0.04,26.41,Mov00
-0.71,-0.03,8.88,-0.0,0.0,0.03,26.4,Mov00
-0.7,-0.04,8.88,-0.0,0.0,0.03,26.4,Mov00
-0.7,-0.04,8.87,-0.0,0.0,0.03,26.4,Mov00
-0.7,-0.04,8.88,-0.0,0.0,0.04,26.41,Mov00
-0.7,-0.04,8.89,-0.0,0.0,0.04,26.41,Mov00
-0.7,-0.03,8.88,-0.0,0.0,0.04,26.41,Mov00
-0.71,-0.03,8.89,-0.0,0.0,0.03,26.41,Mov00
-0.71,-0.03,8.88,-0.0,0.0,0.03,26.41,Mov00
-0.71,-0.03,8.88,-0.0,0.0,0.03,26.4,Mov00
-0.7,-0.04,8.89,-0.0,0.0,0.03,26.41,Mov00
-0.7,-0.03,8.88,-0.0,0.0,0.03,26.41,Mov00
-0.69,-0.03,8.87,-0.0,0.0,0.03,26.4,Mov00
-0.7,-0.03,8.87,-0.0,0.0,0.03,26.41,Mov00
-0.69,-0.03,8.88,-0.0,0.0,0.03,26.41,Mov00
-0.7,-0.03,8.87,-0.0,0.0,0.04,26.41,Mov00
-0.69,-0.02,8.88,-0.0,0.0,0.04,26.4,Mov00
-0.69,-0.02,8.88,-0.0,0.0,0.04,26.4,Mov00
-0.7,-0.02,8.88,-0.0,0.0,0.04,26.41,Mov00
-0.7,-0.03,8.88,-0.0,0.0,0.04,26.41,Mov00
-0.7,-0.03,8.89,-0.0,0.0,0.04,26.41,Mov00
-0.69,-0.04,8.88,-0.0,0.0,0.04,26.41,Mov00
-0.7,-0.03,8.87,-0.0,0.0,0.04,26.41,Mov00
-0.7,-0.03,8.87,-0.0,0.0,0.04,26.4,Mov00
-0.7,-0.03,8.87,-0.0,0.0,0.04,26.41,Mov00
-0.7,-0.03,8.87,-0.0,0.0,0.03,26.41,Mov00
-0.69,-0.02,8.87,-0.0,0.0,0.04,26.41,Mov00
-0.7,-0.02,8.88,-0.0,0.0,0.04,26.41,Mov00
-0.71,-0.02,8.87,-0.0,0.0,0.04,26.41,Mov00
-0.7,-0.03,8.87,-0.0,0.0,0.04,26.41,Mov00
-0.7,-0.03,8.88,-0.0,0.0,0.03,26.41,Mov00
-0.7,-0.03,8.88,-0.0,0.0,0.04,26.41,Mov00
-0.71,-0.03,8.88,-0.0,0.0,0.04,26.41,Mov00
-0.7,-0.03,8.87,-0.0,0.0,0.04,26.4,Mov00
-0.71,-0.03,8.88,-0.0,0.0,0.04,26.41,Mov00
-0.7,-0.02,8.88,-0.0,0.0,0.04,26.41,Mov00
-0.7,-0.03,8.88,-0.0,0.0,0.04,26.4,Mov00
-0.7,-0.02,8.87,-0.0,0.0,0.04,26.4,Mov00
-0.71,-0.02,8.88,-0.0,0.0,0.04,26.4,Mov00
-0.7,-0.02,8.88,-0.0,0.0,0.03,26.4,Mov00
-0.7,-0.03,8.88,-0.0,0.0,0.04,26.4,Mov00
-0.7,-0.02,8.88,-0.0,0.0,0.04,26.4,Mov00
-0.7,-0.02,8.88,-0.0,0.0,0.04,26.4,Mov00
-0.7,-0.03,8.87,-0.0,0.0,0.04,26.41,Mov00
-0.7,-0.04,8.88,-0.0,0.0,0.04,26.4,Mov00
-0.69,-0.04,8.88,-0.0,0.0,0.04,26.41,Mov00
-0.69,-0.04,8.87,-0.0,0.0,0.04,26.42,Mov00
-0.7,-0.04,8.89,-0.0,0.0,0.04,26.42,Mov00
-0.7,-0.04,8.89,-0.0,0.0,0.04,26.42,Mov00
-0.7,-0.04,8.88,-0.0,0.0,0.04,26.42,Mov00
-0.7,-0.03,8.88,-0.0,0.0,0.03,26.42,Mov00
-0.71,-0.04,8.88,-0.0,0.0,0.04,26.42,Mov00
-0.71,-0.04,8.88,-0.0,0.0,0.04,26.41,Mov00
-0.7,-0.04,8.87,-0.0,0.0,0.04,26.42,Mov00
-0.71,-0.03,8.87,-0.0,0.0,0.04,26.41,Mov00
-0.7,-0.03,8.88,-0.0,0.0,0.04,26.42,Mov00
-0.7,-0.03,8.89,-0.0,0.0,0.04,26.42,Mov00
-0.7,-0.03,8.88,-0.0,0.0,0.04,26.41,Mov00
-0.7,-0.02,8.88,-0.0,0.0,0.04,26.41,Mov00
-0.7,-0.03,8.89,-0.0,0.0,0.04,26.41,Mov00
-0.7,-0.03,8.88,-0.0,0.0,0.03,26.42,Mov00
-0.71,-0.03,8.89,-0.0,0.0,0.03,26.42,Mov00
-0.71,-0.03,8.89,-0.0,0.0,0.03,26.42,Mov00
-0.7,-0.03,8.88,-0.0,0.0,0.04,26.42,Mov00
-0.69,-0.03,8.88,-0.0,0.0,0.04,26.42,Mov00
-0.7,-0.03,8.89,-0.0,0.0,0.04,26.42,Mov00
-0.69,-0.02,8.87,-0.0,0.0,0.04,26.42,Mov00
-0.7,-0.02,8.87,-0.0,0.0,0.04,26.42,Mov00
-0.69,-0.02,8.87,-0.0,0.0,0.04,26.41,Mov00
-0.69,-0.03,8.87,-0.0,0.0,0.04,26.41,Mov00
-0.7,-0.03,8.87,-0.0,0.0,0.03,26.41,Mov00
-0.7,-0.03,8.88,-0.0,0.0,0.04,26.41,Mov00
-0.69,-0.02,8.89,-0.0,0.0,0.04,26.42,Mov00
-0.69,-0.03,8.88,-0.0,0.0,0.04,26.42,Mov00
-0.7,-0.02,8.87,-0.0,0.0,0.04,26.42,Mov00
-0.7,-0.03,8.88,-0.0,0.0,0.04,26.42,Mov00
-0.69,-0.03,8.88,-0.0,0.0,0.04,26.42,Mov00
-0.69,-0.02,8.89,-0.0,0.0,0.04,26.42,Mov00
-0.7,-0.03,8.88,-0.0,0.0,0.04,26.41,Mov00
-0.7,-0.03,8.88,-0.0,0.0,0.03,26.41,Mov00
-0.7,-0.03,8.88,-0.0,0.0,0.03,26.41,Mov00
-0.7,-0.02,8.87,-0.0,0.0,0.03,26.41,Mov00
-0.69,-0.02,8.88,-0.0,0.0,0.04,26.41,Mov00
-0.7,-0.02,8.88,-0.0,0.0,0.04,26.4,Mov00
-0.69,-0.03,8.88,-0.0,0.0,0.04,26.41,Mov00
-0.7,-0.03,8.89,-0.0,0.0,0.04,26.41,Mov00
-0.71,-0.02,8.88,-0.0,0.0,0.04,26.42,Mov00
-0.7,-0.02,8.89,-0.0,0.0,0.04,26.41,Mov00
-0.71,-0.03,8.87,-0.0,0.0,0.04,26.41,Mov00
-0.71,-0.03,8.88,-0.0,0.0,0.04,26.42,Mov00
-0.71,-0.03,8.88,-0.0,0.0,0.04,26.41,Mov00
-0.71,-0.02,8.88,-0.0,0.0,0.04,26.41,Mov00
-0.7,-0.02,8.88,-0.0,0.0,0.04,26.41,Mov00
-0.7,-0.02,8.88,-0.0,0.0,0.04,26.41,Mov00
-0.7,-0.02,8.88,-0.0,0.0,0.04,26.41,Mov00
-0.7,-0.02,8.86,-0.0,0.0,0.04,26.41,Mov00
-0.7,-0.02,8.87,-0.0,0.0,0.04,26.41,Mov00
-0.71,-0.02,8.87,-0.0,0.0,0.04,26.41,Mov00
-0.72,-0.02,8.86,-0.0,-0.0,0.04,26.41,Mov00
-0.7,-0.01,8.87,-0.0,0.0,0.04,26.41,Mov00
-0.69,-0.02,8.88,-0.0,0.0,0.04,26.42,Mov00
-0.68,-0.02,8.89,-0.0,0.0,0.04,26.41,Mov00
-0.69,-0.02,8.88,-0.0,0.0,0.04,26.41,Mov00
-0.7,-0.01,8.88,-0.0,0.0,0.04,26.4,Mov00
-0.7,-0.01,8.87,-0.0,0.0,0.04,26.4,Mov00
-0.7,-0.02,8.87,-0.0,0.0,0.04,26.4,Mov00
-0.71,-0.03,8.87,-0.0,0.0,0.04,26.4,Mov00
-0.71,-0.03,8.87,-0.0,0.0,0.04,26.4,Mov00
-0.7,-0.02,8.88,-0.0,0.0,0.04,26.4,Mov00
-0.69,-0.03,8.87,-0.0,0.0,0.04,26.4,Mov00
-0.7,-0.03,8.85,-0.0,0.0,0.04,26.4,Mov00
-0.7,-0.03,8.86,-0.0,0.0,0.03,26.41,Mov00
-0.7,-0.02,8.88,-0.0,0.0,0.03,26.4,Mov00
-0.7,-0.02,8.87,-0.0,0.0,0.04,26.41,Mov00
-0.7,-0.02,8.88,-0.0,0.0,0.04,26.41,Mov00
-0.71,-0.02,8.86,-0.0,0.0,0.04,26.41,Mov00
-0.71,-0.02,8.86,-0.0,0.0,0.04,26.41,Mov00
-0.7,-0.02,8.86,-0.0,0.0,0.04,26.41,Mov00
-0.7,-0.01,8.87,-0.0,0.0,0.04,26.41,Mov00
-0.69,-0.01,8.88,-0.0,0.0,0.04,26.41,Mov00
-0.69,-0.02,8.87,-0.0,0.0,0.04,26.4,Mov00
-0.7,-0.01,8.87,-0.0,0.0,0.04,26.4,Mov00
-0.71,-0.02,8.87,-0.0,0.0,0.04,26.4,Mov00
-0.7,-0.03,8.87,-0.0,0.0,0.04,26.42,Mov00
-0.7,-0.02,8.87,-0.0,0.0,0.03,26.42,Mov00
-0.69,-0.03,8.86,-0.0,0.0,0.03,26.42,Mov00
-0.7,-0.03,8.87,-0.0,0.0,0.03,26.42,Mov00
-0.7,-0.02,8.88,-0.0,0.0,0.03,26.41,Mov00
-0.7,-0.02,8.88,-0.0,0.0,0.03,26.41,Mov00
-0.71,-0.02,8.89,-0.0,0.0,0.03,26.41,Mov00
-0.7,-0.03,8.89,-0.0,0.0,0.03,26.41,Mov00
-0.7,-0.03,8.88,-0.0,0.0,0.03,26.41,Mov00
-0.71,-0.03,8.88,-0.0,0.0,0.03,26.41,Mov00
-0.71,-0.02,8.88,-0.0,0.0,0.03,26.41,Mov00
-0.71,-0.02,8.87,-0.0,0.0,0.03,26.41,Mov00
-0.7,-0.03,8.87,-0.0,0.0,0.03,26.41,Mov00
-0.7,-0.02,8.88,-0.0,0.0,0.03,26.41,Mov00
-0.7,-0.03,8.88,-0.0,0.0,0.03,26.42,Mov00
-0.7,-0.02,8.87,-0.0,0.0,0.03,26.42,Mov00
-0.7,-0.03,8.87,-0.0,-0.0,0.03,26.41,Mov00
-0.71,-0.02,8.87,-0.0,0.0,0.03,26.41,Mov00
-0.72,-0.03,8.88,-0.0,0.0,0.03,26.41,Mov00
-0.71,-0.03,8.88,-0.0,0.0,0.03,26.41,Mov00
-0.71,-0.02,8.88,-0.0,0.0,0.03,26.4,Mov00
-0.7,-0.03,8.88,-0.0,0.0,0.03,26.4,Mov00
-0.71,-0.03,8.87,-0.0,0.0,0.04,26.4,Mov00
-0.71,-0.03,8.88,-0.0,0.0,0.04,26.4,Mov00
-0.71,-0.04,8.88,-0.0,0.0,0.04,26.41,Mov00
-0.71,-0.03,8.87,-0.0,0.0,0.03,26.41,Mov00
-0.7,-0.04,8.89,-0.0,0.0,0.03,26.41,Mov00
-0.69,-0.03,8.89,-0.0,0.0,0.03,26.41,Mov00
-0.7,-0.03,8.88,-0.0,0.0,0.04,26.41,Mov00
-0.7,-0.02,8.87,-0.0,0.0,0.04,26.4,Mov00
-0.7,-0.02,8.87,-0.0,0.0,0.04,26.41,Mov00
-0.7,-0.02,8.87,-0.0,0.0,0.04,26.4,Mov00
-0.7,-0.02,8.86,-0.0,0.0,0.04,26.4,Mov00
-0.7,-0.02,8.87,-0.0,0.0,0.04,26.41,Mov00
-0.7,-0.02,8.89,-0.0,0.0,0.04,26.41,Mov00
-0.7,-0.02,8.9,-0.0,0.0,0.04,26.41,Mov00
-0.7,-0.01,8.88,-0.0,0.0,0.04,26.41,Mov00
-0.69,-0.02,8.88,-0.0,0.0,0.04,26.41,Mov00
-0.7,-0.02,8.88,-0.0,0.0,0.04,26.41,Mov00
-0.71,-0.02,8.88,-0.0,0.0,0.04,26.41,Mov00
-0.7,-0.02,8.86,-0.0,0.0,0.04,26.41,Mov00
-0.71,-0.02,8.88,-0.0,0.0,0.03,26.4,Mov00
-0.71,-0.03,8.87,-0.0,0.0,0.03,26.4,Mov00
-0.71,-0.03,8.89,-0.0,0.0,0.03,26.4,Mov00
-0.7,-0.02,8.87,-0.0,0.0,0.03,26.4,Mov00
-0.7,-0.02,8.88,-0.0,0.0,0.04,26.41,Mov00
-0.7,-0.02,8.88,-0.0,0.0,0.04,26.41,Mov00
-0.7,-0.02,8.88,-0.0,0.0,0.04,26.41,Mov00
-0.7,-0.03,8.88,-0.0,0.0,0.04,26.41,Mov00
-0.71,-0.03,8.89,-0.0,0.0,0.04,26.41,Mov00
-0.71,-0.03,8.88,-0.0,0.0,0.04,26.41,Mov00
-0.7,-0.03,8.87,-0.0,0.0,0.04,26.41,Mov00
-0.7,-0.03,8.88,-0.0,0.0,0.04,26.41,Mov00
-0.7,-0.02,8.88,-0.0,0.0,0.03,26.41,Mov00
-0.71,-0.02,8.87,-0.0,0.0,0.03,26.41,Mov00
-0.71,-0.02,8.87,-0.0,0.0,0.03,26.4,Mov00
-0.71,-0.02,8.87,-0.0,0.0,0.03,26.41,Mov00
-0.7,-0.03,8.87,-0.0,0.0,0.04,26.41,Mov00
-0.71,-0.03,8.85,-0.0,0.0,0.04,26.4,Mov00
-0.7,-0.02,8.86,-0.0,0.0,0.03,26.41,Mov00
-0.7,-0.02,8.88,-0.0,0.0,0.04,26.4,Mov00
-0.7,-0.02,8.87,-0.0,0.0,0.04,26.4,Mov00
-0.69,-0.03,8.88,-0.0,0.0,0.04,26.41,Mov00
-0.7,-0.03,8.87,-0.0,0.0,0.04,26.41,Mov00
-0.7,-0.03,8.87,-0.0,0.0,0.03,26.41,Mov00
-0.7,-0.03,8.87,-0.0,0.0,0.03,26.41,Mov00
-0.7,-0.03,8.87,-0.0,0.0,0.03,26.41,Mov00
-0.7,-0.02,8.88,-0.0,0.0,0.03,26.41,Mov00
-0.7,-0.02,8.87,-0.0,0.0,0.03,26.4,Mov00
-0.7,-0.03,8.88,-0.0,0.0,0.04,26.4,Mov00
-0.7,-0.02,8.86,-0.0,0.0,0.04,26.39,Mov00
-0.7,-0.02,8.87,-0.0,0.0,0.04,26.41,Mov00
-0.71,-0.02,8.88,-0.0,0.0,0.04,26.41,Mov00
-0.71,-0.02,8.87,-0.0,0.0,0.04,26.41,Mov00
-0.7,-0.02,8.87,-0.0,0.0,0.04,26.41,Mov00
-0.7,-0.02,8.88,-0.0,0.0,0.04,26.42,Mov00
-0.7,-0.02,8.88,-0.0,0.0,0.04,26.42,Mov00
-0.7,-0.03,8.89,-0.0,0.0,0.04,26.41,Mov00
-0.7,-0.03,8.88,-0.0,0.0,0.04,26.41,Mov00
-0.7,-0.03,8.88,-0.0,0.0,0.04,26.4,Mov00
-0.71,-0.03,8.87,-0.0,0.0,0.04,26.41,Mov00
-0.7,-0.02,8.87,-0.0,0.0,0.04,26.41,Mov00
-0.7,-0.02,8.88,-0.0,0.0,0.03,26.42,Mov00
-0.71,-0.02,8.88,-0.0,0.0,0.03,26.42,Mov00
-0.12,-9.74,-0.11,0.01,0.02,0.02,26.65,Mov01
-0.07,-9.73,-0.1,-0.0,0.02,-0.0,26.65,Mov01
-0.0,-9.75,-0.16,-0.02,0.02,-0.02,26.66,Mov01
0.08,-9.8,-0.23,-0.02,0.02,-0.02,26.65,Mov01
0.16,-9.83,-0.28,-0.0,0.01,-0.01,26.65,Mov01
0.2,-9.84,-0.27,0.02,0.01,0.0,26.65,Mov01
0.2,-9.82,-0.22,0.03,0.0,0.02,26.65,Mov01
0.19,-9.79,-0.16,0.03,0.01,0.03,26.65,Mov01
0.15,-9.78,-0.11,0.03,0.02,0.04,26.66,Mov01
0.1,-9.77,-0.07,0.02,0.02,0.04,26.66,Mov01
0.08,-9.78,-0.09,0.0,0.02,0.03,26.66,Mov01
0.09,-9.8,-0.13,-0.0,0.02,0.03,26.66,Mov01
0.09,-9.82,-0.16,-0.0,0.02,0.03,26.67,Mov01
0.07,-9.81,-0.12,0.0,0.03,0.04,26.67,Mov01
0.03,-9.82,-0.08,0.0,0.03,0.04,26.67,Mov01
-0.01,-9.83,-0.07,-0.0,0.02,0.04,26.67,Mov01
-0.02,-9.8,-0.07,-0.0,0.02,0.03,26.67,Mov01
-0.0,-9.78,-0.03,-0.01,0.02,0.03,26.66,Mov01
0.03,-9.77,-0.06,-0.02,0.02,0.02,26.66,Mov01
0.03,-9.79,-0.16,-0.03,0.04,0.02,26.66,Mov01
0.02,-9.8,-0.25,-0.02,0.05,0.02,26.67,Mov01
0.01,-9.79,-0.29,0.0,0.05,0.02,26.66,Mov01
-0.02,-9.79,-0.22,0.02,0.06,0.01,26.66,Mov01
-0.03,-9.79,-0.13,0.03,0.04,0.0,26.66,Mov01
0.03,-9.81,-0.05,0.02,0.01,-0.0,26.66,Mov01
0.12,-9.8,0.05,0.01,0.0,-0.0,26.66,Mov01
0.2,-9.8,0.06,-0.01,0.0,0.0,26.66,Mov01
0.22,-9.81,-0.03,-0.02,0.02,0.01,26.65,Mov01
0.17,-9.82,-0.14,-0.03,0.04,0.02,26.66,Mov01
0.11,-9.83,-0.21,-0.02,0.03,0.03,26.66,Mov01
0.06,-9.8,-0.22,-0.01,0.02,0.03,26.66,Mov01
0.06,-9.79,-0.19,-0.0,0.01,0.03,26.66,Mov01
0.11,-9.77,-0.15,-0.0,0.0,0.02,26.66,Mov01
0.16,-9.76,-0.05,-0.01,0.0,0.02,26.66,Mov01
0.22,-9.78,-0.02,-0.03,0.01,0.02,26.67,Mov01
0.21,-9.81,-0.06,-0.04,0.03,0.03,26.67,Mov01
0.18,-9.82,-0.14,-0.05,0.03,0.03,26.67,Mov01
0.11,-9.81,-0.2,-0.04,0.03,0.03,26.67,Mov01
0.08,-9.77,-0.23,-0.04,0.01,0.03,26.67,Mov01
0.09,-9.77,-0.29,-0.04,-0.0,0.02,26.67,Mov01
0.16,-9.78,-0.35,-0.02,-0.02,0.03,26.67,Mov01
0.22,-9.76,-0.33,-0.0,-0.03,0.04,26.66,Mov01
0.21,-9.73,-0.25,0.01,-0.01,0.06,26.66,Mov01
0.11,-9.71,-0.18,0.01,0.02,0.06,26.67,Mov01
-0.01,-9.74,-0.16,0.0,0.02,0.05,26.66,Mov01
-0.07,-9.79,-0.2,0.0,0.01,0.04,26.67,Mov01
-0.08,-9.83,-0.27,0.01,-0.0,0.02,26.67,Mov01
-0.02,-9.85,-0.26,0.02,-0.01,0.02,26.67,Mov01
0.01,-9.85,-0.14,0.03,0.01,0.02,26.66,Mov01
0.02,-9.82,-0.05,0.02,0.02,0.01,26.67,Mov01
0.04,-9.83,-0.02,0.0,0.03,0.01,26.67,Mov01
0.07,-9.84,-0.06,-0.01,0.03,0.0,26.67,Mov01
0.1,-9.86,-0.15,-0.02,0.03,0.01,26.67,Mov01
0.14,-9.86,-0.25,-0.01,0.01,0.02,26.68,Mov01
0.14,-9.8,-0.27,0.01,0.01,0.03,26.67,Mov01
0.12,-9.75,-0.23,0.02,0.02,0.03,26.67,Mov01
0.08,-9.71,-0.18,0.02,0.03,0.03,26.67,Mov01
0.07,-9.7,-0.16,0.01,0.03,0.02,26.67,Mov01
0.1,-9.71,-0.17,0.01,0.03,0.01,26.67,Mov01
0.17,-9.73,-0.15,0.01,0.03,0.0,26.67,Mov01
0.23,-9.76,-0.16,0.01,0.02,0.01,26.68,Mov01
0.27,-9.78,-0.14,0.01,0.02,0.02,26.67,Mov01
0.23,-9.79,-0.12,0.02,0.03,0.04,26.67,Mov01
0.17,-9.79,-0.12,0.02,0.03,0.05,26.67,Mov01
0.12,-9.78,-0.13,0.02,0.02,0.04,26.66,Mov01
0.08,-9.77,-0.15,0.02,0.02,0.04,26.66,Mov01
0.06,-9.78,-0.17,0.01,0.02,0.03,26.67,Mov01
0.06,-9.8,-0.17,0.02,0.02,0.02,26.67,Mov01
0.09,-9.81,-0.13,0.02,0.02,0.01,26.68,Mov01
0.14,-9.8,-0.11,0.02,0.01,0.01,26.68,Mov01
0.19,-9.82,-0.08,0.01,0.02,0.01,26.67,Mov01
0.25,-9.84,-0.07,0.01,0.01,0.02,26.67,Mov01
0.27,-9.83,-0.07,0.01,0.01,0.04,26.67,Mov01
0.22,-9.82,-0.08,0.0,0.02,0.04,26.67,Mov01
0.16,-9.82,-0.11,0.0,0.02,0.05,26.68,Mov01
0.16,-9.79,-0.11,-0.0,0.02,0.04,26.68,Mov01
0.17,-9.78,-0.11,-0.0,0.02,0.04,26.68,Mov01
0.17,-9.77,-0.12,-0.0,0.02,0.04,26.68,Mov01
0.15,-9.77,-0.15,-0.0,0.01,0.05,26.69,Mov01
0.13,-9.76,-0.19,0.0,0.0,0.05,26.69,Mov01
0.12,-9.74,-0.19,0.01,0.0,0.04,26.69,Mov01
0.12,-9.72,-0.15,0.02,0.01,0.04,26.69,Mov01
0.11,-9.73,-0.12,0.02,0.02,0.04,26.69,Mov01
0.1,-9.75,-0.08,0.01,0.02,0.03,26.69,Mov01
0.1,-9.79,-0.03,0.01,0.01,0.03,26.69,Mov01
0.09,-9.8,-0.01,0.01,0.01,0.03,26.68,Mov01
0.09,-9.82,0.02,0.0,0.01,0.03,26.69,Mov01
0.1,-9.84,-0.01,-0.01,-0.0,0.03,26.69,Mov01
0.13,-9.86,-0.09,-0.01,-0.02,0.03,26.69,Mov01
0.16,-9.86,-0.15,0.0,-0.02,0.04,26.69,Mov01
0.17,-9.84,-0.16,0.01,-0.01,0.04,26.69,Mov01
0.16,-9.8,-0.14,0.01,-0.0,0.04,26.68,Mov01
0.14,-9.77,-0.1,0.01,0.01,0.04,26.68,Mov01
0.13,-9.75,-0.04,0.0,0.01,0.03,26.68,Mov01
0.16,-9.76,0.0,-0.01,0.0,0.03,26.68,Mov01
0.19,-9.78,-0.04,-0.02,0.0,0.03,26.68,Mov01
0.19,-9.81,-0.13,-0.02,0.01,0.05,26.69,Mov01
0.13,-9.81,-0.21,-0.01,0.02,0.06,26.69,Mov01
0.05,-9.79,-0.21,0.01,0.02,0.06,26.69,Mov01
-0.01,-9.78,-0.15,0.02,0.01,0.05,26.69,Mov01
-0.03,-9.77,-0.08,0.02,0.0,0.04,26.69,Mov01
0.02,-9.79,-0.04,0.02,-0.0,0.02,26.69,Mov01
0.11,-9.8,-0.02,0.01,-0.01,0.02,26.69,Mov01
0.22,-9.81,-0.03,0.0,-0.01,0.02,26.69,Mov01
0.24,-9.82,-0.07,-0.01,0.01,0.03,26.69,Mov01
0.19,-9.84,-0.09,-0.01,0.02,0.03,26.69,Mov01
0.15,-9.84,-0.07,-0.0,0.02,0.04,26.68,Mov01
0.12,-9.84,-0.06,-0.01,0.01,0.03,26.69,Mov01
0.1,-9.83,-0.1,-0.01,-0.0,0.03,26.69,Mov01
0.11,-9.81,-0.12,-0.01,-0.01,0.03,26.69,Mov01
0.15,-9.77,-0.09,0.0,-0.01,0.03,26.69,Mov01
0.19,-9.74,-0.02,-0.0,0.0,0.03,26.69,Mov01
0.18,-9.73,-0.04,-0.02,0.02,0.03,26.68,Mov01
0.14,-9.76,-0.1,-0.02,0.02,0.03,26.69,Mov01
0.09,-9.79,-0.15,-0.01,0.02,0.03,26.69,Mov01
0.08,-9.8,-0.16,-0.0,0.01,0.03,26.69,Mov01
0.09,-9.81,-0.13,0.0,0.0,0.03,26.69,Mov01
0.12,-9.79,-0.11,0.0,-0.0,0.02,26.69,Mov01
0.16,-9.76,-0.1,0.0,-0.0,0.02,26.69,Mov01
0.2,-9.75,-0.08,0.0,0.01,0.02,26.7,Mov01
0.19,-9.76,-0.11,-0.0,0.02,0.03,26.7,Mov01
0.15,-9.76,-0.14,-0.0,0.03,0.03,26.7,Mov01
0.13,-9.76,-0.14,0.01,0.04,0.02,26.7,Mov01
0.09,-9.82,-0.16,0.01,0.04,0.02,26.69,Mov01
0.08,-9.84,-0.15,0.03,0.0,0.03,26.7,Mov01
0.15,-9.81,0.0,0.04,-0.01,0.03,26.7,Mov01
0.18,-9.81,0.12,0.02,-0.01,0.04,26.69,Mov01
0.2,-9.81,0.13,-0.01,-0.0,0.04,26.69,Mov01
0.19,-9.83,0.01,-0.03,0.02,0.04,26.7,Mov01
0.13,-9.84,-0.09,-0.03,0.04,0.04,26.69,Mov01
0.05,-9.82,-0.17,-0.02,0.03,0.03,26.69,Mov01
0.04,-9.78,-0.17,-0.01,0.02,0.02,26.69,Mov01
0.1,-9.75,-0.15,-0.01,0.01,0.01,26.69,Mov01
0.2,-9.76,-0.17,-0.01,0.0,0.01,26.69,Mov01
0.29,-9.78,-0.18,0.0,-0.01,0.03,26.69,Mov01
0.31,-9.77,-0.14,0.02,0.0,0.04,26.69,Mov01
0.25,-9.77,-0.08,0.02,0.01,0.05,26.7,Mov01
0.18,-9.76,-0.04,0.02,0.01,0.05,26.69,Mov01
0.12,-9.76,-0.0,0.01,0.01,0.04,26.69,Mov01
0.1,-9.78,-0.0,0.0,0.01,0.03,26.69,Mov01
0.12,-9.8,-0.01,-0.0,0.0,0.03,26.69,Mov01
0.17,-9.81,-0.05,-0.01,0.0,0.03,26.69,Mov01
0.18,-9.82,-0.06,-0.0,-0.01,0.03,26.7,Mov01
0.2,-9.81,-0.05,-0.0,-0.02,0.04,26.7,Mov01
0.19,-9.79,-0.07,-0.0,-0.01,0.05,26.7,Mov01
0.13,-9.79,-0.07,-0.0,0.01,0.05,26.7,Mov01
0.07,-9.78,-0.06,-0.0,0.01,0.04,26.7,Mov01
0.04,-9.79,-0.05,-0.0,0.01,0.03,26.7,Mov01
0.07,-9.78,-0.04,-0.01,0.0,0.02,26.7,Mov01
0.13,-9.81,-0.07,-0.01,0.0,0.01,26.69,Mov01
0.18,-9.82,-0.1,-0.0,-0.01,0.02,26.7,Mov01
0.19,-9.8,-0.06,0.01,-0.01,0.03,26.7,Mov01
0.19,-9.77,0.0,0.01,-0.01,0.04,26.7,Mov01
0.17,-9.76,-0.0,-0.01,-0.01,0.04,26.71,Mov01
0.18,-9.75,-0.07,-0.01,-0.01,0.03,26.7,Mov01
0.18,-9.76,-0.12,-0.01,-0.0,0.03,26.7,Mov01
0.17,-9.77,-0.17,-0.01,-0.0,0.03,26.71,Mov01
0.17,-9.78,-0.18,-0.01,0.0,0.03,26.7,Mov01
0.16,-9.81,-0.14,0.0,0.01,0.03,26.71,Mov01
0.16,-9.82,-0.08,0.01,0.0,0.03,26.7,Mov01
0.16,-9.82,-0.02,0.01,0.0,0.03,26.7,Mov01
0.17,-9.83,0.05,-0.0,0.01,0.03,26.7,Mov01
0.17,-9.83,0.04,-0.01,0.0,0.03,26.7,Mov01
0.16,-9.84,-0.01,-0.02,0.0,0.04,26.7,Mov01
0.13,-9.82,-0.06,-0.01,0.0,0.04,26.7,Mov01
0.09,-9.79,-0.1,-0.01,0.01,0.04,26.7,Mov01
0.08,-9.77,-0.15,-0.01,0.0,0.03,26.7,Mov01
0.1,-9.75,-0.16,0.0,-0.0,0.03,26.7,Mov01
0.15,-9.75,-0.11,0.01,-0.01,0.03,26.7,Mov01
0.21,-9.74,-0.03,0.01,-0.01,0.03,26.7,Mov01
0.24,-9.76,0.0,0.0,-0.01,0.03,26.7,Mov01
0.23,-9.79,-0.01,-0.0,0.01,0.03,26.69,Mov01
0.19,-9.81,-0.03,-0.0,0.01,0.04,26.7,Mov01
0.17,-9.8,-0.0,-0.01,0.01,0.04,26.7,Mov01
0.15,-9.8,-0.02,-0.01,0.01,0.04,26.7,Mov01
0.14,-9.79,-0.11,-0.01,0.0,0.04,26.7,Mov01
0.15,-9.77,-0.18,-0.0,0.0,0.04,26.71,Mov01
0.13,-9.76,-0.21,0.01,0.01,0.04,26.71,Mov01
0.11,-9.75,-0.21,0.02,0.01,0.04,26.71,Mov01
0.09,-9.75,-0.17,0.03,0.01,0.03,26.71,Mov01
0.08,-9.77,-0.12,0.03,0.01,0.02,26.71,Mov01
0.12,-9.78,-0.03,0.03,-0.0,0.02,26.71,Mov01
0.19,-9.81,0.07,0.02,-0.0,0.02,26.71,Mov01
0.2,-9.84,0.09,0.01,0.01,0.02,26.7,Mov01
0.2,-9.87,0.08,-0.0,0.01,0.02,26.71,Mov01
0.2,-9.87,0.06,-0.01,0.01,0.03,26.71,Mov01
0.18,-9.84,0.06,-0.01,0.01,0.03,26.71,Mov01
0.17,-9.84,0.02,-0.02,0.01,0.03,26.71,Mov01
0.17,-9.82,-0.09,-0.03,0.01,0.03,26.71,Mov01
0.18,-9.79,-0.17,-0.02,0.01,0.02,26.71,Mov01
0.2,-9.78,-0.19,-0.01,0.01,0.02,26.71,Mov01
0.24,-9.75,-0.17,-0.0,0.01,0.02,26.71,Mov01
0.29,-9.74,-0.1,0.0,-0.0,0.03,26.72,Mov01
0.31,-9.75,-0.08,-0.0,0.0,0.03,26.72,Mov01
0.26,-9.75,-0.09,-0.0,0.01,0.04,26.71,Mov01
0.2,-9.73,-0.1,0.0,0.03,0.05,26.71,Mov01
0.19,-9.73,-0.07,0.01,0.03,0.05,26.71,Mov01
0.21,-9.74,-0.1,0.01,0.05,0.05,26.71,Mov01
0.19,-9.8,-0.14,0.01,0.06,0.05,26.71,Mov01
0.15,-9.84,-0.09,0.02,0.05,0.06,26.7,Mov01
0.11,-9.85,-0.03,0.03,0.02,0.06,26.7,Mov01
0.11,-9.83,0.08,0.03,-0.0,0.06,26.7,Mov01
0.15,-9.82,0.18,0.01,-0.02,0.05,26.71,Mov01
0.24,-9.83,0.14,-0.01,-0.02,0.04,26.71,Mov01
0.22,-9.82,0.03,-0.03,0.01,0.05,26.71,Mov01
0.16,-9.84,-0.07,-0.03,0.02,0.05,26.71,Mov01
0.06,-9.82,-0.12,-0.02,0.03,0.05,26.72,Mov01
-0.03,-9.82,-0.1,-0.01,0.02,0.04,26.72,Mov01
-0.03,-9.82,-0.04,-0.0,-0.01,0.02,26.71,Mov01
0.05,-9.79,0.03,0.0,-0.03,0.01,26.71,Mov01
0.15,-9.75,0.1,-0.01,-0.03,0.0,26.71,Mov01
0.27,-9.72,0.1,-0.03,-0.01,-0.0,26.71,Mov01
0.33,-9.72,0.0,-0.05,0.01,0.01,26.71,Mov01
0.31,-9.73,-0.13,-0.05,0.03,0.02,26.71,Mov01
0.23,-9.72,-0.23,-0.04,0.04,0.03,26.7,Mov01
0.17,-9.72,-0.27,-0.02,0.03,0.03,26.7,Mov01
0.15,-9.74,-0.27,-0.0,0.02,0.02,26.7,Mov01
0.16,-9.75,-0.21,0.01,0.0,0.02,26.7,Mov01
0.2,-9.77,-0.1,0.03,-0.0,0.02,26.7,Mov01
0.26,-9.79,0.06,0.02,-0.01,0.02,26.71,Mov01
0.3,-9.81,0.12,0.01,-0.0,0.03,26.71,Mov01
0.32,-9.84,0.09,-0.01,0.0,0.04,26.72,Mov01
0.29,-9.86,0.03,-0.02,0.01,0.05,26.72,Mov01
0.22,-9.86,-0.02,-0.01,0.0,0.06,26.72,Mov01
0.15,-9.83,-0.05,-0.01,-0.0,0.06,26.72,Mov01
0.1,-9.77,-0.06,-0.01,-0.0,0.05,26.72,Mov01
0.1,-9.75,-0.09,-0.02,-0.01,0.04,26.72,Mov01
0.14,-9.76,-0.16,-0.02,-0.02,0.03,26.72,Mov01
0.2,-9.76,-0.18,-0.0,-0.01,0.03,26.72,Mov01
0.21,-9.76,-0.1,0.01,-0.01,0.04,26.73,Mov01
0.2,-9.78,-0.05,0.01,-0.01,0.04,26.72,Mov01
0.18,-9.79,-0.03,0.01,-0.01,0.04,26.72,Mov01
0.15,-9.8,-0.02,0.0,-0.0,0.04,26.72,Mov01
0.13,-9.78,-0.04,-0.0,0.0,0.04,26.71,Mov01
0.13,-9.76,-0.09,-0.01,0.01,0.03,26.71,Mov01
0.14,-9.76,-0.13,-0.01,0.02,0.02,26.71,Mov01
0.17,-9.77,-0.15,-0.0,0.02,0.02,26.72,Mov01
0.21,-9.81,-0.14,0.0,0.01,0.02,26.73,Mov01
0.27,-9.84,-0.12,0.02,-0.0,0.04,26.72,Mov01
0.27,-9.83,-0.05,0.03,0.0,0.05,26.72,Mov01
0.23,-9.8,0.06,0.03,0.01,0.06,26.73,Mov01
0.17,-9.77,0.11,0.01,0.01,0.06,26.72,Mov01
0.13,-9.77,0.04,-0.01,0.02,0.04,26.72,Mov01
0.11,-9.79,-0.08,-0.02,0.02,0.03,26.72,Mov01
0.13,-9.8,-0.17,-0.01,0.01,0.02,26.73,Mov01
0.18,-9.8,-0.15,0.01,0.01,0.02,26.72,Mov01
0.22,-9.77,-0.06,0.01,0.0,0.02,26.73,Mov01
0.26,-9.77,0.03,0.01,0.01,0.02,26.73,Mov01
0.29,-9.77,0.02,-0.0,0.01,0.03,26.73,Mov01
0.28,-9.79,-0.03,-0.01,0.02,0.03,26.73,Mov01
0.23,-9.81,-0.07,-0.01,0.02,0.04,26.73,Mov01
0.18,-9.79,-0.05,0.0,0.01,0.04,26.73,Mov01
0.16,-9.78,-0.0,-0.0,0.0,0.04,26.73,Mov01
0.19,-9.79,-0.02,-0.01,-0.01,0.03,26.72,Mov01
0.24,-9.8,-0.08,-0.01,-0.01,0.03,26.73,Mov01
0.25,-9.8,-0.11,-0.01,0.0,0.04,26.72,Mov01
0.21,-9.8,-0.07,0.0,0.01,0.05,26.72,Mov01
0.16,-9.79,-0.03,-0.0,0.01,0.05,26.72,Mov01
0.15,-9.79,0.01,-0.01,0.0,0.05,26.72,Mov01
0.17,-9.8,-0.0,-0.01,-0.01,0.04,26.73,Mov01
0.19,-9.82,-0.06,-0.02,-0.01,0.04,26.73,Mov01
0.2,-9.83,-0.12,-0.01,-0.01,0.05,26.73,Mov01
0.18,-9.83,-0.11,-0.0,0.0,0.05,26.72,Mov01
0.14,-9.8,-0.01,0.0,0.0,0.06,26.73,Mov01
0.11,-9.79,0.09,-0.01,0.0,0.05,26.73,Mov01
0.1,-9.78,0.11,-0.03,0.0,0.04,26.73,Mov01
0.12,-9.79,0.07,-0.04,0.0,0.03,26.73,Mov01
0.15,-9.8,-0.01,-0.05,0.0,0.03,26.74,Mov01
0.18,-9.79,-0.11,-0.05,0.01,0.04,26.74,Mov01
0.18,-9.77,-0.2,-0.04,0.02,0.04,26.74,Mov01
0.16,-9.75,-0.25,-0.02,0.02,0.05,26.74,Mov01
0.16,-9.74,-0.24,-0.01,0.01,0.05,26.73,Mov01
0.15,-9.71,-0.22,0.0,0.0,0.04,26.73,Mov01
0.17,-9.7,-0.15,0.01,0.0,0.04,26.73,Mov01
0.21,-9.72,-0.06,0.01,-0.0,0.03,26.73,Mov01
0.25,-9.76,-0.04,-0.0,-0.0,0.03,26.73,Mov01
0.26,-9.81,-0.07,-0.01,-0.0,0.04,26.73,Mov01
0.23,-9.85,-0.15,-0.01,-0.0,0.05,26.72,Mov01
0.17,-9.86,-0.17,0.01,-0.01,0.06,26.73,Mov01
0.11,-9.84,-0.09,0.02,-0.01,0.06,26.73,Mov01
0.09,-9.81,-0.01,0.01,-0.02,0.05,26.73,Mov01
0.1,-9.8,0.04,0.0,-0.02,0.04,26.73,Mov01
0.14,-9.8,0.06,-0.02,-0.01,0.04,26.73,Mov01
0.16,-9.8,0.0,-0.03,-0.0,0.03,26.74,Mov01
0.15,-9.81,-0.07,-0.03,0.0,0.04,26.73,Mov01
0.13,-9.8,-0.14,-0.02,0.01,0.04,26.74,Mov01
0.08,-9.79,-0.16,-0.02,0.01,0.05,26.73,Mov01
0.06,-9.78,-0.12,-0.01,0.0,0.04,26.73,Mov01
0.06,-9.76,-0.03,-0.0,-0.0,0.04,26.73,Mov01
0.07,-9.75,0.01,-0.01,0.0,0.03,26.73,Mov01
0.1,-9.75,0.01,-0.03,0.0,0.03,26.73,Mov01
0.14,-9.78,-0.06,-0.03,0.0,0.02,26.74,Mov01
0.17,-9.78,-0.16,-0.03,0.01,0.03,26.74,Mov01
0.16,-9.76,-0.19,-0.01,0.02,0.04,26.74,Mov01
0.12,-9.75,-0.17,-0.0,0.03,0.04,26.74,Mov01
0.1,-9.75,-0.13,-0.0,0.02,0.03,26.74,Mov01
0.1,-9.76,-0.11,-0.0,0.02,0.02,26.74,Mov01
0.12,-9.78,-0.12,-0.0,0.01,0.02,26.74,Mov01
0.16,-9.8,-0.13,0.0,0.01,0.02,26.74,Mov01
0.18,-9.8,-0.14,0.0,0.02,0.02,26.74,Mov01
0.19,-9.8,-0.15,0.01,0.02,0.03,26.74,Mov01
0.2,-9.81,-0.13,0.01,0.03,0.03,26.74,Mov01
0.17,-9.81,-0.13,0.01,0.03,0.04,26.74,Mov01
0.13,-9.81,-0.07,0.02,0.03,0.04,26.73,Mov01
0.11,-9.8,-0.02,0.01,0.01,0.03,26.74,Mov01
0.14,-9.8,-0.04,-0.0,-0.0,0.02,26.73,Mov01
0.2,-9.81,-0.09,-0.01,-0.0,0.02,26.73,Mov01
0.25,-9.83,-0.11,-0.01,0.0,0.03,26.74,Mov01
0.23,-9.81,-0.12,0.0,0.02,0.04,26.74,Mov01
0.15,-9.78,-0.09,0.0,0.03,0.05,26.74,Mov01
0.09,-9.76,-0.05,-0.0,0.02,0.04,26.74,Mov01
0.08,-9.75,-0.06,-0.01,0.01,0.03,26.74,Mov01
0.15,-9.76,-0.08,-0.02,-0.01,0.02,26.74,Mov01
0.22,-9.77,-0.12,-0.02,-0.01,0.02,26.74,Mov01
0.26,-9.78,-0.18,-0.01,-0.0,0.03,26.74,Mov01
0.25,-9.78,-0.19,0.01,0.01,0.04,26.74,Mov01
0.18,-9.77,-0.16,0.02,0.02,0.05,26.74,Mov01
0.09,-9.76,-0.11,0.02,0.02,0.05,26.75,Mov01
0.06,-9.76,-0.05,0.02,0.01,0.04,26.74,Mov01
0.07,-9.76,-0.01,0.01,-0.0,0.03,26.75,Mov01
0.12,-9.78,0.02,0.01,-0.01,0.02,26.74,Mov01
0.18,-9.79,0.0,-0.0,-0.01,0.02,26.74,Mov01
0.22,-9.81,-0.07,-0.0,0.0,0.02,26.74,Mov01
0.21,-9.81,-0.14,0.0,0.01,0.03,26.74,Mov01
0.16,-9.79,-0.14,0.01,0.02,0.04,26.75,Mov01
0.11,-9.76,-0.1,0.02,0.02,0.04,26.74,Mov01
0.09,-9.74,-0.07,0.01,0.02,0.03,26.75,Mov01
0.09,-9.75,-0.07,0.01,0.02,0.02,26.75,Mov01
0.12,-9.77,-0.08,0.01,0.02,0.01,26.74,Mov01
0.16,-9.77,-0.08,0.01,0.01,0.01,26.74,Mov01
0.22,-9.78,-0.08,0.01,0.01,0.02,26.74,Mov01
0.26,-9.8,-0.08,0.02,-0.0,0.03,26.74,Mov01
0.28,-9.79,-0.07,0.03,0.0,0.04,26.74,Mov01
0.26,-9.79,-0.02,0.03,0.01,0.05,26.74,Mov01
0.2,-9.78,0.04,0.03,0.01,0.05,26.74,Mov01
0.15,-9.76,0.07,0.01,0.01,0.04,26.73,Mov01
0.12,-9.76,0.04,-0.0,0.01,0.03,26.74,Mov01
0.13,-9.78,-0.04,-0.01,0.01,0.02,26.74,Mov01
0.16,-9.8,-0.09,-0.01,0.0,0.02,26.74,Mov01
0.2,-9.82,-0.06,-0.0,-0.0,0.02,26.74,Mov01
0.23,-9.82,0.0,0.0,-0.01,0.03,26.73,Mov01
0.24,-9.82,0.03,-0.0,-0.02,0.04,26.73,Mov01
0.22,-9.81,0.03,-0.01,-0.01,0.04,26.73,Mov01
0.16,-9.79,0.04,-0.01,-0.0,0.05,26.73,Mov01
0.11,-9.77,0.03,-0.02,-0.0,0.04,26.73,Mov01
0.09,-9.77,-0.04,-0.03,-0.0,0.03,26.73,Mov01
0.12,-9.77,-0.14,-0.03,-0.0,0.02,26.74,Mov01
0.16,-9.78,-0.21,-0.02,-0.0,0.02,26.73,Mov01
0.21,-9.78,-0.22,-0.0,0.0,0.02,26.73,Mov01
0.24,-9.78,-0.15,0.01,0.01,0.03,26.73,Mov01
0.25,-9.8,-0.09,0.02,0.01,0.04,26.73,Mov01
0.24,-9.8,-0.03,0.02,0.01,0.05,26.73,Mov01
0.2,-9.8,0.03,0.01,0.01,0.05,26.73,Mov01
0.17,-9.79,0.05,0.0,0.01,0.05,26.73,Mov01
0.17,-9.8,0.03,-0.01,0.0,0.04,26.72,Mov01
0.16,-9.8,-0.01,-0.01,0.0,0.04,26.73,Mov01
0.14,-9.79,-0.02,-0.01,0.01,0.04,26.73,Mov01
0.12,-9.77,-0.04,-0.02,0.02,0.04,26.72,Mov01
0.09,-9.76,-0.07,-0.02,0.02,0.03,26.73,Mov01
0.11,-9.77,-0.12,-0.02,0.01,0.03,26.73,Mov01
0.16,-9.79,-0.17,-0.01,-0.01,0.03,26.73,Mov01
0.23,-9.79,-0.18,-0.0,-0.01,0.03,26.73,Mov01
0.24,-9.78,-0.15,0.01,0.01,0.04,26.74,Mov01
0.21,-9.79,-0.08,0.01,0.01,0.05,26.74,Mov01
0.17,-9.79,-0.05,0.01,0.01,0.05,26.74,Mov01
0.13,-9.79,-0.01,0.01,0.02,0.04,26.73,Mov01
0.1,-9.79,0.01,0.01,0.01,0.04,26.74,Mov01
0.12,-9.79,0.01,-0.0,0.01,0.03,26.74,Mov01
0.17,-9.79,-0.03,-0.01,0.01,0.03,26.73,Mov01
0.19,-9.8,-0.07,-0.01,0.01,0.03,26.74,Mov01
0.2,-9.81,-0.11,-0.01,0.02,0.03,26.74,Mov01
0.18,-9.79,-0.11,-0.0,0.02,0.04,26.74,Mov01
0.14,-9.79,-0.07,0.0,0.02,0.04,26.74,Mov01
0.13,-9.79,-0.06,-0.0,0.01,0.04,26.74,Mov01
0.13,-9.8,-0.04,-0.01,0.01,0.03,26.74,Mov01
0.15,-9.8,-0.03,-0.01,0.01,0.03,26.74,Mov01
0.15,-9.8,-0.04,-0.01,0.01,0.03,26.74,Mov01
0.15,-9.79,-0.07,-0.01,0.01,0.03,26.73,Mov01
0.15,-9.79,-0.1,-0.01,0.02,0.03,26.73,Mov01
0.17,-9.79,-0.12,-0.0,0.01,0.03,26.73,Mov01
0.21,-9.8,-0.09,0.0,0.01,0.03,26.72,Mov01
0.24,-9.8,-0.06,0.01,-0.0,0.04,26.73,Mov01
0.25,-9.78,-0.0,0.01,0.0,0.05,26.73,Mov01
0.23,-9.77,0.02,0.0,0.01,0.05,26.72,Mov01
0.17,-9.75,-0.0,-0.0,0.02,0.05,26.74,Mov01
0.12,-9.75,-0.03,-0.01,0.02,0.04,26.74,Mov01
0.1,-9.74,-0.06,-0.01,0.01,0.03,26.74,Mov01
0.12,-9.74,-0.09,-0.01,0.01,0.02,26.74,Mov01
0.16,-9.73,-0.14,-0.0,0.0,0.02,26.74,Mov01
0.19,-9.76,-0.18,0.01,0.01,0.02,26.74,Mov01
0.21,-9.79,-0.17,0.02,0.01,0.02,26.74,Mov01
0.23,-9.81,-0.09,0.03,0.01,0.03,26.74,Mov01
0.23,-9.85,0.03,0.03,0.01,0.03,26.74,Mov01
0.2,-9.87,0.09,0.02,0.0,0.04,26.74,Mov01
0.18,-9.87,0.07,0.01,-0.02,0.04,26.74,Mov01
0.19,-9.85,0.07,-0.0,-0.02,0.04,26.73,Mov01
0.18,-9.84,0.04,-0.01,-0.02,0.03,26.74,Mov01
0.2,-9.81,-0.0,-0.02,-0.02,0.03,26.74,Mov01
0.19,-9.8,-0.07,-0.02,-0.01,0.03,26.74,Mov01
0.15,-9.79,-0.07,-0.02,-0.0,0.04,26.74,Mov01
0.12,-9.77,-0.02,-0.01,-0.01,0.04,26.74,Mov01
0.11,-9.75,0.05,-0.02,-0.01,0.03,26.74,Mov01
0.11,-9.75,0.02,-0.03,-0.01,0.03,26.75,Mov01
0.12,-9.76,-0.07,-0.04,-0.01,0.02,26.75,Mov01
0.14,-9.76,-0.17,-0.03,-0.01,0.03,26.75,Mov01
0.13,-9.75,-0.23,-0.01,-0.0,0.03,26.75,Mov01
0.12,-9.74,-0.23,0.0,0.0,0.03,26.75,Mov01
0.12,-9.74,-0.2,0.01,0.01,0.03,26.75,Mov01
0.15,-9.74,-0.14,0.02,0.01,0.02,26.75,Mov01
0.2,-9.74,-0.04,0.03,0.0,0.02,26.75,Mov01
0.25,-9.74,0.03,0.02,0.01,0.02,26.75,Mov01
0.28,-9.77,0.06,0.01,0.02,0.03,26.75,Mov01
0.27,-9.82,0.05,-0.0,0.02,0.03,26.74,Mov01
0.25,-9.84,0.02,-0.0,0.02,0.04,26.75,Mov01
0.21,-9.85,-0.0,-0.01,0.01,0.05,26.75,Mov01
0.17,-9.84,-0.04,-0.01,0.0,0.05,26.75,Mov01
0.16,-9.82,-0.08,-0.01,-0.0,0.04,26.75,Mov01
0.16,-9.8,-0.1,-0.01,-0.01,0.04,26.75,Mov01
0.17,-9.79,-0.1,-0.01,-0.01,0.03,26.76,Mov01
0.19,-9.79,-0.06,-0.01,-0.01,0.03,26.76,Mov01
0.23,-9.79,-0.02,-0.01,-0.01,0.03,26.75,Mov01
0.25,-9.78,-0.01,-0.01,0.0,0.03,26.74,Mov01
0.24,-9.79,-0.04,-0.02,0.01,0.04,26.74,Mov01
0.19,-9.79,-0.08,-0.01,0.01,0.04,26.75,Mov01
0.13,-9.77,-0.09,-0.01,0.01,0.04,26.76,Mov01
0.1,-9.76,-0.12,-0.01,0.0,0.04,26.76,Mov01
0.11,-9.76,-0.15,-0.01,-0.01,0.03,26.75,Mov01
0.15,-9.76,-0.12,0.0,-0.01,0.03,26.75,Mov01
0.22,-9.76,-0.05,0.01,-0.0,0.03,26.75,Mov01
0.24,-9.76,-0.02,0.0,0.01,0.03,26.74,Mov01
0.24,-9.78,-0.03,-0.0,0.02,0.03,26.74,Mov01
0.2,-9.79,-0.05,-0.0,0.02,0.03,26.74,Mov01
0.18,-9.79,-0.06,-0.0,0.02,0.03,26.74,Mov01
0.16,-9.8,-0.07,-0.0,0.02,0.03,26.74,Mov01
0.15,-9.82,-0.11,0.0,0.01,0.03,26.75,Mov01
0.16,-9.83,-0.1,0.01,-0.0,0.03,26.75,Mov01
0.2,-9.82,-0.03,0.01,-0.01,0.04,26.76,Mov01
0.21,-9.79,0.02,0.01,-0.01,0.04,26.75,Mov01
0.2,-9.78,0.01,-0.0,0.0,0.03,26.76,Mov01
0.17,-9.79,-0.03,-0.01,0.01,0.03,26.76,Mov01
0.14,-9.79,-0.08,-0.01,0.01,0.03,26.76,Mov01
0.16,-9.78,-0.06,-0.0,0.0,0.03,26.76,Mov01
0.22,-9.78,-0.05,-0.0,-0.0,0.03,26.76,Mov01
0.27,-9.78,-0.08,-0.0,-0.0,0.03,26.76,Mov01
0.29,-9.78,-0.08,0.0,0.0,0.04,26.76,Mov01
0.27,-9.78,-0.06,0.0,0.01,0.04,26.77,Mov01
0.23,-9.78,-0.05,-0.0,0.01,0.05,26.76,Mov01
0.2,-9.79,-0.08,-0.01,-0.0,0.05,26.76,Mov01
0.19,-9.79,-0.11,-0.0,-0.01,0.05,26.76,Mov01
0.16,-9.81,-0.09,0.0,-0.01,0.05,26.76,Mov01
0.15,-9.81,-0.06,0.0,-0.01,0.04,26.75,Mov01
0.15,-9.83,0.0,0.0,-0.01,0.04,26.76,Mov01
0.15,-9.83,0.05,-0.0,0.0,0.04,26.75,Mov01
0.14,-9.82,0.05,-0.01,0.01,0.04,26.75,Mov01
0.13,-9.82,0.05,-0.02,0.01,0.04,26.75,Mov01
0.12,-9.81,0.01,-0.02,0.01,0.03,26.76,Mov01
0.13,-9.79,-0.06,-0.03,0.0,0.03,26.76,Mov01
0.15,-9.76,-0.1,-0.03,0.0,0.02,26.76,Mov01
0.16,-9.75,-0.14,-0.02,0.01,0.02,26.76,Mov01
0.18,-9.75,-0.14,-0.02,0.01,0.02,26.76,Mov01
0.2,-9.77,-0.1,-0.01,0.01,0.02,26.76,Mov01
0.21,-9.79,-0.07,-0.01,-0.0,0.03,26.76,Mov01
0.23,-9.78,-0.04,-0.01,-0.01,0.03,26.76,Mov01
0.23,-9.77,-0.03,-0.01,0.0,0.03,26.75,Mov01
0.2,-9.77,-0.08,-0.01,0.0,0.04,26.75,Mov01
0.18,-9.76,-0.16,-0.01,0.01,0.04,26.75,Mov01
0.17,-9.75,-0.19,0.0,0.01,0.03,26.76,Mov01
0.2,-9.74,-0.12,0.01,0.0,0.03,26.76,Mov01
0.22,-9.75,-0.06,0.01,0.0,0.03,26.77,Mov01
0.24,-9.78,-0.02,0.01,0.01,0.03,26.77,Mov01
0.24,-9.82,-0.02,0.0,0.01,0.03,26.77,Mov01
0.24,-9.84,-0.04,0.0,0.0,0.04,26.77,Mov01
0.22,-9.83,-0.05,0.01,0.01,0.05,26.77,Mov01
0.17,-9.82,-0.03,0.01,0.01,0.05,26.77,Mov01
0.13,-9.8,-0.05,0.0,0.01,0.04,26.77,Mov01
0.11,-9.8,-0.08,0.0,0.01,0.03,26.77,Mov01
0.13,-9.79,-0.05,0.0,0.0,0.03,26.76,Mov01
0.18,-9.79,0.02,0.0,-0.0,0.02,26.76,Mov01
0.25,-9.77,0.05,-0.0,0.0,0.02,26.77,Mov01
0.3,-9.78,0.04,-0.01,0.01,0.02,26.77,Mov01
0.3,-9.79,-0.0,-0.02,0.02,0.03,26.76,Mov01
0.24,-9.78,-0.06,-0.02,0.03,0.04,26.76,Mov01
0.17,-9.78,-0.09,-0.02,0.03,0.04,26.77,Mov01
0.13,-9.78,-0.15,-0.01,0.01,0.03,26.77,Mov01
0.14,-9.78,-0.16,-0.0,-0.01,0.03,26.77,Mov01
0.19,-9.78,-0.1,0.01,-0.01,0.03,26.77,Mov01
0.25,-9.78,-0.05,0.01,-0.01,0.03,26.76,Mov01
0.27,-9.78,-0.0,0.01,0.01,0.04,26.77,Mov01
0.23,-9.8,-0.01,0.0,0.02,0.04,26.77,Mov01
0.18,-9.8,0.01,-0.0,0.02,0.04,26.77,Mov01
0.16,-9.8,0.02,-0.01,0.01,0.03,26.77,Mov01
0.16,-9.79,-0.02,-0.01,0.01,0.03,26.77,Mov01
0.2,-9.8,-0.07,-0.02,0.01,0.03,26.77,Mov01
0.23,-9.82,-0.11,-0.01,0.01,0.03,26.77,Mov01
0.25,-9.82,-0.1,0.0,0.0,0.04,26.77,Mov01
0.26,-9.81,-0.01,0.0,-0.0,0.05,26.77,Mov01
0.25,-9.79,0.06,-0.01,-0.0,0.05,26.77,Mov01
0.21,-9.79,0.06,-0.02,0.01,0.05,26.77,Mov01
0.17,-9.8,-0.01,-0.03,0.01,0.05,26.77,Mov01
0.11,-9.8,-0.09,-0.03,0.01,0.04,26.77,Mov01
0.08,-9.81,-0.13,-0.02,0.01,0.04,26.77,Mov01
0.1,-9.81,-0.15,-0.01,-0.01,0.03,26.77,Mov01
0.17,-9.78,-0.13,-0.0,-0.01,0.03,26.77,Mov01
0.25,-9.77,-0.06,0.0,-0.01,0.03,26.77,Mov01
0.31,-9.76,-0.03,-0.0,-0.01,0.03,26.77,Mov01
0.33,-9.76,-0.03,-0.01,0.0,0.04,26.76,Mov01
0.3,-9.77,-0.08,-0.02,0.01,0.05,26.77,Mov01
0.23,-9.79,-0.14,-0.02,0.01,0.05,26.77,Mov01
0.17,-9.81,-0.17,-0.01,0.0,0.05,26.76,Mov01
0.16,-9.82,-0.16,-0.0,-0.02,0.05,26.76,Mov01
0.17,-9.8,-0.12,0.01,-0.02,0.04,26.77,Mov01
0.16,-9.8,-0.04,0.0,-0.02,0.04,26.77,Mov01
0.16,-9.81,0.02,-0.01,-0.01,0.03,26.77,Mov01
0.19,-9.81,0.0,-0.02,-0.01,0.03,26.77,Mov01
0.19,-9.82,-0.05,-0.02,-0.0,0.04,26.77,Mov01
0.17,-9.8,-0.08,-0.02,0.01,0.04,26.77,Mov01
0.14,-9.79,-0.08,-0.02,0.01,0.04,26.77,Mov01
0.13,-9.77,-0.07,-0.02,0.01,0.03,26.77,Mov01
0.16,-9.76,-0.06,-0.03,0.01,0.02,26.77,Mov01
0.21,-9.79,-0.1,-0.03,0.01,0.02,26.77,Mov01
0.24,-9.8,-0.16,-0.03,0.01,0.03,26.77,Mov01
0.23,-9.79,-0.17,-0.02,0.01,0.04,26.77,Mov01
0.19,-9.77,-0.13,-0.01,0.01,0.04,26.77,Mov01
0.16,-9.75,-0.11,-0.01,0.01,0.04,26.77,Mov01
0.16,-9.75,-0.14,-0.01,0.0,0.03,26.77,Mov01
0.18,-9.77,-0.2,-0.01,-0.0,0.03,26.77,Mov01
0.2,-9.78,-0.22,0.01,0.0,0.03,26.77,Mov01
0.22,-9.78,-0.15,0.02,0.0,0.04,26.77,Mov01
0.24,-9.76,-0.05,0.02,0.01,0.04,26.77,Mov01
0.24,-9.78,-0.03,0.01,0.02,0.04,26.77,Mov01
0.2,-9.81,-0.04,-0.0,0.03,0.04,26.76,Mov01
0.15,-9.84,-0.04,-0.0,0.03,0.04,26.76,Mov01
0.12,-9.84,-0.04,-0.0,0.02,0.04,26.76,Mov01
0.13,-9.82,-0.03,-0.01,0.01,0.03,26.76,Mov01
0.15,-9.79,-0.05,-0.01,0.01,0.02,26.76,Mov01
0.18,-9.79,-0.1,-0.02,0.02,0.02,26.76,Mov01
0.19,-9.8,-0.2,-0.02,0.02,0.02,26.75,Mov01
0.18,-9.8,-0.23,-0.0,0.02,0.03,26.76,Mov01
0.17,-9.79,-0.15,0.01,0.02,0.03,26.76,Mov01
0.17,-9.78,-0.07,0.01,0.01,0.03,26.76,Mov01
0.2,-9.78,-0.05,0.01,-0.0,0.03,26.76,Mov01
0.23,-9.79,-0.06,0.01,-0.0,0.03,26.77,Mov01
0.22,-9.79,-0.07,0.01,0.01,0.03,26.77,Mov01
0.19,-9.78,-0.05,0.01,0.02,0.03,26.78,Mov01
0.17,-9.79,-0.03,0.0,0.02,0.03,26.77,Mov01
0.18,-9.8,-0.05,0.0,0.01,0.02,26.77,Mov01
0.22,-9.79,-0.08,0.0,0.0,0.03,26.77,Mov01
0.24,-9.79,-0.09,0.0,0.0,0.03,26.77,Mov01
0.23,-9.78,-0.08,0.01,0.01,0.04,26.77,Mov01
0.19,-9.78,-0.06,0.0,0.01,0.03,26.77,Mov01
0.18,-9.78,-0.07,0.0,0.01,0.03,26.77,Mov01
0.19,-9.78,-0.07,-0.0,0.0,0.03,26.76,Mov01
0.23,-9.8,-0.09,-0.0,-0.0,0.02,26.77,Mov01
0.25,-9.83,-0.09,-0.0,0.0,0.02,26.77,Mov01
0.25,-9.86,-0.09,0.0,-0.01,0.03,26.78,Mov01
0.25,-9.83,-0.06,0.01,-0.01,0.04,26.78,Mov01
0.23,-9.8,-0.01,0.0,0.01,0.04,26.78,Mov01
0.18,-9.79,0.03,-0.01,0.01,0.04,26.78,Mov01
0.17,-9.79,0.02,-0.02,0.01,0.03,26.78,Mov01
0.18,-9.8,-0.03,-0.03,-0.0,0.03,26.78,Mov01
0.19,-9.8,-0.11,-0.03,-0.0,0.02,26.78,Mov01
0.2,-9.79,-0.17,-0.02,-0.0,0.03,26.77,Mov01
0.18,-9.76,-0.17,-0.01,0.01,0.03,26.77,Mov01
0.16,-9.74,-0.12,-0.0,0.01,0.03,26.77,Mov01
0.17,-9.74,-0.1,-0.0,0.0,0.03,26.77,Mov01
0.21,-9.74,-0.11,-0.0,0.0,0.02,26.77,Mov01
0.24,-9.74,-0.14,0.0,0.0,0.02,26.77,Mov01
0.24,-9.77,-0.17,0.01,0.01,0.02,26.77,Mov01
0.23,-9.79,-0.17,0.01,0.01,0.03,26.77,Mov01
0.21,-9.81,-0.13,0.02,0.01,0.03,26.77,Mov01
0.2,-9.82,-0.09,0.02,0.0,0.03,26.77,Mov01
0.2,-9.84,-0.07,0.02,0.01,0.03,26.78,Mov01
0.2,-9.85,-0.06,0.01,0.0,0.03,26.77,Mov01
0.21,-9.85,-0.05,0.02,-0.0,0.03,26.78,Mov01
0.2,-9.84,-0.0,0.02,-0.0,0.03,26.77,Mov01
0.21,-9.81,0.04,0.01,-0.0,0.03,26.78,Mov01
0.22,-9.78,0.07,-0.0,-0.01,0.03,26.78,Mov01
0.24,-9.76,0.05,-0.01,-0.0,0.03,26.77,Mov01
0.23,-9.75,-0.0,-0.02,0.01,0.03,26.77,Mov01
0.22,-9.75,-0.05,-0.02,0.01,0.03,26.77,Mov01
0.19,-9.76,-0.07,-0.02,0.01,0.03,26.78,Mov01
0.19,-9.77,-0.09,-0.01,0.0,0.03,26.79,Mov01
0.21,-9.79,-0.1,-0.01,-0.01,0.03,26.79,Mov01
0.26,-9.78,-0.09,-0.0,-0.02,0.03,26.78,Mov01
0.32,-9.77,-0.07,0.0,-0.01,0.04,26.78,Mov01
0.31,-9.76,-0.06,-0.01,0.0,0.04,26.78,Mov01
0.27,-9.75,-0.11,-0.01,0.02,0.04,26.79,Mov01
0.21,-9.76,-0.14,-0.01,0.01,0.04,26.79,Mov01
0.21,-9.75,-0.09,-0.0,-0.0,0.04,26.79,Mov01
0.24,-9.76,-0.05,-0.0,-0.01,0.03,26.78,Mov01
0.27,-9.78,-0.03,-0.01,-0.0,0.03,26.78,Mov01
0.26,-9.8,-0.06,-0.01,0.0,0.04,26.78,Mov01
0.22,-9.81,-0.08,-0.01,0.01,0.04,26.77,Mov01
0.18,-9.81,-0.09,-0.0,0.0,0.04,26.78,Mov01
0.17,-9.81,-0.1,-0.01,-0.01,0.03,26.78,Mov01
0.24,-9.83,-0.14,-0.0,-0.03,0.03,26.78,Mov01
0.31,-9.84,-0.19,0.01,-0.03,0.04,26.78,Mov01
0.32,-9.83,-0.16,0.02,-0.01,0.06,26.78,Mov01
0.27,-9.81,-0.01,0.02,0.0,0.06,26.78,Mov01
0.19,-9.79,0.07,0.01,0.01,0.06,26.78,Mov01
0.14,-9.78,0.08,-0.01,0.01,0.05,26.78,Mov01
0.12,-9.79,-0.0,-0.03,0.0,0.04,26.79,Mov01
0.14,-9.79,-0.12,-0.03,-0.01,0.03,26.78,Mov01
0.16,-9.78,-0.19,-0.01,-0.0,0.03,26.78,Mov01
0.2,-9.77,-0.2,-0.0,0.0,0.03,26.78,Mov01
0.22,-9.77,-0.17,0.01,0.0,0.03,26.78,Mov01
0.22,-9.76,-0.12,0.02,0.01,0.04,26.78,Mov01
0.19,-9.75,-0.05,0.02,0.02,0.04,26.77,Mov01
0.15,-9.76,-0.0,0.02,0.02,0.03,26.79,Mov01
0.15,-9.77,0.01,0.01,0.01,0.02,26.78,Mov01
0.2,-9.79,-0.02,-0.0,0.01,0.02,26.78,Mov01
0.26,-9.82,-0.04,-0.0,0.0,0.02,26.79,Mov01
0.28,-9.83,-0.04,0.0,0.01,0.03,26.78,Mov01
0.27,-9.83,0.01,0.0,0.02,0.04,26.78,Mov01
0.23,-9.82,0.03,-0.0,0.02,0.04,26.79,Mov01
0.2,-9.81,-0.0,-0.01,0.01,0.04,26.78,Mov01
0.21,-9.79,-0.06,-0.02,0.0,0.03,26.79,Mov01
0.24,-9.78,-0.12,-0.01,-0.0,0.03,26.78,Mov01
0.25,-9.79,-0.12,-0.0,0.01,0.04,26.78,Mov01
0.23,-9.8,-0.1,0.0,0.01,0.04,26.79,Mov01
0.21,-9.8,-0.07,0.01,0.0,0.05,26.79,Mov01
0.2,-9.79,-0.02,0.01,-0.01,0.05,26.79,Mov01
0.22,-9.78,0.01,0.01,-0.02,0.04,26.79,Mov01
0.24,-9.77,0.0,-0.0,-0.01,0.04,26.79,Mov01
0.2,-9.78,-0.01,-0.01,0.0,0.04,26.8,Mov01
0.14,-9.78,-0.03,-0.0,0.01,0.04,26.8,Mov01
0.13,-9.79,-0.02,-0.01,0.0,0.03,26.79,Mov01
0.18,-9.81,-0.06,-0.01,-0.01,0.02,26.78,Mov01
0.23,-9.83,-0.12,-0.01,-0.01,0.03,26.79,Mov01
0.28,-9.84,-0.14,0.0,-0.01,0.04,26.79,Mov01
0.27,-9.83,-0.05,0.01,-0.01,0.05,26.79,Mov01
0.23,-9.81,0.03,0.01,-0.01,0.05,26.79,Mov01
0.19,-9.79,0.06,-0.0,-0.0,0.05,26.8,Mov01
0.16,-9.78,0.03,-0.02,-0.0,0.04,26.79,Mov01
0.17,-9.77,-0.04,-0.02,-0.01,0.03,26.8,Mov01
0.2,-9.77,-0.14,-0.02,-0.01,0.03,26.8,Mov01
0.23,-9.77,-0.15,-0.01,-0.01,0.03,26.8,Mov01
0.24,-9.76,-0.14,-0.0,-0.0,0.04,26.8,Mov01
0.2,-9.76,-0.1,0.0,0.01,0.04,26.8,Mov01
0.15,-9.76,-0.05,0.01,0.01,0.04,26.79,Mov01
0.1,-9.77,-0.01,0.0,0.01,0.03,26.8,Mov01
0.11,-9.78,-0.01,-0.01,0.0,0.02,26.8,Mov01
0.15,-9.81,-0.04,-0.01,0.0,0.01,26.79,Mov01
0.22,-9.82,-0.09,-0.01,0.0,0.02,26.79,Mov01
0.25,-9.8,-0.11,0.0,0.01,0.03,26.8,Mov01
0.22,-9.78,-0.07,0.01,0.02,0.03,26.8,Mov01
0.21,-9.76,-0.04,0.01,0.01,0.03,26.81,Mov01
0.21,-9.77,-0.06,0.0,0.0,0.03,26.8,Mov01
0.24,-9.77,-0.12,-0.0,-0.0,0.03,26.8,Mov01
0.27,-9.78,-0.15,0.01,0.0,0.03,26.8,Mov01
0.28,-9.8,-0.13,0.02,0.01,0.04,26.8,Mov01
0.27,-9.81,-0.07,0.02,0.02,0.05,26.8,Mov01
0.32,-9.81,0.0,0.02,0.02,0.05,26.8,Mov01
0.3,-9.83,0.03,0.01,0.04,0.06,26.81,Mov01
0.22,-9.83,0.08,0.01,0.05,0.07,26.8,Mov01
0.16,-9.81,0.09,-0.0,0.04,0.06,26.8,Mov01
0.1,-9.8,0.04,-0.02,0.02,0.05,26.79,Mov01
0.13,-9.8,-0.05,-0.02,-0.0,0.03,26.8,Mov01
0.21,-9.8,-0.14,-0.02,-0.01,0.03,26.8,Mov01
0.24,-9.79,-0.16,-0.01,0.0,0.04,26.79,Mov01
0.22,-9.76,-0.1,0.0,0.01,0.04,26.8,Mov01
0.15,-9.76,-0.04,0.0,0.01,0.04,26.8,Mov01
0.11,-9.75,-0.01,0.0,0.01,0.03,26.8,Mov01
0.12,-9.74,0.0,-0.0,-0.01,0.02,26.8,Mov01
0.19,-9.76,-0.01,-0.01,-0.02,0.02,26.79,Mov01
0.26,-9.79,-0.05,-0.01,-0.03,0.02,26.8,Mov01
0.3,-9.79,-0.06,-0.0,-0.02,0.04,26.8,Mov01
0.29,-9.8,-0.07,0.0,-0.01,0.05,26.8,Mov01
0.26,-9.82,-0.1,0.0,-0.01,0.05,26.8,Mov01
0.24,-9.82,-0.11,0.01,-0.02,0.06,26.81,Mov01
0.22,-9.81,-0.08,0.01,-0.02,0.06,26.81,Mov01
0.2,-9.81,-0.03,0.01,-0.02,0.06,26.81,Mov01
0.2,-9.81,0.01,0.01,-0.02,0.06,26.8,Mov01
0.19,-9.8,0.03,0.0,-0.02,0.06,26.8,Mov01
0.18,-9.78,0.05,-0.01,-0.01,0.06,26.8,Mov01
0.12,-9.77,0.04,-0.02,0.0,0.05,26.8,Mov01
0.08,-9.77,0.01,-0.02,0.01,0.04,26.8,Mov01
0.07,-9.78,-0.07,-0.03,0.0,0.03,26.8,Mov01
0.09,-9.8,-0.14,-0.02,-0.01,0.03,26.81,Mov01
0.13,-9.8,-0.15,-0.0,-0.01,0.03,26.81,Mov01
0.18,-9.77,-0.09,0.01,-0.01,0.03,26.81,Mov01
0.25,-9.75,-0.02,0.0,-0.01,0.03,26.8,Mov01
0.28,-9.74,0.01,-0.01,0.01,0.04,26.81,Mov01
0.26,-9.75,-0.01,-0.01,0.02,0.04,26.81,Mov01
0.21,-9.77,-0.08,-0.02,0.02,0.04,26.81,Mov01
0.15,-9.81,-0.16,-0.01,0.0,0.04,26.81,Mov01
0.13,-9.82,-0.19,0.0,-0.01,0.04,26.8,Mov01
0.13,-9.82,-0.16,0.02,-0.02,0.04,26.8,Mov01
0.14,-9.8,-0.07,0.03,-0.02,0.04,26.8,Mov01
0.17,-9.8,0.07,0.02,-0.01,0.04,26.8,Mov01
0.17,-9.8,0.14,0.0,0.0,0.04,26.8,Mov01
0.13,-9.82,0.14,-0.01,0.01,0.04,26.8,Mov01
0.09,-9.83,0.07,-0.03,0.01,0.03,26.8,Mov01
0.08,-9.83,0.0,-0.03,0.01,0.02,26.8,Mov01
0.08,-9.82,-0.09,-0.03,0.01,0.02,26.81,Mov01
0.11,-9.81,-0.16,-0.02,-0.0,0.02,26.8,Mov01
0.17,-9.76,-0.16,-0.0,-0.0,0.02,26.8,Mov01
0.21,-9.73,-0.07,0.0,0.01,0.03,26.8,Mov01
0.22,-9.73,-0.0,-0.0,0.02,0.03,26.8,Mov01
0.21,-9.76,0.0,-0.01,0.01,0.03,26.8,Mov01
0.21,-9.79,-0.04,-0.02,0.01,0.03,26.8,Mov01
0.21,-9.8,-0.08,-0.01,0.01,0.03,26.8,Mov01
0.21,-9.79,-0.09,-0.01,0.01,0.03,26.8,Mov01
0.2,-9.78,-0.09,-0.0,0.01,0.03,26.81,Mov01
0.2,-9.76,-0.1,-0.0,0.01,0.03,26.81,Mov01
0.21,-9.76,-0.09,-0.0,0.01,0.03,26.81,Mov01
0.22,-9.77,-0.07,0.0,0.01,0.03,26.81,Mov01
0.24,-9.79,-0.07,0.0,-0.0,0.03,26.81,Mov01
0.26,-9.8,-0.09,0.01,-0.01,0.04,26.8,Mov01
0.26,-9.8,-0.08,0.01,-0.01,0.04,26.8,Mov01
0.23,-9.79,-0.05,0.01,-0.0,0.05,26.8,Mov01
0.19,-9.79,-0.02,0.01,0.0,0.05,26.8,Mov01
0.14,-9.79,-0.0,0.0,0.01,0.04,26.8,Mov01
0.12,-9.78,-0.01,-0.01,0.01,0.03,26.81,Mov01
0.11,-9.8,-0.05,-0.02,0.01,0.02,26.81,Mov01
0.13,-9.82,-0.08,-0.01,0.0,0.02,26.82,Mov01
0.17,-9.81,-0.08,-0.01,0.0,0.02,26.82,Mov01
0.2,-9.8,-0.07,-0.0,0.0,0.03,26.82,Mov01
0.2,-9.77,-0.09,0.0,0.01,0.04,26.82,Mov01
0.17,-9.76,-0.08,0.01,0.01,0.04,26.82,Mov01
0.15,-9.75,-0.06,0.01,0.01,0.04,26.82,Mov01
0.15,-9.75,-0.03,0.01,0.01,0.03,26.82,Mov01
0.18,-9.76,-0.01,0.0,0.01,0.03,26.82,Mov01
0.22,-9.77,-0.01,-0.0,0.01,0.02,26.82,Mov01
0.24,-9.79,-0.03,-0.01,0.02,0.02,26.82,Mov01
0.22,-9.8,-0.05,-0.01,0.03,0.03,26.81,Mov01
0.19,-9.81,-0.05,-0.0,0.02,0.03,26.81,Mov01
0.19,-9.8,-0.06,-0.0,0.01,0.03,26.81,Mov01
0.21,-9.8,-0.06,0.0,0.01,0.03,26.81,Mov01
0.23,-9.8,-0.06,0.0,0.01,0.03,26.81,Mov01
0.25,-9.8,-0.05,0.01,0.0,0.04,26.82,Mov01
0.25,-9.79,-0.03,0.01,0.01,0.04,26.82,Mov01
0.24,-9.79,0.0,0.0,0.01,0.04,26.81,Mov01
0.2,-9.8,-0.02,-0.01,0.02,0.04,26.81,Mov01
0.16,-9.81,-0.05,-0.01,0.02,0.04,26.81,Mov01
0.13,-9.81,-0.08,-0.01,0.01,0.04,26.81,Mov01
0.13,-9.79,-0.06,-0.0,0.01,0.03,26.81,Mov01
0.16,-9.81,-0.06,0.0,0.01,0.03,26.81,Mov01
0.19,-9.81,-0.06,0.0,0.0,0.03,26.82,Mov01
0.23,-9.8,-0.03,0.01,0.0,0.04,26.81,Mov01
0.22,-9.79,-0.01,0.01,0.01,0.04,26.82,Mov01
0.18,-9.79,0.01,0.01,0.02,0.04,26.82,Mov01
0.14,-9.78,0.0,0.0,0.02,0.04,26.82,Mov01
0.13,-9.77,-0.02,-0.0,0.01,0.03,26.82,Mov01
0.16,-9.78,-0.02,-0.0,-0.0,0.02,26.82,Mov01
0.21,-9.78,0.02,-0.0,-0.01,0.02,26.82,Mov01
0.25,-9.78,0.02,-0.01,-0.01,0.02,26.82,Mov01
0.27,-9.81,-0.01,-0.01,-0.0,0.03,26.81,Mov01
0.28,-9.83,-0.05,-0.01,-0.01,0.04,26.81,Mov01
0.25,-9.84,-0.07,-0.01,-0.0,0.05,26.81,Mov01
0.2,-9.82,-0.07,-0.0,0.0,0.05,26.81,Mov01
0.15,-9.82,-0.06,-0.01,-0.0,0.05,26.82,Mov01
0.13,-9.81,-0.07,-0.01,-0.01,0.04,26.82,Mov01
0.13,-9.8,-0.06,-0.01,-0.01,0.03,26.82,Mov01
0.14,-9.79,-0.01,-0.01,-0.01,0.03,26.82,Mov01
0.16,-9.78,0.03,-0.01,-0.0,0.03,26.82,Mov01
0.17,-9.77,0.04,-0.02,0.01,0.03,26.82,Mov01
0.17,-9.77,0.01,-0.02,0.01,0.03,26.82,Mov01
0.2,-9.79,-0.06,-0.02,0.0,0.03,26.82,Mov01
0.22,-9.79,-0.13,-0.02,-0.0,0.03,26.83,Mov01
0.21,-9.78,-0.16,-0.0,-0.0,0.04,26.83,Mov01
0.19,-9.75,-0.12,0.01,0.0,0.04,26.83,Mov01
0.18,-9.72,-0.08,0.01,0.0,0.04,26.83,Mov01
0.16,-9.72,-0.05,0.01,0.01,0.04,26.83,Mov01
0.15,-9.74,-0.02,0.01,0.01,0.03,26.82,Mov01
0.17,-9.76,-0.02,0.0,0.01,0.02,26.82,Mov01
0.2,-9.78,0.0,0.0,0.01,0.02,26.82,Mov01
0.25,-9.8,0.02,0.0,0.0,0.02,26.82,Mov01
0.3,-9.81,0.02,-0.0,0.01,0.03,26.82,Mov01
0.3,-9.82,0.03,-0.01,0.02,0.03,26.82,Mov01
0.25,-9.83,0.0,-0.01,0.02,0.04,26.82,Mov01
0.18,-9.83,-0.05,-0.01,0.01,0.05,26.82,Mov01
0.14,-9.84,-0.08,-0.01,-0.0,0.05,26.82,Mov01
0.14,-9.83,-0.07,-0.0,-0.02,0.04,26.82,Mov01
0.2,-9.81,-0.05,0.0,-0.02,0.04,26.82,Mov01
0.24,-9.79,-0.04,-0.0,-0.01,0.04,26.82,Mov01
0.23,-9.78,-0.04,-0.01,0.01,0.04,26.82,Mov01
0.19,-9.78,-0.07,-0.01,0.02,0.04,26.82,Mov01
0.16,-9.77,-0.08,-0.01,0.02,0.04,26.82,Mov01
0.17,-9.79,-0.09,-0.0,0.01,0.03,26.82,Mov01
0.19,-9.78,-0.07,0.0,0.0,0.03,26.82,Mov01
0.22,-9.78,-0.03,0.01,-0.0,0.03,26.82,Mov01
0.25,-9.79,0.01,0.0,0.0,0.04,26.83,Mov01
0.25,-9.8,-0.0,-0.0,0.0,0.04,26.82,Mov01
0.22,-9.81,-0.03,-0.0,0.01,0.05,26.82,Mov01
0.16,-9.8,-0.04,0.0,0.01,0.05,26.82,Mov01
0.12,-9.78,-0.05,0.0,0.0,0.05,26.82,Mov01
0.11,-9.78,-0.03,0.0,-0.01,0.04,26.82,Mov01
0.17,-9.79,-0.02,0.0,-0.02,0.03,26.82,Mov01
0.25,-9.8,-0.01,-0.0,-0.02,0.03,26.82,Mov01
0.29,-9.81,-0.0,-0.0,-0.01,0.04,26.82,Mov01
0.25,-9.81,0.01,-0.0,0.0,0.05,26.83,Mov01
0.19,-9.81,0.03,-0.01,0.0,0.06,26.82,Mov01
0.12,-9.8,0.04,-0.01,-0.01,0.05,26.82,Mov01
0.09,-9.79,0.02,-0.02,-0.02,0.04,26.82,Mov01
0.11,-9.78,-0.03,-0.02,-0.03,0.04,26.83,Mov01
0.16,-9.77,-0.08,-0.02,-0.03,0.03,26.83,Mov01
0.2,-9.76,-0.09,-0.02,-0.02,0.03,26.82,Mov01
0.2,-9.74,-0.09,-0.01,-0.01,0.03,26.83,Mov01
0.18,-9.75,-0.1,-0.01,-0.0,0.03,26.82,Mov01
0.16,-9.76,-0.08,-0.01,-0.0,0.04,26.82,Mov01
0.15,-9.76,-0.09,-0.01,-0.0,0.03,26.82,Mov01
0.17,-9.77,-0.08,-0.01,-0.0,0.03,26.83,Mov01
0.19,-9.78,-0.1,-0.01,-0.0,0.03,26.83,Mov01
0.2,-9.77,-0.13,-0.0,0.0,0.04,26.83,Mov01
0.17,-9.78,-0.14,0.01,0.01,0.05,26.83,Mov01
0.13,-9.79,-0.13,0.01,0.01,0.05,26.83,Mov01
0.09,-9.79,-0.1,0.02,0.01,0.05,26.83,Mov01
0.07,-9.8,-0.04,0.02,0.01,0.04,26.83,Mov01
0.08,-9.83,0.03,0.01,0.0,0.03,26.83,Mov01
0.13,-9.83,0.05,0.0,-0.0,0.01,26.83,Mov01
0.21,-9.85,0.04,-0.01,0.0,0.01,26.82,Mov01
0.27,-9.86,0.04,-0.01,0.0,0.02,26.83,Mov01
0.28,-9.86,0.01,-0.01,0.01,0.03,26.84,Mov01
0.23,-9.84,0.02,-0.02,0.02,0.04,26.82,Mov01
0.18,-9.82,0.01,-0.02,0.01,0.04,26.83,Mov01
0.16,-9.79,-0.03,-0.03,0.0,0.03,26.83,Mov01
0.16,-9.78,-0.09,-0.03,-0.0,0.03,26.84,Mov01
0.17,-9.77,-0.11,-0.02,-0.0,0.03,26.84,Mov01
0.18,-9.76,-0.11,-0.01,0.0,0.03,26.83,Mov01
0.18,-9.75,-0.09,-0.0,0.0,0.03,26.82,Mov01
0.18,-9.74,-0.06,-0.0,0.0,0.03,26.83,Mov01
0.19,-9.74,-0.03,-0.0,0.01,0.03,26.83,Mov01
0.18,-9.74,0.0,-0.0,0.01,0.03,26.84,Mov01
0.18,-9.75,-0.02,-0.01,0.01,0.03,26.83,Mov01
0.18,-9.79,-0.07,-0.01,0.02,0.03,26.84,Mov01
0.15,-9.81,-0.07,-0.0,0.02,0.04,26.84,Mov01
0.1,-9.8,-0.04,0.01,0.03,0.04,26.83,Mov01
0.08,-9.78,-0.01,0.0,0.02,0.03,26.84,Mov01
0.1,-9.78,-0.04,-0.01,0.01,0.02,26.84,Mov01
0.18,-9.79,-0.14,-0.01,-0.0,0.01,26.83,Mov01
0.26,-9.81,-0.19,0.01,0.0,0.02,26.84,Mov01
0.26,-9.82,-0.14,0.02,0.01,0.03,26.84,Mov01
0.22,-9.81,-0.04,0.02,0.02,0.03,26.84,Mov01
0.18,-9.81,0.07,0.02,0.02,0.03,26.85,Mov01
0.18,-9.8,0.12,0.0,0.0,0.02,26.84,Mov01
0.22,-9.81,0.08,-0.02,-0.0,0.01,26.84,Mov01
0.27,-9.82,-0.06,-0.02,0.0,0.02,26.84,Mov01
0.27,-9.82,-0.15,-0.02,0.01,0.03,26.83,Mov01
0.21,-9.8,-0.18,-0.0,0.02,0.04,26.84,Mov01
0.15,-9.76,-0.15,0.01,0.02,0.04,26.84,Mov01
0.12,-9.74,-0.06,0.02,0.01,0.03,26.84,Mov01
0.15,-9.74,-0.03,0.01,0.0,0.01,26.84,Mov01
0.22,-9.77,-0.02,0.01,-0.0,0.01,26.84,Mov01
0.29,-9.79,-0.02,0.0,-0.0,0.01,26.84,Mov01
0.31,-9.81,-0.03,0.0,0.01,0.03,26.83,Mov01
0.28,-9.82,-0.02,0.0,0.02,0.04,26.83,Mov01
0.21,-9.81,-0.02,0.01,0.02,0.04,26.84,Mov01
0.15,-9.79,-0.02,0.01,0.02,0.04,26.84,Mov01
0.14,-9.77,-0.02,0.0,0.01,0.03,26.84,Mov01
0.18,-9.76,-0.03,0.0,0.0,0.02,26.84,Mov01
0.25,-9.76,-0.03,0.0,0.0,0.02,26.84,Mov01
0.29,-9.77,-0.04,0.0,0.01,0.02,26.84,Mov01
0.3,-9.78,-0.03,0.0,0.01,0.03,26.84,Mov01
0.29,-9.78,-0.03,0.01,0.02,0.04,26.84,Mov01
0.26,-9.77,-0.02,0.01,0.02,0.04,26.84,Mov01
0.22,-9.77,-0.01,0.01,0.01,0.05,26.84,Mov01
0.2,-9.76,-0.0,0.01,0.0,0.04,26.84,Mov01
0.19,-9.76,0.02,0.01,-0.0,0.04,26.84,Mov01
0.21,-9.76,0.04,0.01,-0.0,0.03,26.84,Mov01
0.24,-9.76,0.04,-0.0,-0.0,0.03,26.84,Mov01
0.28,-9.77,0.01,-0.01,-0.0,0.03,26.84,Mov01
0.29,-9.78,-0.04,-0.01,0.01,0.04,26.84,Mov01
0.26,-9.77,-0.07,-0.01,0.01,0.04,26.84,Mov01
0.22,-9.77,-0.1,-0.01,0.01,0.05,26.84,Mov01
0.17,-9.78,-0.09,0.0,0.01,0.04,26.84,Mov01
0.15,-9.79,-0.06,0.01,-0.0,0.04,26.84,Mov01
0.17,-9.8,-0.01,0.01,-0.01,0.03,26.85,Mov01
0.2,-9.82,-0.01,0.0,-0.01,0.03,26.85,Mov01
0.23,-9.84,-0.06,0.0,-0.01,0.03,26.85,Mov01
0.23,-9.84,-0.06,0.01,-0.01,0.04,26.85,Mov01
0.19,-9.83,-0.02,0.02,-0.0,0.05,26.85,Mov01
0.18,-9.81,0.07,0.01,-0.01,0.04,26.84,Mov01
0.19,-9.8,0.12,-0.0,-0.01,0.04,26.85,Mov01
0.22,-9.8,0.09,-0.02,-0.01,0.03,26.85,Mov01
0.24,-9.8,0.01,-0.02,-0.0,0.03,26.85,Mov01
0.22,-9.8,-0.04,-0.02,0.01,0.04,26.85,Mov01
0.19,-9.77,-0.05,-0.01,0.01,0.04,26.84,Mov01
0.16,-9.75,-0.05,-0.01,0.01,0.04,26.84,Mov01
0.13,-9.74,-0.08,-0.01,0.01,0.03,26.85,Mov01
0.14,-9.75,-0.12,-0.0,0.01,0.02,26.85,Mov01
0.17,-9.76,-0.1,0.0,-0.0,0.02,26.84,Mov01
0.23,-9.77,-0.1,0.01,-0.01,0.03,26.84,Mov01
0.24,-9.77,-0.03,0.02,-0.01,0.03,26.84,Mov01
0.25,-9.76,0.06,0.02,-0.0,0.04,26.84,Mov01
0.22,-9.76,0.09,0.01,0.01,0.04,26.84,Mov01
0.17,-9.77,0.08,0.0,0.01,0.03,26.85,Mov01
0.15,-9.79,0.02,-0.0,-0.0,0.02,26.84,Mov01
0.17,-9.8,0.02,-0.0,-0.0,0.02,26.85,Mov01
0.19,-9.81,0.0,-0.01,0.0,0.01,26.85,Mov01
0.21,-9.82,-0.01,-0.01,0.01,0.01,26.84,Mov01
0.24,-9.83,-0.05,-0.01,0.0,0.02,26.84,Mov01
0.26,-9.82,-0.07,-0.01,0.0,0.03,26.84,Mov01
0.26,-9.81,-0.06,-0.0,0.0,0.04,26.84,Mov01
0.25,-9.81,-0.03,-0.0,0.01,0.04,26.85,Mov01
0.23,-9.81,-0.02,-0.01,0.01,0.04,26.84,Mov01
0.22,-9.8,-0.03,-0.01,0.01,0.03,26.85,Mov01
0.22,-9.8,-0.03,-0.01,0.01,0.03,26.84,Mov01
0.23,-9.79,-0.03,-0.01,0.01,0.03,26.84,Mov01
0.23,-9.79,-0.02,-0.01,0.01,0.03,26.84,Mov01
0.23,-9.8,-0.03,-0.0,0.01,0.03,26.85,Mov01
0.23,-9.78,-0.0,0.0,0.0,0.04,26.84,Mov01
0.23,-9.76,0.04,-0.0,0.0,0.04,26.85,Mov01
0.23,-9.75,0.04,-0.01,0.0,0.03,26.84,Mov01
0.24,-9.76,0.0,-0.01,0.01,0.03,26.85,Mov01
0.23,-9.77,-0.07,-0.01,0.02,0.03,26.85,Mov01
0.2,-9.78,-0.1,-0.0,0.02,0.03,26.85,Mov01
0.18,-9.77,-0.06,0.01,0.02,0.03,26.84,Mov01
0.17,-9.78,0.02,0.01,0.01,0.03,26.85,Mov01
0.19,-9.78,0.06,0.0,0.0,0.02,26.85,Mov01
0.25,-9.79,0.06,-0.0,-0.01,0.02,26.84,Mov01
0.32,-9.81,-0.02,-0.01,-0.0,0.02,26.85,Mov01
0.34,-9.81,-0.07,-0.01,0.01,0.03,26.85,Mov01
0.3,-9.81,-0.08,0.0,0.01,0.04,26.85,Mov01
0.24,-9.79,-0.06,0.01,0.01,0.05,26.85,Mov01
0.18,-9.77,-0.03,0.01,0.01,0.04,26.85,Mov01
0.18,-9.75,0.02,0.01,0.0,0.03,26.85,Mov01
0.22,-9.75,0.03,0.0,-0.01,0.02,26.85,Mov01
0.28,-9.76,0.03,-0.01,-0.01,0.02,26.85,Mov01
0.32,-9.78,0.0,-0.01,0.0,0.03,26.85,Mov01
0.3,-9.79,-0.01,-0.01,0.01,0.04,26.86,Mov01
0.25,-9.81,-0.03,0.0,0.01,0.04,26.85,Mov01
0.21,-9.81,-0.04,0.0,0.0,0.04,26.85,Mov01
0.19,-9.81,-0.06,0.0,-0.01,0.04,26.85,Mov01
0.18,-9.83,-0.06,0.01,-0.01,0.04,26.85,Mov01
0.2,-9.81,-0.0,0.01,-0.01,0.04,26.85,Mov01
0.21,-9.78,0.06,0.01,-0.01,0.03,26.85,Mov01
0.21,-9.78,0.09,-0.0,-0.0,0.03,26.85,Mov01
0.22,-9.79,0.09,-0.01,0.0,0.03,26.86,Mov01
0.24,-9.79,0.08,-0.02,0.0,0.02,26.86,Mov01
0.25,-9.79,0.06,-0.02,0.01,0.03,26.86,Mov01
0.26,-9.78,0.0,-0.02,0.01,0.03,26.85,Mov01
0.26,-9.76,-0.05,-0.02,0.01,0.03,26.84,Mov01
0.24,-9.76,-0.1,-0.02,0.01,0.03,26.85,Mov01
0.23,-9.76,-0.11,-0.01,0.01,0.03,26.85,Mov01
0.23,-9.76,-0.1,0.0,0.0,0.02,26.86,Mov01
0.26,-9.75,-0.06,0.01,-0.01,0.02,26.85,Mov01
0.3,-9.76,-0.0,0.01,-0.02,0.02,26.85,Mov01
0.34,-9.78,0.05,0.01,-0.02,0.03,26.85,Mov01
0.35,-9.81,0.06,0.0,-0.01,0.04,26.85,Mov01
0.31,-9.81,0.08,-0.0,-0.0,0.05,26.85,Mov01
0.25,-9.8,0.11,-0.0,0.01,0.05,26.85,Mov01
0.18,-9.78,0.1,-0.01,0.0,0.05,26.85,Mov01
0.17,-9.76,0.03,-0.02,-0.0,0.04,26.86,Mov01
0.18,-9.77,-0.08,-0.03,-0.0,0.03,26.86,Mov01
0.22,-9.78,-0.18,-0.02,-0.01,0.03,26.86,Mov01
0.24,-9.78,-0.18,0.0,-0.01,0.04,26.86,Mov01
0.25,-9.76,-0.09,0.02,-0.0,0.04,26.86,Mov01
0.24,-9.76,-0.01,0.01,0.0,0.04,26.86,Mov01
0.23,-9.79,0.03,0.01,0.01,0.04,26.86,Mov01
0.22,-9.81,0.03,0.0,0.01,0.03,26.85,Mov01
0.21,-9.82,0.01,-0.0,0.01,0.03,26.86,Mov01
0.21,-9.81,-0.01,-0.0,0.01,0.03,26.85,Mov01
0.21,-9.79,-0.02,-0.0,0.01,0.02,26.84,Mov01
0.22,-9.78,-0.07,-0.0,0.01,0.02,26.84,Mov01
0.22,-9.79,-0.1,-0.0,0.02,0.02,26.85,Mov01
0.24,-9.8,-0.07,0.01,0.01,0.02,26.85,Mov01
0.27,-9.8,0.01,0.01,0.01,0.02,26.86,Mov01
0.31,-9.78,0.08,0.0,0.01,0.02,26.86,Mov01
0.36,-9.77,0.1,-0.01,0.02,0.02,26.86,Mov01
0.35,-9.79,0.03,-0.02,0.03,0.02,26.87,Mov01
0.34,-9.79,-0.09,-0.01,0.01,0.03,26.87,Mov01
0.33,-9.76,-0.12,0.0,0.02,0.05,26.87,Mov01
0.26,-9.74,-0.08,0.01,0.02,0.05,26.87,Mov01
0.23,-9.72,-0.03,0.01,0.01,0.04,26.86,Mov01
0.23,-9.73,-0.0,0.01,0.01,0.04,26.86,Mov01
0.23,-9.75,0.04,0.01,0.0,0.03,26.86,Mov01
0.26,-9.76,0.09,0.01,-0.0,0.03,26.86,Mov01
0.28,-9.78,0.08,0.0,0.0,0.04,26.86,Mov01
0.26,-9.8,0.07,0.0,0.01,0.04,26.86,Mov01
0.24,-9.82,0.08,-0.0,0.01,0.04,26.86,Mov01
0.2,-9.82,0.08,-0.0,0.02,0.04,26.87,Mov01
0.17,-9.82,0.07,-0.01,0.02,0.04,26.86,Mov01
0.17,-9.82,0.03,-0.02,0.02,0.03,26.86,Mov01
0.19,-9.79,-0.02,-0.02,0.02,0.02,26.86,Mov01
0.25,-9.79,-0.06,-0.02,0.01,0.02,26.87,Mov01
0.29,-9.8,-0.11,-0.01,0.01,0.03,26.85,Mov01
0.33,-9.82,-0.11,0.0,0.0,0.04,26.86,Mov01
0.33,-9.81,-0.05,0.01,-0.0,0.05,26.86,Mov01
0.29,-9.78,0.03,0.01,-0.0,0.05,26.87,Mov01
0.24,-9.77,0.07,0.01,0.0,0.05,26.87,Mov01
0.2,-9.77,0.07,-0.0,0.0,0.04,26.87,Mov01
0.19,-9.79,0.04,-0.01,0.0,0.03,26.87,Mov01
0.21,-9.78,0.04,-0.01,0.0,0.03,26.87,Mov01
0.26,-9.78,0.07,-0.01,0.01,0.03,26.87,Mov01
0.31,-9.76,0.05,-0.02,0.02,0.04,26.87,Mov01
0.29,-9.77,0.04,-0.02,0.03,0.04,26.87,Mov01
0.26,-9.77,0.03,-0.02,0.03,0.05,26.87,Mov01
0.22,-9.77,0.01,-0.02,0.02,0.05,26.87,Mov01
0.22,-9.76,0.01,-0.02,-0.0,0.04,26.86,Mov01
0.25,-9.77,0.01,-0.02,-0.01,0.03,26.87,Mov01
0.28,-9.77,-0.03,-0.02,-0.01,0.03,26.87,Mov01
0.28,-9.76,-0.07,-0.02,-0.0,0.03,26.86,Mov01
0.26,-9.76,-0.08,-0.01,0.01,0.04,26.86,Mov01
0.22,-9.77,-0.06,-0.01,0.0,0.04,26.86,Mov01
0.2,-9.78,0.0,-0.01,-0.0,0.03,26.87,Mov01
0.21,-9.79,0.06,-0.01,-0.01,0.03,26.86,Mov01
0.27,-9.81,0.04,-0.02,-0.03,0.02,26.86,Mov01
0.33,-9.81,-0.01,-0.02,-0.03,0.03,26.86,Mov01
0.36,-9.8,-0.05,-0.01,-0.02,0.04,26.86,Mov01
0.31,-9.78,-0.06,-0.01,-0.01,0.05,26.87,Mov01
0.25,-9.78,-0.06,-0.01,-0.0,0.05,26.87,Mov01
0.21,-9.77,-0.08,-0.01,-0.01,0.04,26.87,Mov01
0.21,-9.77,-0.03,-0.0,-0.01,0.04,26.87,Mov01
0.24,-9.77,0.04,-0.01,-0.01,0.03,26.87,Mov01
0.27,-9.79,0.03,-0.02,-0.0,0.03,26.87,Mov01
0.28,-9.8,-0.03,-0.02,0.0,0.04,26.87,Mov01
0.25,-9.82,-0.07,-0.01,0.01,0.04,26.87,Mov01
0.22,-9.8,-0.07,-0.01,0.0,0.04,26.87,Mov01
0.21,-9.79,-0.05,-0.0,-0.0,0.04,26.87,Mov01
0.23,-9.78,-0.01,-0.0,-0.01,0.04,26.86,Mov01
0.26,-9.78,0.04,-0.01,-0.01,0.04,26.87,Mov01
0.27,-9.77,0.08,-0.01,0.0,0.04,26.86,Mov01
0.27,-9.79,0.04,-0.02,0.01,0.04,26.87,Mov01
0.25,-9.8,-0.02,-0.03,0.02,0.04,26.87,Mov01
0.2,-9.8,-0.05,-0.02,0.02,0.04,26.87,Mov01
0.17,-9.79,-0.04,-0.02,0.01,0.04,26.87,Mov01
0.18,-9.77,-0.08,-0.01,0.0,0.04,26.86,Mov01
0.2,-9.77,-0.12,-0.01,0.01,0.03,26.86,Mov01
0.21,-9.77,-0.13,-0.0,0.01,0.03,26.87,Mov01
0.21,-9.76,-0.07,0.01,0.02,0.03,26.86,Mov01
0.22,-9.77,0.01,0.0,0.02,0.03,26.86,Mov01
0.25,-9.8,0.01,-0.0,0.01,0.03,26.87,Mov01
0.26,-9.82,-0.01,-0.01,0.01,0.03,26.87,Mov01
0.27,-9.81,-0.03,-0.0,0.02,0.03,26.87,Mov01
0.26,-9.8,-0.04,-0.01,0.02,0.03,26.87,Mov01
0.24,-9.8,-0.06,-0.01,0.01,0.03,26.87,Mov01
0.24,-9.78,-0.08,-0.0,0.01,0.03,26.87,Mov01
0.24,-9.77,-0.07,0.0,0.01,0.02,26.87,Mov01
0.27,-9.75,-0.03,-0.0,0.0,0.02,26.87,Mov01
0.32,-9.75,-0.02,-0.01,-0.0,0.02,26.87,Mov01
0.36,-9.76,-0.07,-0.01,-0.0,0.03,26.87,Mov01
0.35,-9.77,-0.07,0.0,0.01,0.04,26.87,Mov01
0.3,-9.78,-0.05,0.0,0.01,0.05,26.87,Mov01
0.23,-9.79,-0.03,0.0,0.01,0.05,26.87,Mov01
0.2,-9.8,-0.04,0.0,0.0,0.04,26.87,Mov01
0.19,-9.81,-0.08,0.0,-0.01,0.04,26.87,Mov01
0.2,-9.82,-0.08,0.01,-0.01,0.03,26.87,Mov01
0.24,-9.82,-0.04,0.01,-0.01,0.03,26.87,Mov01
0.25,-9.81,-0.02,0.01,-0.01,0.03,26.87,Mov01
0.25,-9.8,0.01,0.01,-0.0,0.04,26.87,Mov01
0.23,-9.81,0.04,0.0,0.0,0.04,26.88,Mov01
0.21,-9.82,0.03,-0.01,0.0,0.04,26.88,Mov01
0.21,-9.82,0.0,-0.01,-0.0,0.03,26.87,Mov01
0.21,-9.81,-0.02,-0.01,0.0,0.03,26.87,Mov01
0.22,-9.81,-0.05,-0.01,0.01,0.03,26.87,Mov01
0.23,-9.81,-0.07,-0.01,0.01,0.03,26.87,Mov01
0.22,-9.8,-0.1,-0.0,0.01,0.03,26.87,Mov01
0.19,-9.79,-0.07,0.01,0.01,0.04,26.88,Mov01
0.18,-9.78,-0.0,0.01,0.01,0.03,26.88,Mov01
0.18,-9.77,0.05,0.0,0.0,0.03,26.88,Mov01
0.21,-9.78,0.06,-0.0,0.0,0.02,26.87,Mov01
0.24,-9.78,0.03,-0.01,0.01,0.02,26.87,Mov01
0.26,-9.78,-0.02,-0.01,0.01,0.02,26.88,Mov01
0.26,-9.77,-0.06,-0.01,0.02,0.02,26.88,Mov01
0.25,-9.76,-0.09,-0.0,0.03,0.03,26.87,Mov01
0.24,-9.75,-0.09,-0.0,0.02,0.02,26.87,Mov01
0.24,-9.77,-0.09,0.0,0.02,0.02,26.87,Mov01
0.27,-9.79,-0.04,0.01,0.01,0.02,26.88,Mov01
0.29,-9.8,0.01,0.01,0.0,0.02,26.88,Mov01
0.32,-9.79,0.02,0.01,0.0,0.02,26.89,Mov01
0.33,-9.79,0.02,0.0,0.01,0.03,26.88,Mov01
0.29,-9.78,0.03,0.0,0.02,0.03,26.88,Mov01
0.27,-9.77,0.01,-0.0,0.02,0.03,26.88,Mov01
0.27,-9.76,-0.01,-0.0,0.02,0.02,26.87,Mov01
0.29,-9.76,-0.05,-0.01,0.01,0.02,26.87,Mov01
0.31,-9.78,-0.13,-0.0,0.0,0.02,26.88,Mov01
0.33,-9.8,-0.12,0.01,0.0,0.03,26.88,Mov01
0.31,-9.8,-0.08,0.01,0.0,0.03,26.88,Mov01
0.29,-9.81,-0.02,0.01,-0.0,0.03,26.88,Mov01
0.29,-9.82,0.03,0.01,-0.0,0.03,26.88,Mov01
0.31,-9.83,0.05,0.0,-0.01,0.03,26.88,Mov01
0.35,-9.83,0.05,-0.01,-0.01,0.03,26.88,Mov01
0.35,-9.83,0.03,-0.01,-0.0,0.04,26.88,Mov01
0.3,-9.81,-0.01,-0.02,0.0,0.04,26.88,Mov01
0.24,-9.79,-0.02,-0.02,0.01,0.05,26.88,Mov01
0.2,-9.77,-0.03,-0.01,0.0,0.04,26.87,Mov01
0.2,-9.75,-0.04,-0.01,-0.0,0.03,26.87,Mov01
0.22,-9.75,-0.06,-0.01,-0.01,0.03,26.87,Mov01
0.25,-9.75,-0.1,-0.01,-0.0,0.02,26.87,Mov01
0.28,-9.77,-0.08,-0.0,0.0,0.03,26.88,Mov01
0.28,-9.76,-0.05,0.01,0.0,0.03,26.88,Mov01
0.27,-9.76,-0.0,0.01,0.0,0.04,26.88,Mov01
0.25,-9.76,0.03,0.01,0.0,0.03,26.87,Mov01
0.25,-9.76,0.05,0.0,0.0,0.03,26.87,Mov01
0.28,-9.78,0.02,-0.01,0.0,0.03,26.87,Mov01
0.29,-9.79,-0.04,-0.01,0.0,0.03,26.87,Mov01
0.28,-9.79,-0.09,-0.0,0.01,0.03,26.87,Mov01
0.26,-9.79,-0.07,0.01,0.02,0.03,26.88,Mov01
0.23,-9.79,-0.0,0.01,0.02,0.03,26.88,Mov01
0.23,-9.79,0.04,0.01,0.01,0.02,26.88,Mov01
0.26,-9.8,0.05,-0.0,0.0,0.02,26.88,Mov01
0.3,-9.81,0.02,-0.01,-0.0,0.02,26.88,Mov01
0.34,-9.81,-0.01,-0.0,0.0,0.02,26.88,Mov01
0.34,-9.79,0.0,-0.0,0.0,0.03,26.88,Mov01
0.32,-9.77,0.03,-0.0,0.01,0.03,26.89,Mov01
0.31,-9.77,0.04,-0.01,0.0,0.03,26.89,Mov01
0.31,-9.77,-0.02,-0.01,0.0,0.03,26.89,Mov01
0.31,-9.77,-0.08,-0.01,0.01,0.03,26.88,Mov01
0.3,-9.76,-0.07,-0.0,0.01,0.03,26.88,Mov01
0.29,-9.77,-0.03,0.0,0.0,0.03,26.88,Mov01
0.3,-9.76,0.03,0.0,-0.0,0.03,26.88,Mov01
0.34,-9.78,0.04,-0.01,-0.01,0.03,26.88,Mov01
0.34,-9.79,-0.01,-0.01,-0.01,0.04,26.88,Mov01
0.31,-9.78,-0.04,-0.0,0.01,0.04,26.89,Mov01
-0.7,-0.02,8.87,-0.0,0.0,0.04,26.91,Mov00
-0.7,-0.02,8.87,-0.0,0.0,0.04,26.92,Mov00
-0.7,-0.02,8.86,-0.0,0.0,0.04,26.92,Mov00
-0.7,-0.01,8.87,-0.0,0.0,0.04,26.91,Mov00
-0.7,-0.01,8.87,-0.0,0.0,0.04,26.91,Mov00
-0.7,-0.02,8.88,-0.0,0.0,0.04,26.9,Mov00
-0.69,-0.02,8.88,-0.0,0.0,0.04,26.91,Mov00
-0.69,-0.02,8.87,-0.0,0.0,0.04,26.91,Mov00
-0.7,-0.02,8.87,-0.0,0.0,0.04,26.89,Mov00
-0.7,-0.02,8.87,-0.0,0.0,0.04,26.9,Mov00
-0.71,-0.03,8.87,-0.0,0.0,0.04,26.9,Mov00
-0.71,-0.03,8.86,-0.0,0.0,0.04,26.9,Mov00
-0.7,-0.03,8.85,-0.0,0.0,0.04,26.9,Mov00
-0.7,-0.03,8.86,-0.0,0.0,0.04,26.9,Mov00
-0.7,-0.02,8.86,-0.0,0.0,0.04,26.9,Mov00
-0.69,-0.02,8.87,-0.0,0.0,0.04,26.91,Mov00
-0.69,-0.02,8.87,-0.0,0.0,0.04,26.92,Mov00
-0.69,-0.03,8.88,-0.0,0.0,0.04,26.91,Mov00
-0.69,-0.02,8.87,-0.0,0.0,0.04,26.92,Mov00
-0.69,-0.02,8.87,-0.0,0.0,0.04,26.92,Mov00
-0.7,-0.03,8.88,-0.0,0.0,0.04,26.92,Mov00
-0.7,-0.03,8.88,-0.0,0.0,0.04,26.92,Mov00
-0.7,-0.02,8.88,-0.0,0.0,0.04,26.92,Mov00
-0.7,-0.03,8.88,-0.0,0.0,0.04,26.92,Mov00
-0.7,-0.02,8.88,-0.0,0.0,0.04,26.91,Mov00
-0.71,-0.02,8.87,-0.0,0.0,0.04,26.9,Mov00
-0.7,-0.02,8.87,-0.0,0.0,0.04,26.9,Mov00
-0.7,-0.02,8.87,-0.0,0.0,0.04,26.9,Mov00
-0.7,-0.02,8.87,-0.0,0.0,0.04,26.9,Mov00
-0.7,-0.02,8.89,-0.0,0.0,0.04,26.9,Mov00
-0.7,-0.02,8.89,-0.0,0.0,0.04,26.9,Mov00
-0.71,-0.02,8.87,-0.0,0.0,0.04,26.89,Mov00
-0.71,-0.02,8.88,-0.0,0.0,0.04,26.89,Mov00
-0.71,-0.03,8.88,-0.0,0.0,0.04,26.9,Mov00
-0.7,-0.02,8.88,-0.0,0.0,0.04,26.89,Mov00
-0.71,-0.03,8.88,-0.0,0.0,0.04,26.89,Mov00
-0.7,-0.02,8.88,-0.0,0.0,0.04,26.9,Mov00
-0.7,-0.03,8.88,-0.0,0.0,0.04,26.9,Mov00
-0.7,-0.03,8.89,-0.0,0.0,0.04,26.89,Mov00
-0.7,-0.04,8.88,-0.0,0.0,0.04,26.89,Mov00
-0.69,-0.03,8.88,-0.0,0.0,0.04,26.9,Mov00
-0.7,-0.02,8.89,-0.0,0.0,0.04,26.9,Mov00
-0.7,-0.02,8.89,-0.0,0.0,0.04,26.9,Mov00
-0.7,-0.02,8.89,-0.0,0.0,0.04,26.9,Mov00
-0.7,-0.03,8.89,-0.0,0.0,0.04,26.9,Mov00
-0.7,-0.02,8.88,-0.0,0.0,0.04,26.91,Mov00
-0.7,-0.02,8.89,-0.0,0.0,0.04,26.91,Mov00
-0.7,-0.02,8.88,-0.0,0.0,0.04,26.91,Mov00
-0.7,-0.02,8.89,-0.0,0.0,0.04,26.91,Mov00
-0.7,-0.02,8.88,-0.0,0.0,0.04,26.91,Mov00
-0.7,-0.02,8.88,-0.0,0.0,0.04,26.91,Mov00
-0.7,-0.02,8.88,-0.0,0.0,0.04,26.9,Mov00
-0.7,-0.02,8.87,-0.0,0.0,0.04,26.9,Mov00
-0.7,-0.01,8.87,-0.0,0.0,0.04,26.9,Mov00
-0.69,-0.02,8.88,-0.0,0.0,0.04,26.91,Mov00
-0.71,-0.02,8.88,-0.0,0.0,0.04,26.9,Mov00
-0.71,-0.02,8.88,-0.0,0.0,0.04,26.9,Mov00
-0.71,-0.02,8.87,-0.0,0.0,0.04,26.9,Mov00
-0.71,-0.02,8.88,-0.0,0.0,0.04,26.9,Mov00
-0.7,-0.02,8.89,-0.0,0.0,0.04,26.9,Mov00
-0.71,-0.02,8.89,-0.0,0.0,0.04,26.9,Mov00
-0.7,-0.03,8.88,-0.0,0.0,0.04,26.9,Mov00
-0.7,-0.03,8.89,-0.0,0.0,0.03,26.89,Mov00
-0.7,-0.02,8.89,-0.0,0.0,0.04,26.89,Mov00
-0.7,-0.02,8.87,-0.0,0.0,0.04,26.89,Mov00
-0.69,-0.02,8.88,-0.0,0.0,0.04,26.89,Mov00
-0.7,-0.02,8.88,-0.0,0.0,0.04,26.88,Mov00
-0.7,-0.02,8.88,-0.0,0.0,0.04,26.88,Mov00
-0.7,-0.02,8.89,-0.0,0.0,0.04,26.88,Mov00
-0.7,-0.02,8.88,-0.0,0.0,0.04,26.88,Mov00
-0.7,-0.02,8.87,-0.0,0.0,0.04,26.88,Mov00
-0.7,-0.02,8.88,-0.0,0.0,0.04,26.89,Mov00
-0.69,-0.02,8.87,-0.0,0.0,0.04,26.88,Mov00
-0.69,-0.03,8.86,-0.0,0.0,0.04,26.88,Mov00
-0.69,-0.02,8.86,-0.0,0.0,0.04,26.88,Mov00
-0.69,-0.02,8.86,-0.0,0.0,0.04,26.88,Mov00
-0.7,-0.02,8.86,-0.0,0.0,0.04,26.89,Mov00
-0.69,-0.03,8.86,-0.0,0.0,0.04,26.89,Mov00
-0.7,-0.03,8.87,-0.0,0.0,0.04,26.89,Mov00
-0.7,-0.03,8.88,-0.0,0.0,0.04,26.88,Mov00
-0.7,-0.02,8.87,-0.0,0.0,0.04,26.89,Mov00
-0.7,-0.02,8.87,-0.0,0.0,0.04,26.88,Mov00
-0.7,-0.01,8.87,-0.0,0.0,0.03,26.88,Mov00
-0.71,-0.01,8.87,-0.0,0.0,0.03,26.88,Mov00
-0.7,-0.02,8.87,-0.0,0.0,0.04,26.89,Mov00
-0.7,-0.03,8.87,-0.0,0.0,0.03,26.89,Mov00
-0.7,-0.03,8.87,-0.0,0.0,0.04,26.88,Mov00
-0.71,-0.02,8.88,-0.0,0.0,0.04,26.89,Mov00
-0.71,-0.02,8.88,-0.0,0.0,0.04,26.89,Mov00
-0.71,-0.02,8.88,-0.0,0.0,0.04,26.89,Mov00
-0.7,-0.02,8.89,-0.0,0.0,0.04,26.89,Mov00
-0.71,-0.02,8.87,-0.0,0.0,0.04,26.89,Mov00
-0.7,-0.02,8.86,-0.0,0.0,0.04,26.89,Mov00
-0.7,-0.01,8.86,-0.0,0.0,0.04,26.88,Mov00
-0.7,-0.02,8.87,-0.0,0.0,0.04,26.89,Mov00
-0.71,-0.02,8.88,-0.0,0.0,0.04,26.89,Mov00
-0.71,-0.02,8.88,-0.0,0.0,0.04,26.89,Mov00
-0.71,-0.02,8.89,-0.0,0.0,0.04,26.88,Mov00
-0.71,-0.02,8.87,-0.0,0.0,0.04,26.89,Mov00
-0.7,-0.02,8.87,-0.0,0.0,0.04,26.89,Mov00
-0.7,-0.02,8.87,-0.0,0.0,0.04,26.88,Mov00
-0.7,-0.01,8.87,-0.0,0.0,0.04,26.89,Mov00
-0.7,-0.02,8.88,-0.0,0.0,0.04,26.88,Mov00
-0.7,-0.02,8.87,-0.0,0.0,0.04,26.88,Mov00
-0.7,-0.03,8.87,-0.0,0.0,0.04,26.88,Mov00
-0.7,-0.03,8.86,-0.0,0.0,0.04,26.88,Mov00
-0.7,-0.03,8.87,-0.0,0.0,0.04,26.88,Mov00
-0.7,-0.02,8.88,-0.0,0.0,0.04,26.88,Mov00
-0.7,-0.03,8.87,-0.0,0.0,0.04,26.89,Mov00
-0.7,-0.02,8.86,-0.0,0.0,0.04,26.89,Mov00
-0.71,-0.03,8.87,-0.0,0.0,0.04,26.89,Mov00
-0.69,-0.02,8.87,-0.0,0.0,0.04,26.89,Mov00
-0.7,-0.03,8.86,-0.0,0.0,0.04,26.88,Mov00
-0.7,-0.02,8.88,-0.0,0.0,0.04,26.89,Mov00
-0.7,-0.02,8.88,-0.0,0.0,0.04,26.88,Mov00
-0.7,-0.02,8.87,-0.0,0.0,0.04,26.88,Mov00
-0.69,-0.02,8.88,-0.0,0.0,0.04,26.88,Mov00
-0.69,-0.02,8.88,-0.0,0.0,0.04,26.88,Mov00
-0.69,-0.02,8.88,-0.0,0.0,0.04,26.88,Mov00
-0.7,-0.02,8.87,-0.0,0.0,0.04,26.88,Mov00
-0.69,-0.02,8.87,-0.0,0.0,0.04,26.87,Mov00
-0.7,-0.02,8.86,-0.0,0.0,0.04,26.87,Mov00
-0.69,-0.01,8.87,-0.0,0.0,0.04,26.88,Mov00
-0.7,-0.02,8.88,-0.0,0.0,0.04,26.88,Mov00
-0.71,-0.02,8.88,-0.0,0.0,0.04,26.88,Mov00
-0.71,-0.02,8.87,-0.0,0.0,0.04,26.88,Mov00
-0.7,-0.02,8.88,-0.0,0.0,0.04,26.89,Mov00
-0.7,-0.02,8.88,-0.0,0.0,0.04,26.89,Mov00
-0.71,-0.03,8.88,-0.0,0.0,0.04,26.89,Mov00
-0.7,-0.02,8.87,-0.0,0.0,0.04,26.88,Mov00
-0.71,-0.03,8.87,-0.0,0.0,0.04,26.88,Mov00
-0.7,-0.03,8.87,-0.0,0.0,0.03,26.88,Mov00
-0.71,-0.03,8.87,-0.0,0.0,0.04,26.88,Mov00
-0.7,-0.03,8.88,-0.0,0.0,0.03,26.89,Mov00
-0.7,-0.03,8.87,-0.0,0.0,0.04,26.88,Mov00
-0.7,-0.03,8.87,-0.0,0.0,0.04,26.88,Mov00
-0.7,-0.02,8.88,-0.0,0.0,0.04,26.88,Mov00
-0.71,-0.02,8.88,-0.0,0.0,0.04,26.88,Mov00
-0.7,-0.03,8.89,-0.0,0.0,0.04,26.89,Mov00
-0.7,-0.03,8.9,-0.0,0.0,0.04,26.88,Mov00
-0.7,-0.02,8.89,-0.0,0.0,0.04,26.87,Mov00
-0.71,-0.02,8.89,-0.0,0.0,0.04,26.88,Mov00
-0.71,-0.02,8.89,-0.0,0.0,0.04,26.88,Mov00
-0.7,-0.02,8.88,-0.0,0.0,0.04,26.87,Mov00
-0.7,-0.02,8.88,-0.0,0.0,0.04,26.88,Mov00
-0.7,-0.02,8.87,-0.0,0.0,0.04,26.88,Mov00
-0.69,-0.03,8.87,-0.0,0.0,0.04,26.89,Mov00
-0.69,-0.02,8.87,-0.0,0.0,0.04,26.89,Mov00
-0.69,-0.03,8.89,-0.0,0.0,0.04,26.89,Mov00
-0.69,-0.03,8.89,-0.0,0.0,0.04,26.89,Mov00
-0.69,-0.03,8.89,-0.0,0.0,0.04,26.89,Mov00
-0.7,-0.03,8.89,-0.0,0.0,0.04,26.89,Mov00
-0.7,-0.03,8.89,-0.0,0.0,0.04,26.89,Mov00
-0.7,-0.03,8.88,-0.0,0.0,0.04,26.89,Mov00
-0.7,-0.02,8.88,-0.0,0.0,0.04,26.89,Mov00
-0.7,-0.02,8.88,-0.0,0.0,0.04,26.89,Mov00
-0.69,-0.01,8.88,-0.0,0.0,0.04,26.89,Mov00
-0.7,-0.03,8.87,-0.0,0.0,0.04,26.89,Mov00
-0.71,-0.02,8.88,-0.0,0.0,0.04,26.88,Mov00
-0.7,-0.02,8.87,-0.0,0.0,0.04,26.89,Mov00
-0.7,-0.02,8.87,-0.0,0.0,0.04,26.89,Mov00
-0.69,-0.01,8.89,-0.0,0.0,0.04,26.89,Mov00
-0.69,-0.01,8.89,-0.0,0.0,0.04,26.89,Mov00
-0.69,-0.02,8.87,-0.0,0.0,0.04,26.89,Mov00
-0.69,-0.02,8.87,-0.0,0.0,0.03,26.89,Mov00
-0.69,-0.03,8.86,-0.0,0.0,0.03,26.89,Mov00
-0.69,-0.02,8.86,-0.0,0.0,0.04,26.88,Mov00
-0.7,-0.02,8.86,-0.0,0.0,0.03,26.87,Mov00
-0.7,-0.02,8.87,-0.0,0.0,0.04,26.87,Mov00
-0.71,-0.02,8.87,-0.0,0.0,0.04,26.88,Mov00
-0.71,-0.02,8.87,-0.0,0.0,0.04,26.88,Mov00
-0.71,-0.02,8.88,-0.0,0.0,0.04,26.87,Mov00
-0.71,-0.02,8.87,-0.0,0.0,0.04,26.87,Mov00
-0.71,-0.01,8.88,-0.0,0.0,0.04,26.87,Mov00
-0.71,-0.02,8.88,-0.0,0.0,0.03,26.88,Mov00
-0.7,-0.02,8.88,-0.0,0.0,0.04,26.88,Mov00
-0.71,-0.03,8.88,-0.0,0.0,0.04,26.88,Mov00
-0.7,-0.03,8.86,-0.0,0.0,0.04,26.88,Mov00
-0.7,-0.03,8.86,-0.0,0.0,0.04,26.88,Mov00
-0.7,-0.03,8.88,-0.0,0.0,0.04,26.88,Mov00
-0.7,-0.02,8.87,-0.0,0.0,0.04,26.88,Mov00
-0.7,-0.03,8.87,-0.0,0.0,0.04,26.88,Mov00
-0.7,-0.03,8.88,-0.0,0.0,0.04,26.87,Mov00
-0.69,-0.03,8.88,-0.0,0.0,0.04,26.87,Mov00
-0.7,-0.02,8.86,-0.0,0.0,0.04,26.87,Mov00
-0.7,-0.02,8.87,-0.0,0.0,0.04,26.87,Mov00
-0.71,-0.02,8.89,-0.0,0.0,0.04,26.88,Mov00
-0.7,-0.02,8.88,-0.0,0.0,0.04,26.88,Mov00
-0.69,-0.01,8.88,-0.0,0.0,0.04,26.88,Mov00
-0.69,-0.01,8.88,-0.0,0.0,0.04,26.87,Mov00
-0.69,-0.01,8.88,-0.0,0.0,0.04,26.87,Mov00
-0.7,-0.02,8.88,-0.0,0.0,0.04,26.87,Mov00
-0.7,-0.02,8.87,-0.0,0.0,0.04,26.87,Mov00
-0.7,-0.01,8.88,-0.0,0.0,0.04,26.88,Mov00
-0.7,-0.02,8.87,-0.0,0.0,0.04,26.87,Mov00
-0.7,-0.02,8.88,-0.0,0.0,0.04,26.88,Mov00
-0.7,-0.02,8.88,-0.0,0.0,0.04,26.88,Mov00
-0.7,-0.03,8.88,-0.0,0.0,0.04,26.88,Mov00
-0.7,-0.03,8.87,-0.0,0.0,0.04,26.88,Mov00
-0.7,-0.03,8.87,-0.0,0.0,0.04,26.88,Mov00
-0.69,-0.03,8.88,-0.0,0.0,0.04,26.89,Mov00
-0.69,-0.03,8.88,-0.0,0.0,0.04,26.89,Mov00
-0.7,-0.03,8.88,-0.0,0.0,0.04,26.88,Mov00
-0.7,-0.03,8.88,-0.0,0.0,0.04,26.88,Mov00
-0.71,-0.02,8.9,-0.0,0.0,0.04,26.88,Mov00
-0.7,-0.03,8.89,-0.0,0.0,0.04,26.88,Mov00
-0.7,-0.03,8.89,-0.0,0.0,0.04,26.88,Mov00
-0.7,-0.02,8.9,-0.0,0.0,0.04,26.88,Mov00
-0.7,-0.02,8.89,-0.0,0.0,0.04,26.87,Mov00
-0.7,-0.02,8.88,-0.0,0.0,0.04,26.87,Mov00
-0.71,-0.02,8.88,-0.0,0.0,0.04,26.87,Mov00
-0.7,-0.02,8.86,-0.0,0.0,0.04,26.87,Mov00
-0.7,-0.02,8.86,-0.0,0.0,0.04,26.87,Mov00
-0.69,-0.02,8.89,-0.0,0.0,0.04,26.87,Mov00
-0.71,-0.03,8.86,-0.0,-0.0,0.04,26.87,Mov00
-0.69,-0.02,8.87,-0.0,0.0,0.04,26.87,Mov00
-0.7,-0.01,8.86,-0.0,0.0,0.04,26.87,Mov00
-0.7,-0.02,8.86,-0.0,0.0,0.04,26.88,Mov00
-0.7,-0.02,8.87,-0.0,0.0,0.04,26.88,Mov00
-0.7,-0.02,8.87,-0.0,0.0,0.04,26.88,Mov00
-0.7,-0.01,8.88,-0.0,0.0,0.04,26.87,Mov00
-0.7,-0.02,8.89,-0.0,0.0,0.04,26.87,Mov00
-0.7,-0.02,8.88,-0.0,0.0,0.04,26.87,Mov00
-0.7,-0.02,8.88,-0.0,0.0,0.04,26.87,Mov00
-0.71,-0.02,8.87,-0.0,0.0,0.04,26.87,Mov00
-0.7,-0.02,8.88,-0.0,0.0,0.04,26.87,Mov00
-0.71,-0.02,8.87,-0.0,0.0,0.04,26.87,Mov00
-0.71,-0.03,8.86,-0.0,0.0,0.04,26.87,Mov00
-0.7,-0.03,8.87,-0.0,0.0,0.04,26.87,Mov00
-0.71,-0.02,8.87,-0.0,0.0,0.04,26.87,Mov00
-0.71,-0.02,8.87,-0.0,0.0,0.04,26.88,Mov00
-0.71,-0.01,8.87,-0.0,0.0,0.04,26.88,Mov00
-0.7,-0.01,8.88,-0.0,0.0,0.04,26.88,Mov00
-0.71,-0.01,8.87,-0.0,0.0,0.04,26.87,Mov00
-0.7,-0.01,8.88,-0.0,0.0,0.04,26.86,Mov00
-0.71,-0.01,8.89,-0.0,0.0,0.04,26.87,Mov00
-0.7,-0.02,8.89,-0.0,0.0,0.04,26.87,Mov00
-0.69,-0.02,8.89,-0.0,0.0,0.04,26.86,Mov00
-0.69,-0.02,8.88,-0.0,0.0,0.04,26.87,Mov00
-0.69,-0.02,8.89,-0.0,0.0,0.04,26.87,Mov00
-0.7,-0.02,8.88,-0.0,0.0,0.04,26.87,Mov00
-0.7,-0.02,8.87,-0.0,0.0,0.04,26.87,Mov00
-0.7,-0.01,8.86,-0.0,0.0,0.04,26.87,Mov00
-0.71,-0.01,8.88,-0.0,0.0,0.04,26.87,Mov00
-0.71,-0.02,8.88,-0.0,0.0,0.04,26.86,Mov00
-0.72,-0.01,8.88,-0.0,0.0,0.04,26.87,Mov00
-0.71,-0.02,8.87,-0.0,0.0,0.04,26.87,Mov00
-0.7,-0.01,8.87,-0.0,0.0,0.04,26.87,Mov00
-0.7,-0.01,8.87,-0.0,0.0,0.04,26.87,Mov00
-0.69,-0.01,8.87,-0.0,0.0,0.04,26.87,Mov00
-0.7,-0.01,8.88,-0.0,0.0,0.04,26.87,Mov00
-0.71,-0.02,8.87,-0.0,0.0,0.04,26.87,Mov00
-0.7,-0.02,8.88,-0.0,0.0,0.04,26.87,Mov00
-0.7,-0.02,8.87,-0.0,0.0,0.04,26.87,Mov00
-0.7,-0.02,8.85,-0.0,0.0,0.04,26.87,Mov00
-0.7,-0.03,8.89,-0.0,0.0,0.04,26.87,Mov00
-0.71,-0.03,8.85,-0.0,0.0,0.04,26.87,Mov00
-0.71,-0.02,8.88,-0.0,0.0,0.04,26.87,Mov00
-0.69,-0.02,8.87,-0.0,0.0,0.04,26.87,Mov00
-0.71,-0.02,8.86,-0.0,0.0,0.04,26.87,Mov00
-0.71,-0.02,8.88,-0.0,0.0,0.04,26.87,Mov00
-0.71,-0.02,8.88,-0.0,0.0,0.04,26.87,Mov00
-0.71,-0.02,8.88,-0.0,0.0,0.04,26.87,Mov00
-0.71,-0.02,8.87,-0.0,0.0,0.04,26.87,Mov00
-0.71,-0.02,8.87,-0.0,0.0,0.04,26.87,Mov00
-0.71,-0.02,8.88,-0.0,0.0,0.04,26.87,Mov00
-0.71,-0.02,8.88,-0.0,0.0,0.04,26.87,Mov00
-0.71,-0.01,8.88,-0.0,0.0,0.04,26.87,Mov00
-0.71,-0.02,8.88,-0.0,0.0,0.04,26.86,Mov00
-0.71,-0.02,8.88,-0.0,0.0,0.04,26.86,Mov00
-0.71,-0.02,8.88,-0.0,0.0,0.04,26.86,Mov00
-0.71,-0.02,8.87,-0.0,0.0,0.04,26.86,Mov00
-0.71,-0.02,8.87,-0.0,0.0,0.04,26.86,Mov00
-0.7,-0.03,8.88,-0.0,0.0,0.04,26.86,Mov00
-0.71,-0.02,8.88,-0.0,0.0,0.04,26.87,Mov00
-0.71,-0.02,8.87,-0.0,0.0,0.04,26.86,Mov00
-0.71,-0.02,8.88,-0.0,0.0,0.04,26.86,Mov00
-0.71,-0.03,8.87,-0.0,0.0,0.04,26.86,Mov00
-0.71,-0.02,8.87,-0.0,0.0,0.04,26.85,Mov00
-0.7,-0.01,8.87,-0.0,0.0,0.04,26.85,Mov00
-0.7,-0.02,8.87,-0.0,0.0,0.04,26.86,Mov00
-0.71,-0.02,8.88,-0.0,0.0,0.04,26.86,Mov00
-0.71,-0.02,8.89,-0.0,0.0,0.04,26.87,Mov00
-0.72,-0.02,8.89,-0.0,0.0,0.04,26.86,Mov00
-0.72,-0.02,8.87,-0.0,0.0,0.04,26.86,Mov00
-0.72,-0.02,8.87,-0.0,0.0,0.04,26.87,Mov00
-0.71,-0.02,8.87,-0.0,0.0,0.04,26.86,Mov00
-0.71,-0.01,8.88,-0.0,0.0,0.04,26.87,Mov00
-0.71,-0.02,8.87,-0.0,0.0,0.04,26.86,Mov00
-0.7,-0.01,8.87,-0.0,0.0,0.04,26.86,Mov00
-0.71,-0.01,8.86,-0.0,0.0,0.04,26.85,Mov00
-0.7,-0.02,8.87,-0.0,0.0,0.04,26.84,Mov00
-0.7,-0.01,8.86,-0.0,0.0,0.04,26.84,Mov00
-0.7,-0.01,8.87,-0.0,0.0,0.04,26.84,Mov00
-0.7,-0.0,8.88,-0.0,0.0,0.04,26.85,Mov00
-0.71,-0.0,8.88,-0.0,0.0,0.04,26.85,Mov00
-0.71,-0.01,8.88,-0.0,0.0,0.04,26.86,Mov00
-0.71,-0.02,8.88,-0.0,0.0,0.04,26.86,Mov00
-0.71,-0.02,8.87,-0.0,0.0,0.04,26.86,Mov00
-0.71,-0.02,8.88,-0.0,0.0,0.04,26.87,Mov00
-0.71,-0.02,8.89,-0.0,0.0,0.04,26.87,Mov00
-0.7,-0.02,8.88,-0.0,0.0,0.04,26.86,Mov00
-0.71,-0.02,8.88,-0.0,0.0,0.04,26.86,Mov00
-0.71,-0.02,8.88,-0.0,0.0,0.04,26.86,Mov00
-0.71,-0.02,8.88,-0.0,0.0,0.04,26.85,Mov00
-0.71,-0.03,8.87,-0.0,0.0,0.04,26.85,Mov00
-0.71,-0.03,8.87,-0.0,0.0,0.04,26.84,Mov00
-0.71,-0.03,8.87,-0.0,0.0,0.03,26.84,Mov00
-0.71,-0.02,8.86,-0.0,0.0,0.03,26.84,Mov00
-0.71,-0.02,8.85,-0.0,-0.0,0.04,26.85,Mov00
-0.7,-0.02,8.86,-0.01,0.0,0.03,26.85,Mov00
-0.72,-0.03,8.81,-0.01,-0.0,0.03,26.86,Mov00
-0.72,-0.03,8.91,-0.0,-0.01,0.04,26.85,Mov00
-0.71,-0.03,8.91,-0.0,0.0,0.04,26.86,Mov00
-0.72,-0.03,8.88,-0.0,-0.0,0.04,26.86,Mov00
-0.71,-0.03,8.91,-0.0,0.0,0.04,26.86,Mov00
-0.7,-0.02,8.86,-0.0,0.0,0.04,26.86,Mov00
-0.7,-0.02,8.88,-0.0,0.0,0.04,26.87,Mov00
-0.71,-0.02,8.86,-0.0,-0.0,0.04,26.87,Mov00
-0.71,-0.01,8.86,-0.0,-0.0,0.04,26.87,Mov00
-0.7,-0.01,8.87,-0.0,-0.0,0.04,26.86,Mov00
-0.7,-0.02,8.87,-0.01,0.0,0.04,26.86,Mov00
-0.71,-0.02,8.88,-0.0,-0.0,0.04,26.86,Mov00
-0.71,-0.02,8.88,-0.0,0.0,0.04,26.86,Mov00
-0.71,-0.03,8.87,-0.0,0.0,0.04,26.85,Mov00
-0.71,-0.03,8.87,-0.0,0.0,0.04,26.85,Mov00
-0.7,-0.03,8.87,-0.0,0.0,0.04,26.85,Mov00
-0.7,-0.03,8.88,-0.01,0.0,0.04,26.85,Mov00
-0.7,-0.03,8.87,-0.0,0.0,0.04,26.85,Mov00
-0.71,-0.02,8.87,-0.0,0.0,0.04,26.85,Mov00
-0.71,-0.01,8.88,-0.0,0.0,0.04,26.85,Mov00
-0.7,-0.02,8.87,-0.0,0.0,0.04,26.85,Mov00
-0.7,-0.02,8.88,-0.0,0.0,0.04,26.86,Mov00
-0.7,-0.02,8.88,-0.0,0.0,0.04,26.84,Mov00
-0.7,-0.02,8.88,-0.0,0.0,0.04,26.84,Mov00
-0.7,-0.02,8.87,-0.0,0.0,0.04,26.84,Mov00
-0.7,-0.02,8.88,-0.0,0.0,0.04,26.84,Mov00
-0.7,-0.03,8.88,-0.0,0.0,0.04,26.84,Mov00
-0.7,-0.02,8.89,-0.0,0.0,0.04,26.84,Mov00
-0.7,-0.03,8.89,-0.0,0.0,0.04,26.85,Mov00
-0.69,-0.02,8.88,-0.0,0.0,0.04,26.85,Mov00
-0.7,-0.03,8.88,-0.0,0.0,0.03,26.85,Mov00
-0.7,-0.03,8.88,-0.0,0.0,0.04,26.85,Mov00
-0.7,-0.03,8.87,-0.0,0.0,0.04,26.85,Mov00
-0.71,-0.03,8.87,-0.0,0.0,0.03,26.86,Mov00
-0.7,-0.03,8.88,-0.0,0.0,0.04,26.86,Mov00
-0.7,-0.03,8.89,-0.0,0.0,0.04,26.85,Mov00
-0.69,-0.02,8.89,-0.0,0.0,0.04,26.85,Mov00
-0.69,-0.02,8.88,-0.0,0.0,0.04,26.86,Mov00
-0.69,-0.03,8.87,-0.0,0.0,0.04,26.85,Mov00
-0.7,-0.02,8.87,-0.0,0.0,0.04,26.85,Mov00
-0.69,-0.02,8.88,-0.0,0.0,0.04,26.86,Mov00
-0.69,-0.03,8.87,-0.0,0.0,0.04,26.85,Mov00
-0.7,-0.03,8.88,-0.0,0.0,0.03,26.86,Mov00
-0.7,-0.03,8.88,-0.0,0.0,0.04,26.86,Mov00
-0.71,-0.03,8.89,-0.0,0.0,0.04,26.85,Mov00
-0.7,-0.03,8.88,-0.0,0.0,0.04,26.86,Mov00
-0.7,-0.02,8.88,-0.0,0.0,0.04,26.86,Mov00
-0.7,-0.01,8.88,-0.0,0.0,0.04,26.86,Mov00
-0.71,-0.01,8.88,-0.0,0.0,0.04,26.87,Mov00
-0.7,-0.01,8.87,-0.0,0.0,0.04,26.86,Mov00
-0.7,-0.01,8.87,-0.0,0.0,0.04,26.85,Mov00
-0.71,-0.02,8.87,-0.0,0.0,0.04,26.85,Mov00
-0.71,-0.02,8.87,-0.0,0.0,0.04,26.85,Mov00
-0.71,-0.02,8.86,-0.0,0.0,0.04,26.86,Mov00
-0.71,-0.03,8.86,-0.0,0.0,0.04,26.86,Mov00
-0.7,-0.02,8.86,-0.0,0.0,0.04,26.86,Mov00
-0.7,-0.02,8.87,-0.0,0.0,0.04,26.86,Mov00
-0.7,-0.02,8.88,-0.0,0.0,0.04,26.87,Mov00
-0.7,-0.02,8.88,-0.0,0.0,0.04,26.87,Mov00
-0.7,-0.02,8.88,-0.0,0.0,0.04,26.87,Mov00
-0.7,-0.02,8.89,-0.0,0.0,0.04,26.86,Mov00
-0.7,-0.02,8.89,-0.0,0.0,0.04,26.87,Mov00
-0.69,-0.02,8.88,-0.0,0.0,0.04,26.86,Mov00
-0.7,-0.02,8.88,-0.0,0.0,0.04,26.87,Mov00
-0.7,-0.03,8.88,-0.0,0.0,0.04,26.87,Mov00
-0.71,-0.02,8.89,-0.0,0.0,0.04,26.86,Mov00
-0.71,-0.01,8.89,-0.0,0.0,0.04,26.87,Mov00
-0.71,-0.02,8.88,-0.0,0.0,0.04,26.87,Mov00
-0.71,-0.02,8.88,-0.0,0.0,0.04,26.87,Mov00
-0.7,-0.02,8.87,-0.0,0.0,0.04,26.86,Mov00
-0.7,-0.03,8.88,-0.0,0.0,0.04,26.86,Mov00
-0.7,-0.03,8.88,-0.0,0.0,0.04,26.87,Mov00
-0.7,-0.03,8.87,-0.0,0.0,0.04,26.87,Mov00
-0.7,-0.03,8.88,-0.0,0.0,0.04,26.87,Mov00
-0.69,-0.03,8.87,-0.0,0.0,0.04,26.86,Mov00
-0.69,-0.02,8.88,-0.0,0.0,0.04,26.86,Mov00
-0.69,-0.02,8.89,-0.0,0.0,0.04,26.86,Mov00
-0.7,-0.02,8.88,-0.0,0.0,0.04,26.86,Mov00
-0.69,-0.02,8.87,-0.0,0.0,0.04,26.86,Mov00
-0.69,-0.02,8.87,-0.0,0.0,0.04,26.86,Mov00
-0.69,-0.02,8.85,-0.0,0.0,0.04,26.87,Mov00
-0.69,-0.03,8.86,-0.0,0.0,0.04,26.86,Mov00
-0.69,-0.02,8.86,-0.0,0.0,0.04,26.86,Mov00
-0.69,-0.02,8.86,-0.0,0.0,0.04,26.86,Mov00
-0.7,-0.02,8.86,-0.0,0.0,0.04,26.86,Mov00
-0.69,-0.03,8.87,-0.0,0.0,0.04,26.86,Mov00
-0.69,-0.03,8.87,-0.0,0.0,0.04,26.86,Mov00
-0.7,-0.03,8.88,-0.0,0.0,0.04,26.85,Mov00
-0.7,-0.03,8.87,-0.0,0.0,0.04,26.85,Mov00
-0.7,-0.02,8.87,-0.0,0.0,0.04,26.85,Mov00
-0.7,-0.03,8.88,-0.0,0.0,0.04,26.85,Mov00
-0.69,-0.02,8.88,-0.0,0.0,0.04,26.85,Mov00
-0.7,-0.03,8.87,-0.0,0.0,0.04,26.86,Mov00
-0.7,-0.02,8.87,-0.0,0.0,0.04,26.85,Mov00
-0.7,-0.02,8.88,-0.0,0.0,0.04,26.85,Mov00
-0.71,-0.02,8.87,-0.0,0.0,0.04,26.86,Mov00
-0.71,-0.02,8.88,-0.0,0.0,0.04,26.85,Mov00
-0.7,-0.03,8.88,-0.0,0.0,0.04,26.84,Mov00
-0.7,-0.02,8.89,-0.0,0.0,0.04,26.85,Mov00
-0.7,-0.02,8.88,-0.0,0.0,0.04,26.85,Mov00
-0.7,-0.02,8.89,-0.0,0.0,0.04,26.85,Mov00
-0.7,-0.03,8.88,-0.0,0.0,0.04,26.85,Mov00
-0.71,-0.03,8.88,-0.0,0.0,0.04,26.86,Mov00
-0.71,-0.03,8.88,-0.0,0.0,0.04,26.86,Mov00
-0.71,-0.02,8.88,-0.0,0.0,0.04,26.86,Mov00
-0.7,-0.03,8.87,-0.0,0.0,0.04,26.86,Mov00
-0.7,-0.03,8.86,-0.0,0.0,0.04,26.86,Mov00
-0.69,-0.02,8.87,-0.0,0.0,0.04,26.86,Mov00
-0.7,-0.02,8.88,-0.0,0.0,0.04,26.86,Mov00
-0.7,-0.02,8.89,-0.0,0.0,0.04,26.86,Mov00
-0.69,-0.02,8.89,-0.0,0.0,0.04,26.86,Mov00
-0.69,-0.02,8.87,-0.0,0.0,0.04,26.86,Mov00
-0.69,-0.02,8.88,-0.0,0.0,0.04,26.85,Mov00
-0.69,-0.02,8.88,-0.0,0.0,0.04,26.86,Mov00
-0.69,-0.02,8.88,-0.0,0.0,0.04,26.86,Mov00
-0.69,-0.02,8.88,-0.0,0.0,0.04,26.86,Mov00
-0.69,-0.02,8.88,-0.0,0.0,0.04,26.86,Mov00
-0.7,-0.02,8.88,-0.0,0.0,0.04,26.87,Mov00
-0.7,-0.02,8.88,-0.0,0.0,0.04,26.87,Mov00
-0.7,-0.03,8.87,-0.0,0.0,0.03,26.86,Mov00
-0.7,-0.03,8.87,-0.0,0.0,0.04,26.86,Mov00
-0.7,-0.03,8.88,-0.0,0.0,0.04,26.85,Mov00
-0.7,-0.02,8.88,-0.0,0.0,0.04,26.86,Mov00
-0.7,-0.02,8.88,-0.0,0.0,0.04,26.85,Mov00
-0.7,-0.02,8.88,-0.0,0.0,0.04,26.86,Mov00
-0.71,-0.03,8.89,-0.0,0.0,0.04,26.84,Mov00
-0.7,-0.03,8.89,-0.0,0.0,0.04,26.85,Mov00
-0.69,-0.03,8.88,-0.0,0.0,0.04,26.85,Mov00
-0.69,-0.03,8.88,-0.0,0.0,0.04,26.85,Mov00
-0.69,-0.03,8.87,-0.0,0.0,0.04,26.84,Mov00
-0.69,-0.03,8.87,-0.0,0.0,0.04,26.84,Mov00
-0.7,-0.03,8.87,-0.0,0.0,0.04,26.85,Mov00
-0.7,-0.03,8.88,-0.0,0.0,0.04,26.85,Mov00
-0.7,-0.02,8.88,-0.0,0.0,0.04,26.84,Mov00
-0.7,-0.02,8.89,-0.0,0.0,0.04,26.84,Mov00
-0.7,-0.01,8.88,-0.0,0.0,0.04,26.84,Mov00
-0.7,-0.01,8.88,-0.0,0.0,0.04,26.84,Mov00
-0.7,-0.01,8.89,-0.0,0.0,0.04,26.84,Mov00
-0.71,-0.01,8.89,-0.0,0.0,0.04,26.84,Mov00
-0.71,-0.01,8.89,-0.0,0.0,0.04,26.85,Mov00
-0.71,-0.02,8.88,-0.0,0.0,0.04,26.84,Mov00
-0.7,-0.02,8.88,-0.0,0.0,0.04,26.85,Mov00
-0.7,-0.02,8.88,-0.0,0.0,0.04,26.85,Mov00
-0.69,-0.03,8.9,-0.0,0.0,0.04,26.84,Mov00
-0.7,-0.03,8.9,-0.0,0.0,0.04,26.85,Mov00
-0.69,-0.03,8.9,-0.0,0.0,0.04,26.86,Mov00
-0.7,-0.03,8.89,-0.0,0.0,0.04,26.85,Mov00
-0.7,-0.02,8.89,0.0,0.0,0.04,26.84,Mov00
-0.71,-0.02,8.88,0.0,0.0,0.04,26.84,Mov00
-0.71,-0.02,8.87,0.0,0.0,0.04,26.84,Mov00
-0.71,-0.02,8.87,0.0,0.0,0.04,26.84,Mov00
-0.7,-0.02,8.86,-0.0,0.0,0.04,26.85,Mov00
-0.71,-0.02,8.85,-0.0,0.0,0.04,26.85,Mov00
-0.7,-0.02,8.86,-0.0,0.0,0.04,26.85,Mov00
-0.7,-0.02,8.85,-0.0,0.0,0.04,26.85,Mov00
-0.69,-0.01,8.87,-0.0,-0.0,0.04,26.85,Mov00
-0.7,-0.01,8.87,-0.0,0.0,0.04,26.85,Mov00
-0.71,-0.02,8.86,-0.0,-0.0,0.04,26.85,Mov00
-0.7,-0.01,8.88,-0.0,0.0,0.04,26.84,Mov00
-0.7,-0.01,8.88,-0.0,-0.0,0.04,26.84,Mov00
-0.7,-0.02,8.88,-0.0,0.0,0.04,26.85,Mov00
-0.7,-0.02,8.88,-0.0,0.0,0.04,26.84,Mov00
-0.71,-0.02,8.88,-0.0,0.0,0.04,26.85,Mov00
-0.71,-0.02,8.88,-0.0,0.0,0.04,26.85,Mov00
-0.71,-0.02,8.88,-0.0,0.0,0.04,26.85,Mov00
-0.7,-0.02,8.88,-0.0,0.0,0.04,26.85,Mov00
-0.7,-0.02,8.88,-0.0,0.0,0.04,26.85,Mov00
-0.71,-0.03,8.87,-0.0,0.0,0.04,26.86,Mov00
-0.7,-0.03,8.87,-0.0,0.0,0.04,26.85,Mov00
-0.7,-0.02,8.87,-0.0,0.0,0.04,26.85,Mov00
-0.7,-0.03,8.87,-0.0,0.0,0.04,26.85,Mov00
-0.7,-0.03,8.87,-0.0,0.0,0.04,26.85,Mov00
-0.7,-0.02,8.87,-0.0,0.0,0.04,26.84,Mov00
-0.71,-0.02,8.87,-0.0,0.0,0.04,26.84,Mov00
-0.7,-0.01,8.88,-0.0,0.0,0.04,26.84,Mov00
-0.71,-0.01,8.88,-0.0,0.0,0.04,26.85,Mov00
-0.71,-0.02,8.89,-0.0,0.0,0.04,26.85,Mov00
-0.71,-0.03,8.89,-0.0,0.0,0.04,26.85,Mov00
-0.71,-0.02,8.88,-0.0,0.0,0.04,26.85,Mov00
-0.71,-0.02,8.88,-0.0,0.0,0.04,26.85,Mov00
-0.71,-0.02,8.88,-0.0,0.0,0.04,26.85,Mov00
-0.71,-0.02,8.89,-0.0,0.0,0.04,26.85,Mov00
-0.71,-0.01,8.86,-0.0,0.0,0.04,26.85,Mov00
-0.71,-0.01,8.86,-0.0,0.0,0.04,26.85,Mov00
-0.71,-0.02,8.87,-0.0,0.0,0.03,26.85,Mov00
-0.71,-0.02,8.88,-0.0,0.0,0.04,26.85,Mov00
-0.71,-0.02,8.89,-0.0,0.0,0.04,26.85,Mov00
-0.71,-0.02,8.88,-0.0,0.0,0.04,26.85,Mov00
-0.71,-0.01,8.87,-0.0,0.0,0.04,26.85,Mov00
-0.7,-0.01,8.87,-0.0,0.0,0.04,26.85,Mov00
-0.7,-0.02,8.88,-0.0,0.0,0.04,26.84,Mov00
-0.7,-0.01,8.88,-0.0,0.0,0.04,26.85,Mov00
-0.71,-0.02,8.87,-0.0,0.0,0.04,26.84,Mov00
-0.7,-0.02,8.87,-0.0,0.0,0.04,26.84,Mov00
-0.71,-0.02,8.88,-0.0,0.0,0.04,26.85,Mov00
-0.7,-0.02,8.89,-0.0,0.0,0.04,26.84,Mov00
-0.7,-0.02,8.89,-0.0,0.0,0.04,26.84,Mov00
-0.71,-0.02,8.88,-0.0,0.0,0.04,26.84,Mov00
-0.71,-0.02,8.88,-0.0,0.0,0.04,26.84,Mov00
-0.71,-0.01,8.87,-0.0,0.0,0.04,26.84,Mov00
-0.71,-0.01,8.88,-0.0,0.0,0.04,26.85,Mov00
-0.71,-0.01,8.89,-0.0,0.0,0.04,26.84,Mov00
-0.7,-0.01,8.88,-0.0,0.0,0.04,26.84,Mov00
-0.7,-0.01,8.88,-0.0,0.0,0.04,26.84,Mov00
-0.71,-0.01,8.88,-0.0,0.0,0.04,26.84,Mov00
-0.7,-0.02,8.88,-0.0,0.0,0.04,26.84,Mov00
-0.7,-0.01,8.88,-0.0,0.0,0.04,26.84,Mov00
-0.7,-0.02,8.88,-0.0,0.0,0.04,26.83,Mov00
-0.7,-0.02,8.86,-0.0,0.0,0.04,26.83,Mov00
-0.71,-0.02,8.88,-0.0,0.0,0.04,26.83,Mov00
-0.7,-0.02,8.87,-0.0,0.0,0.04,26.84,Mov00
-0.69,-0.01,8.88,-0.0,0.0,0.04,26.84,Mov00
-0.7,-0.01,8.89,-0.0,0.0,0.04,26.84,Mov00
-0.7,-0.01,8.88,-0.0,0.0,0.04,26.83,Mov00
-0.69,-0.01,8.88,-0.0,0.0,0.04,26.83,Mov00
-0.69,-0.02,8.88,-0.0,0.0,0.04,26.83,Mov00
-0.71,-0.01,8.87,-0.0,0.0,0.04,26.84,Mov00
-0.71,-0.01,8.9,-0.0,0.0,0.04,26.83,Mov00
-0.71,-0.02,8.89,-0.0,0.0,0.04,26.84,Mov00
-0.71,-0.02,8.89,-0.0,0.0,0.04,26.83,Mov00
-0.71,-0.02,8.89,-0.0,0.0,0.04,26.83,Mov00
-0.71,-0.02,8.88,-0.0,0.0,0.04,26.83,Mov00
-0.7,-0.02,8.87,-0.0,0.0,0.04,26.83,Mov00
-0.7,-0.02,8.87,-0.0,0.0,0.04,26.84,Mov00
-0.7,-0.02,8.88,-0.0,0.0,0.04,26.84,Mov00
-0.7,-0.02,8.89,-0.0,0.0,0.04,26.84,Mov00
-0.71,-0.01,8.89,-0.0,0.0,0.04,26.84,Mov00
-0.7,-0.02,8.89,-0.0,0.0,0.04,26.84,Mov00
-0.7,-0.02,8.88,-0.0,0.0,0.04,26.84,Mov00
-0.69,-0.02,8.88,-0.0,0.0,0.04,26.84,Mov00
-0.7,-0.02,8.89,-0.0,0.0,0.04,26.84,Mov00
-0.7,-0.02,8.89,-0.0,0.0,0.03,26.83,Mov00
-0.7,-0.02,8.89,-0.0,0.0,0.04,26.84,Mov00
-0.7,-0.02,8.88,-0.0,0.0,0.04,26.84,Mov00
-0.7,-0.02,8.88,-0.0,0.0,0.04,26.84,Mov00
-0.7,-0.01,8.88,-0.0,0.0,0.04,26.84,Mov00
-0.71,-0.02,8.88,-0.0,0.0,0.04,26.85,Mov00
-0.7,-0.02,8.88,-0.0,0.0,0.04,26.85,Mov00
-0.7,-0.02,8.89,-0.0,0.0,0.04,26.84,Mov00
-0.71,-0.02,8.89,-0.0,0.0,0.04,26.84,Mov00
-0.71,-0.01,8.88,-0.0,0.0,0.04,26.83,Mov00
-0.71,-0.02,8.87,-0.0,0.0,0.04,26.84,Mov00
-0.71,-0.02,8.88,-0.0,0.0,0.04,26.84,Mov00
-0.71,-0.02,8.89,-0.0,0.0,0.04,26.84,Mov00
-0.69,-0.02,8.88,-0.0,0.0,0.04,26.84,Mov00
-0.69,-0.03,8.88,-0.0,0.0,0.04,26.84,Mov00
-0.69,-0.02,8.87,-0.0,0.0,0.03,26.83,Mov00
-0.69,-0.02,8.88,-0.0,0.0,0.04,26.84,Mov00
-0.7,-0.01,8.89,-0.0,0.0,0.04,26.84,Mov00
-0.7,-0.01,8.87,-0.0,0.0,0.04,26.84,Mov00
-0.7,-0.01,8.87,-0.0,0.0,0.04,26.84,Mov00
-0.71,-0.01,8.87,-0.0,0.0,0.04,26.83,Mov00
-0.71,-0.01,8.88,-0.0,0.0,0.04,26.84,Mov00
-0.7,-0.01,8.88,-0.0,0.0,0.04,26.84,Mov00
-0.7,-0.02,8.88,-0.0,0.0,0.04,26.84,Mov00
-0.71,-0.02,8.89,-0.0,0.0,0.04,26.84,Mov00
-0.71,-0.02,8.88,-0.0,0.0,0.04,26.85,Mov00
-0.71,-0.02,8.88,-0.0,0.0,0.04,26.84,Mov00
-0.71,-0.02,8.88,-0.0,0.0,0.04,26.84,Mov00
-0.71,-0.03,8.89,-0.0,0.0,0.04,26.84,Mov00
-0.71,-0.02,8.89,-0.0,0.0,0.04,26.84,Mov00
-0.71,-0.01,8.89,-0.0,0.0,0.04,26.84,Mov00
-0.71,-0.01,8.86,-0.0,0.0,0.04,26.84,Mov00
-0.71,-0.01,8.87,-0.0,0.0,0.04,26.83,Mov00
-0.71,-0.02,8.87,-0.0,0.0,0.04,26.84,Mov00
-0.7,-0.02,8.87,-0.0,0.0,0.04,26.83,Mov00
-0.71,-0.02,8.88,-0.0,0.0,0.04,26.82,Mov00
-0.7,-0.01,8.88,-0.0,0.0,0.04,26.83,Mov00
-0.71,-0.01,8.87,-0.0,0.0,0.04,26.83,Mov00
-0.72,-0.02,8.87,-0.0,0.0,0.04,26.83,Mov00
-0.72,-0.03,8.88,-0.0,0.0,0.04,26.82,Mov00
-0.71,-0.03,8.88,-0.0,0.0,0.04,26.83,Mov00
-0.71,-0.02,8.88,-0.0,0.0,0.04,26.83,Mov00
-0.71,-0.02,8.88,-0.0,0.0,0.04,26.83,Mov00
-0.71,-0.02,8.88,-0.0,0.0,0.04,26.84,Mov00
-0.7,-0.02,8.87,-0.0,0.0,0.04,26.84,Mov00
-0.7,-0.02,8.88,-0.0,0.0,0.04,26.84,Mov00
-0.7,-0.02,8.89,-0.0,0.0,0.04,26.84,Mov00
-0.71,-0.02,8.89,-0.0,0.0,0.04,26.84,Mov00
-0.71,-0.02,8.89,-0.0,0.0,0.04,26.84,Mov00
-0.71,-0.02,8.89,-0.0,0.0,0.04,26.84,Mov00
-0.71,-0.02,8.88,-0.0,0.0,0.04,26.84,Mov00
-0.71,-0.02,8.87,-0.0,0.0,0.04,26.84,Mov00
-0.71,-0.02,8.88,-0.0,0.0,0.04,26.83,Mov00
-0.71,-0.02,8.88,-0.0,0.0,0.04,26.83,Mov00
-0.71,-0.02,8.88,-0.0,0.0,0.04,26.84,Mov00
-0.71,-0.02,8.88,-0.0,0.0,0.04,26.83,Mov00
-0.71,-0.02,8.88,-0.0,0.0,0.04,26.83,Mov00
-0.71,-0.02,8.88,-0.0,0.0,0.04,26.83,Mov00
-0.71,-0.03,8.88,-0.0,0.0,0.04,26.83,Mov00
-0.7,-0.02,8.88,-0.0,0.0,0.04,26.84,Mov00
-0.7,-0.01,8.87,-0.0,0.0,0.04,26.84,Mov00
-0.7,-0.01,8.87,-0.0,0.0,0.04,26.84,Mov00
-0.7,-0.01,8.88,-0.0,0.0,0.04,26.84,Mov00
-0.7,-0.01,8.88,-0.0,0.0,0.04,26.84,Mov00
-0.71,-0.01,8.88,-0.0,0.0,0.04,26.84,Mov00
-0.71,-0.02,8.88,-0.0,0.0,0.04,26.85,Mov00
-0.71,-0.02,8.89,-0.0,0.0,0.04,26.84,Mov00
-0.7,-0.02,8.89,-0.0,0.0,0.04,26.83,Mov00
-0.7,-0.02,8.88,-0.0,0.0,0.04,26.83,Mov00
-0.7,-0.01,8.89,-0.0,0.0,0.04,26.83,Mov00
-0.7,-0.01,8.89,-0.0,0.0,0.04,26.83,Mov00
-0.71,-0.0,8.88,-0.0,0.0,0.04,26.83,Mov00
-0.7,-0.0,8.89,-0.0,0.0,0.04,26.84,Mov00
-0.71,-0.0,8.89,-0.0,0.0,0.04,26.83,Mov00
-0.71,-0.01,8.87,-0.0,0.0,0.04,26.84,Mov00
-0.7,-0.01,8.88,-0.0,0.0,0.04,26.84,Mov00
-0.7,-0.01,8.88,-0.0,0.0,0.04,26.83,Mov00
-0.7,-0.01,8.88,-0.0,0.0,0.04,26.83,Mov00
-0.69,-0.01,8.88,-0.0,0.0,0.04,26.83,Mov00
-0.7,-0.01,8.89,-0.0,0.0,0.04,26.83,Mov00
-0.7,-0.01,8.89,-0.0,0.0,0.04,26.83,Mov00
-0.7,-0.01,8.88,-0.0,0.0,0.04,26.84,Mov00
-0.7,-0.02,8.88,-0.0,0.0,0.04,26.84,Mov00
-0.7,-0.02,8.88,-0.0,0.0,0.04,26.84,Mov00
-0.7,-0.02,8.87,-0.0,0.0,0.04,26.84,Mov00
-0.7,-0.02,8.87,-0.0,0.0,0.03,26.84,Mov00
-0.7,-0.02,8.87,-0.0,0.0,0.03,26.84,Mov00
-0.7,-0.02,8.88,-0.0,0.0,0.04,26.84,Mov00
-0.7,-0.02,8.88,-0.0,0.0,0.04,26.83,Mov00
-0.71,-0.02,8.88,-0.0,0.0,0.04,26.84,Mov00
-0.71,-0.02,8.88,-0.0,0.0,0.04,26.84,Mov00
-0.71,-0.02,8.88,-0.0,0.0,0.04,26.83,Mov00
-0.71,-0.02,8.88,-0.0,0.0,0.04,26.83,Mov00
-0.71,-0.02,8.9,-0.0,0.0,0.04,26.84,Mov00
-0.71,-0.02,8.9,-0.0,0.0,0.04,26.84,Mov00
-0.71,-0.01,8.89,-0.0,0.0,0.04,26.84,Mov00
-0.71,-0.01,8.89,-0.0,0.0,0.04,26.83,Mov00
-0.71,-0.02,8.87,-0.0,0.0,0.04,26.83,Mov00
-0.71,-0.02,8.88,-0.0,0.0,0.04,26.83,Mov00
-0.71,-0.01,8.89,-0.0,0.0,0.04,26.83,Mov00
-0.7,-0.02,8.87,-0.0,0.0,0.04,26.83,Mov00
-0.71,-0.02,8.87,-0.0,0.0,0.04,26.83,Mov00
-0.7,-0.02,8.87,-0.0,0.0,0.04,26.84,Mov00
-0.7,-0.01,8.88,-0.0,0.0,0.04,26.83,Mov00
-0.71,-0.01,8.87,-0.0,0.0,0.04,26.83,Mov00
-0.7,-0.01,8.87,-0.0,0.0,0.04,26.84,Mov00
-0.7,-0.01,8.86,-0.0,0.0,0.04,26.84,Mov00
-0.71,-0.01,8.86,-0.0,0.0,0.04,26.83,Mov00
-0.7,-0.01,8.86,-0.0,0.0,0.04,26.83,Mov00
-0.7,-0.01,8.87,-0.0,0.0,0.04,26.83,Mov00
-0.7,-0.01,8.88,-0.0,0.0,0.04,26.84,Mov00
-0.7,-0.01,8.89,-0.0,0.0,0.04,26.84,Mov00
-0.7,-0.01,8.88,-0.0,0.0,0.04,26.84,Mov00
-0.7,-0.02,8.88,-0.0,0.0,0.04,26.84,Mov00
-0.71,-0.02,8.88,-0.0,0.0,0.04,26.84,Mov00
-0.7,-0.02,8.89,-0.0,0.0,0.04,26.84,Mov00
-0.71,-0.01,8.88,-0.0,0.0,0.04,26.84,Mov00
-0.71,-0.01,8.88,-0.0,0.0,0.04,26.83,Mov00
-0.71,-0.02,8.89,-0.0,0.0,0.04,26.83,Mov00
-0.7,-0.02,8.88,-0.0,0.0,0.04,26.82,Mov00
-0.7,-0.01,8.89,-0.0,0.0,0.04,26.83,Mov00
-0.7,-0.02,8.89,-0.0,0.0,0.04,26.83,Mov00
-0.7,-0.02,8.89,-0.0,0.0,0.04,26.83,Mov00
-0.7,-0.02,8.88,-0.0,0.0,0.04,26.83,Mov00
-0.7,-0.01,8.88,-0.0,0.0,0.04,26.83,Mov00
-0.7,-0.01,8.88,-0.0,0.0,0.04,26.83,Mov00
-0.7,-0.01,8.89,-0.0,0.0,0.04,26.83,Mov00
-0.7,-0.02,8.89,-0.0,0.0,0.04,26.83,Mov00
-0.7,-0.02,8.87,-0.0,0.0,0.04,26.83,Mov00
-0.69,-0.02,8.86,-0.0,0.0,0.04,26.83,Mov00
-0.7,-0.02,8.87,-0.0,0.0,0.04,26.83,Mov00
-0.69,-0.02,8.87,-0.0,0.0,0.04,26.83,Mov00
-0.7,-0.01,8.87,-0.0,0.0,0.04,26.82,Mov00
-0.7,-0.01,8.88,-0.0,0.0,0.04,26.83,Mov00
-0.7,-0.02,8.88,-0.0,0.0,0.04,26.83,Mov00
-0.71,-0.02,8.88,-0.0,0.0,0.04,26.83,Mov00
-0.71,-0.01,8.88,-0.0,0.0,0.04,26.83,Mov00
-0.71,-0.02,8.87,-0.0,0.0,0.04,26.83,Mov00
-0.71,-0.02,8.88,-0.0,0.0,0.04,26.84,Mov00
-0.7,-0.01,8.88,-0.0,0.0,0.04,26.84,Mov00
-0.7,-0.02,8.87,-0.0,0.0,0.04,26.83,Mov00
-0.7,-0.01,8.88,-0.0,0.0,0.04,26.83,Mov00
-0.7,-0.01,8.88,-0.0,0.0,0.04,26.83,Mov00
-0.7,-0.02,8.88,-0.0,0.0,0.04,26.83,Mov00
-0.7,-0.01,8.88,-0.0,0.0,0.04,26.83,Mov00
-0.7,-0.01,8.89,-0.0,0.0,0.04,26.83,Mov00
-0.7,-0.02,8.89,-0.0,0.0,0.04,26.83,Mov00
-0.7,-0.02,8.88,-0.0,0.0,0.04,26.84,Mov00
-0.71,-0.02,8.87,-0.0,0.0,0.04,26.84,Mov00
-0.71,-0.02,8.87,-0.0,0.0,0.04,26.84,Mov00
-0.71,-0.02,8.88,-0.0,0.0,0.04,26.84,Mov00
-0.71,-0.02,8.88,-0.0,0.0,0.04,26.84,Mov00
-0.7,-0.02,8.88,-0.0,0.0,0.04,26.84,Mov00
-0.7,-0.03,8.87,-0.0,0.0,0.04,26.83,Mov00
-0.7,-0.02,8.87,-0.0,0.0,0.04,26.83,Mov00
-0.7,-0.02,8.87,-0.0,0.0,0.04,26.83,Mov00
-0.7,-0.02,8.88,-0.0,0.0,0.04,26.83,Mov00
-0.7,-0.02,8.88,-0.0,0.0,0.04,26.84,Mov00
-0.7,-0.02,8.88,-0.0,0.0,0.04,26.83,Mov00
-0.7,-0.02,8.88,-0.0,0.0,0.04,26.84,Mov00
-0.7,-0.02,8.88,-0.0,0.0,0.04,26.83,Mov00
-0.7,-0.02,8.88,-0.0,0.0,0.04,26.83,Mov00
-0.7,-0.02,8.87,-0.0,0.0,0.04,26.83,Mov00
-0.7,-0.02,8.88,-0.0,0.0,0.04,26.83,Mov00
-0.7,-0.01,8.88,-0.0,0.0,0.04,26.83,Mov00
-0.7,-0.01,8.89,-0.0,0.0,0.04,26.84,Mov00
-0.69,-0.01,8.89,-0.0,0.0,0.04,26.83,Mov00
-0.7,-0.02,8.88,-0.0,0.0,0.04,26.84,Mov00
-0.7,-0.02,8.87,-0.0,0.0,0.04,26.83,Mov00
-0.7,-0.02,8.88,-0.0,0.0,0.04,26.84,Mov00
-0.69,-0.03,8.87,-0.0,0.0,0.04,26.84,Mov00
-0.7,-0.02,8.88,-0.0,0.0,0.04,26.84,Mov00
-0.7,-0.02,8.86,-0.0,0.0,0.04,26.84,Mov00
-0.7,-0.02,8.87,-0.0,0.0,0.04,26.84,Mov00
-0.69,-0.02,8.86,-0.0,0.0,0.04,26.84,Mov00
-0.69,-0.03,8.86,-0.0,0.0,0.04,26.84,Mov00
-0.7,-0.03,8.87,-0.0,0.0,0.04,26.83,Mov00
-0.7,-0.02,8.87,-0.0,0.0,0.04,26.83,Mov00
-0.7,-0.01,8.87,-0.0,0.0,0.04,26.83,Mov00
-0.71,-0.01,8.88,-0.0,0.0,0.04,26.83,Mov00
-0.7,-0.01,8.87,-0.0,0.0,0.04,26.83,Mov00
-0.71,-0.01,8.87,-0.0,0.0,0.04,26.83,Mov00
-0.7,-0.02,8.88,-0.0,0.0,0.04,26.83,Mov00
-0.7,-0.02,8.87,-0.0,0.0,0.04,26.82,Mov00
-0.71,-0.02,8.88,-0.0,0.0,0.04,26.82,Mov00
-0.71,-0.02,8.88,-0.0,0.0,0.04,26.82,Mov00
-0.71,-0.02,8.87,-0.0,0.0,0.04,26.82,Mov00
-0.71,-0.03,8.86,-0.0,0.0,0.04,26.83,Mov00
-0.71,-0.02,8.86,-0.0,0.0,0.04,26.83,Mov00
-0.71,-0.01,8.86,-0.0,0.0,0.04,26.83,Mov00
-0.71,-0.01,8.87,-0.0,0.0,0.04,26.83,Mov00
-0.71,-0.01,8.87,-0.0,0.0,0.04,26.83,Mov00
-0.71,-0.01,8.87,-0.0,0.0,0.04,26.83,Mov00
-0.71,-0.01,8.87,-0.0,0.0,0.04,26.82,Mov00
-0.71,-0.02,8.88,-0.0,0.0,0.04,26.83,Mov00
-0.72,-0.03,8.88,-0.0,0.0,0.04,26.83,Mov00
-0.71,-0.03,8.88,-0.0,0.0,0.04,26.82,Mov00
-0.71,-0.02,8.88,-0.0,0.0,0.04,26.82,Mov00
-0.71,-0.02,8.88,-0.0,0.0,0.04,26.82,Mov00
-0.71,-0.02,8.88,-0.0,0.0,0.04,26.82,Mov00
-0.7,-0.02,8.88,-0.0,0.0,0.04,26.82,Mov00
-0.7,-0.01,8.88,-0.0,0.0,0.04,26.82,Mov00
-0.7,-0.01,8.88,-0.0,0.0,0.04,26.82,Mov00
-0.7,-0.01,8.89,-0.0,0.0,0.04,26.82,Mov00
-0.7,-0.01,8.88,-0.0,0.0,0.04,26.82,Mov00
-0.7,-0.01,8.88,-0.0,0.0,0.04,26.82,Mov00
-0.7,-0.02,8.88,-0.0,0.0,0.04,26.82,Mov00
-0.7,-0.02,8.88,-0.0,0.0,0.04,26.82,Mov00
-0.71,-0.02,8.89,-0.0,0.0,0.04,26.83,Mov00
-0.7,-0.02,8.88,-0.0,0.0,0.04,26.82,Mov00
-0.7,-0.02,8.87,-0.0,0.0,0.04,26.82,Mov00
-0.7,-0.01,8.87,-0.0,0.0,0.04,26.83,Mov00
-0.7,-0.01,8.88,-0.0,0.0,0.03,26.82,Mov00
-0.7,-0.02,8.88,-0.0,0.0,0.04,26.82,Mov00
-0.7,-0.02,8.88,-0.0,0.0,0.04,26.83,Mov00
-0.7,-0.02,8.89,-0.0,0.0,0.04,26.82,Mov00
-0.7,-0.02,8.88,-0.0,0.0,0.04,26.82,Mov00
-0.7,-0.02,8.88,-0.0,0.0,0.04,26.82,Mov00
-0.7,-0.02,8.88,-0.0,0.0,0.04,26.82,Mov00
-0.7,-0.01,8.89,-0.0,0.0,0.04,26.82,Mov00
-0.7,-0.01,8.89,-0.0,0.0,0.04,26.82,Mov00
-0.7,-0.02,8.88,-0.0,0.0,0.04,26.82,Mov00
-0.7,-0.02,8.87,-0.0,0.0,0.04,26.82,Mov00
-0.7,-0.02,8.88,-0.0,0.0,0.04,26.82,Mov00
-0.7,-0.02,8.87,-0.0,0.0,0.04,26.83,Mov00
-0.69,-0.02,8.88,-0.0,0.0,0.04,26.83,Mov00
-0.7,-0.02,8.87,-0.0,0.0,0.04,26.83,Mov00
-0.7,-0.01,8.88,-0.0,0.0,0.04,26.83,Mov00
-0.71,-0.01,8.87,-0.0,0.0,0.03,26.82,Mov00
-0.7,-0.01,8.87,-0.0,0.0,0.03,26.83,Mov00
-0.7,-0.02,8.87,-0.0,0.0,0.04,26.82,Mov00
-0.7,-0.02,8.87,-0.0,0.0,0.04,26.82,Mov00
-0.69,-0.02,8.88,-0.0,0.0,0.04,26.82,Mov00
-0.7,-0.02,8.87,-0.0,0.0,0.03,26.83,Mov00
-0.7,-0.02,8.87,-0.0,0.0,0.04,26.83,Mov00
-0.7,-0.02,8.88,-0.0,0.0,0.04,26.83,Mov00
-0.7,-0.01,8.89,-0.0,0.0,0.04,26.83,Mov00
-0.7,-0.0,8.88,-0.0,0.0,0.04,26.83,Mov00
-0.71,-0.01,8.87,-0.0,0.0,0.04,26.82,Mov00
-0.7,-0.02,8.88,-0.0,0.0,0.04,26.82,Mov00
-0.7,-0.02,8.88,-0.0,0.0,0.04,26.82,Mov00
-0.7,-0.01,8.88,-0.0,0.0,0.04,26.82,Mov00
-0.71,-0.01,8.89,-0.0,0.0,0.03,26.82,Mov00
-0.7,-0.01,8.88,-0.0,0.0,0.03,26.82,Mov00
-0.7,-0.01,8.87,-0.0,0.0,0.04,26.82,Mov00
-0.71,-0.01,8.88,-0.0,0.0,0.04,26.81,Mov00
-0.7,-0.01,8.89,-0.0,0.0,0.04,26.81,Mov00
-0.7,-0.01,8.87,-0.0,0.0,0.04,26.82,Mov00
-0.71,-0.01,8.87,-0.0,0.0,0.04,26.83,Mov00
-0.71,-0.02,8.88,-0.0,0.0,0.04,26.83,Mov00
-0.71,-0.02,8.88,-0.0,0.0,0.04,26.84,Mov00
-0.71,-0.03,8.88,-0.0,0.0,0.04,26.83,Mov00
-0.71,-0.02,8.88,-0.0,0.0,0.04,26.83,Mov00
-0.71,-0.03,8.88,-0.0,0.0,0.04,26.83,Mov00
-0.71,-0.03,8.87,-0.0,0.0,0.04,26.83,Mov00
-0.7,-0.03,8.87,-0.0,0.0,0.04,26.82,Mov00
-0.7,-0.02,8.87,-0.0,0.0,0.04,26.82,Mov00
-0.7,-0.02,8.88,-0.0,0.0,0.04,26.83,Mov00
-0.7,-0.02,8.87,-0.0,0.0,0.04,26.83,Mov00
-0.71,-0.02,8.86,-0.0,0.0,0.04,26.82,Mov00
-0.71,-0.03,8.86,-0.0,0.0,0.04,26.83,Mov00
-0.7,-0.03,8.87,-0.0,0.0,0.04,26.82,Mov00
-0.7,-0.02,8.86,-0.0,0.0,0.04,26.82,Mov00
-0.7,-0.01,8.87,-0.0,0.0,0.04,26.82,Mov00
-0.7,-0.02,8.88,-0.0,0.0,0.04,26.82,Mov00
-0.7,-0.03,8.88,-0.0,0.0,0.04,26.83,Mov00
-0.7,-0.03,8.87,-0.0,0.0,0.04,26.83,Mov00
-0.71,-0.03,8.87,-0.0,0.0,0.04,26.82,Mov00
-0.71,-0.02,8.87,-0.0,0.0,0.04,26.82,Mov00
-0.71,-0.02,8.87,-0.0,0.0,0.04,26.82,Mov00
-0.71,-0.02,8.87,-0.0,0.0,0.04,26.82,Mov00
-0.71,-0.02,8.87,-0.0,0.0,0.04,26.82,Mov00
-0.71,-0.02,8.88,-0.0,0.0,0.04,26.82,Mov00
-0.71,-0.02,8.87,-0.0,0.0,0.04,26.82,Mov00
-0.7,-0.01,8.87,-0.0,0.0,0.04,26.83,Mov00
-0.7,-0.02,8.88,-0.0,0.0,0.04,26.82,Mov00
-0.7,-0.02,8.87,-0.0,0.0,0.03,26.82,Mov00
-0.7,-0.02,8.87,-0.0,0.0,0.04,26.82,Mov00
-0.7,-0.01,8.87,-0.0,0.0,0.04,26.81,Mov00
-0.7,-0.02,8.87,-0.0,0.0,0.04,26.82,Mov00
-0.7,-0.02,8.87,-0.0,0.0,0.04,26.82,Mov00
-0.71,-0.02,8.87,-0.0,0.0,0.04,26.83,Mov00
-0.71,-0.02,8.88,-0.0,0.0,0.04,26.82,Mov00
-0.71,-0.02,8.89,-0.0,0.0,0.04,26.82,Mov00
-0.7,-0.02,8.88,-0.0,0.0,0.04,26.82,Mov00
-0.7,-0.01,8.88,-0.0,0.0,0.04,26.82,Mov00
-0.7,-0.01,8.88,-0.0,0.0,0.04,26.82,Mov00
-0.7,-0.01,8.88,-0.0,0.0,0.04,26.82,Mov00
-0.7,-0.01,8.89,-0.0,0.0,0.04,26.83,Mov00
-0.71,-0.02,8.89,-0.0,0.0,0.04,26.82,Mov00
-0.71,-0.01,8.88,-0.0,0.0,0.04,26.82,Mov00
-0.71,-0.01,8.88,-0.0,0.0,0.04,26.82,Mov00
-0.71,-0.02,8.87,-0.0,0.0,0.04,26.82,Mov00
-0.71,-0.02,8.86,-0.0,0.0,0.04,26.82,Mov00
-0.71,-0.03,8.87,-0.0,0.0,0.04,26.82,Mov00
-0.7,-0.03,8.88,-0.0,0.0,0.04,26.82,Mov00
-0.7,-0.03,8.88,-0.0,0.0,0.04,26.81,Mov00
-0.7,-0.03,8.89,-0.0,0.0,0.04,26.82,Mov00
-0.71,-0.02,8.89,-0.0,0.0,0.04,26.82,Mov00
-0.71,-0.02,8.88,-0.0,0.0,0.04,26.83,Mov00
-0.71,-0.02,8.87,-0.0,0.0,0.04,26.82,Mov00
-0.69,-0.02,8.88,-0.0,0.0,0.04,26.82,Mov00
-0.7,-0.03,8.87,-0.0,0.0,0.04,26.82,Mov00
-0.71,-0.03,8.87,-0.0,0.0,0.04,26.82,Mov00
-0.71,-0.03,8.87,-0.0,0.0,0.04,26.82,Mov00
-0.71,-0.03,8.86,-0.0,0.0,0.04,26.83,Mov00
-0.71,-0.03,8.87,-0.0,0.0,0.04,26.82,Mov00
-0.7,-0.03,8.87,-0.0,0.0,0.04,26.81,Mov00
-0.71,-0.03,8.88,-0.0,0.0,0.04,26.82,Mov00
-0.7,-0.02,8.88,-0.0,0.0,0.04,26.81,Mov00
-0.71,-0.02,8.89,-0.0,0.0,0.04,26.81,Mov00
-0.69,-0.01,8.88,-0.0,0.0,0.04,26.81,Mov00
-0.69,-0.02,8.87,-0.0,0.0,0.04,26.81,Mov00
-0.69,-0.02,8.87,-0.0,0.0,0.04,26.81,Mov00
-0.7,-0.02,8.87,-0.0,0.0,0.04,26.82,Mov00
-0.7,-0.02,8.87,-0.0,0.0,0.04,26.82,Mov00
-0.7,-0.02,8.87,-0.0,0.0,0.04,26.82,Mov00
-0.71,-0.03,8.87,-0.0,0.0,0.04,26.82,Mov00
-0.7,-0.03,8.87,-0.0,0.0,0.04,26.82,Mov00
-0.71,-0.03,8.86,-0.0,0.0,0.04,26.82,Mov00
-0.71,-0.02,8.86,-0.0,0.0,0.04,26.82,Mov00
-0.71,-0.02,8.87,-0.0,0.0,0.04,26.82,Mov00
-0.7,-0.02,8.87,-0.0,0.0,0.04,26.82,Mov00
-0.7,-0.01,8.87,-0.0,0.0,0.04,26.82,Mov00
-0.7,-0.01,8.88,-0.0,0.0,0.04,26.82,Mov00
-0.71,-0.01,8.87,-0.0,0.0,0.04,26.82,Mov00
-0.71,-0.01,8.88,-0.0,0.0,0.04,26.82,Mov00
-0.71,-0.02,8.88,-0.0,0.0,0.04,26.82,Mov00
-0.71,-0.03,8.88,-0.0,0.0,0.04,26.82,Mov00
-0.71,-0.02,8.88,-0.0,0.0,0.04,26.81,Mov00
-0.71,-0.01,8.88,-0.0,0.0,0.04,26.81,Mov00
-0.7,-0.02,8.87,-0.0,0.0,0.04,26.81,Mov00
-0.7,-0.02,8.87,-0.0,0.0,0.04,26.82,Mov00
-0.71,-0.02,8.88,-0.0,0.0,0.04,26.81,Mov00
-0.71,-0.02,8.87,-0.0,0.0,0.04,26.82,Mov00
-0.7,-0.02,8.87,-0.0,0.0,0.03,26.82,Mov00
-0.7,-0.02,8.88,-0.0,0.0,0.03,26.82,Mov00
-0.7,-0.02,8.89,-0.0,0.0,0.04,26.82,Mov00
-0.7,-0.02,8.88,-0.0,0.0,0.04,26.82,Mov00
-0.7,-0.01,8.88,-0.0,0.0,0.03,26.81,Mov00
-0.7,-0.01,8.87,-0.0,0.0,0.03,26.81,Mov00
-0.7,-0.01,8.86,-0.0,0.0,0.03,26.81,Mov00
-0.71,-0.01,8.87,-0.0,0.0,0.04,26.81,Mov00
-0.71,-0.01,8.87,-0.0,0.0,0.04,26.81,Mov00
-0.71,-0.02,8.87,-0.0,0.0,0.04,26.81,Mov00
-0.71,-0.02,8.87,-0.0,0.0,0.04,26.81,Mov00
-0.71,-0.02,8.87,-0.0,0.0,0.04,26.81,Mov00
-0.7,-0.02,8.87,-0.0,0.0,0.04,26.81,Mov00
-0.7,-0.02,8.88,-0.0,0.0,0.03,26.82,Mov00
-0.7,-0.02,8.88,-0.0,0.0,0.04,26.82,Mov00
-0.7,-0.02,8.87,-0.0,0.0,0.03,26.81,Mov00
-0.7,-0.01,8.87,-0.0,0.0,0.03,26.8,Mov00
-0.7,-0.01,8.87,-0.0,0.0,0.03,26.81,Mov00
-0.7,-0.01,8.87,-0.0,0.0,0.04,26.81,Mov00
-0.7,-0.02,8.87,-0.0,0.0,0.04,26.81,Mov00
-0.71,-0.02,8.88,-0.0,0.0,0.04,26.81,Mov00
-0.71,-0.02,8.88,-0.0,0.0,0.04,26.81,Mov00
-0.71,-0.03,8.86,-0.0,0.0,0.04,26.81,Mov00
-0.71,-0.03,8.87,-0.0,0.0,0.04,26.81,Mov00
-0.71,-0.02,8.86,-0.0,0.0,0.04,26.8,Mov00
-0.71,-0.02,8.86,-0.0,0.0,0.04,26.81,Mov00
-0.7,-0.02,8.88,-0.0,0.0,0.04,26.81,Mov00
-0.71,-0.02,8.86,-0.0,0.0,0.04,26.8,Mov00
-0.7,-0.02,8.87,-0.0,0.0,0.04,26.8,Mov00
-0.7,-0.03,8.87,-0.0,0.0,0.04,26.8,Mov00
-0.7,-0.02,8.88,-0.0,0.0,0.04,26.8,Mov00
-0.7,-0.02,8.88,-0.0,0.0,0.04,26.81,Mov00
-0.71,-0.02,8.88,-0.0,0.0,0.04,26.81,Mov00
-0.71,-0.01,8.88,-0.0,0.0,0.04,26.81,Mov00
-0.71,-0.02,8.87,-0.0,0.0,0.04,26.81,Mov00
-0.71,-0.02,8.88,-0.0,0.0,0.03,26.82,Mov00
-0.71,-0.02,8.88,-0.0,0.0,0.03,26.82,Mov00
-0.71,-0.01,8.88,-0.0,0.0,0.03,26.81,Mov00
-0.71,-0.02,8.88,-0.0,0.0,0.03,26.81,Mov00
-0.7,-0.02,8.88,-0.0,0.0,0.04,26.8,Mov00
-0.71,-0.02,8.88,-0.0,0.0,0.04,26.8,Mov00
-0.71,-0.02,8.88,-0.0,0.0,0.04,26.81,Mov00
-0.7,-0.01,8.88,-0.0,0.0,0.04,26.81,Mov00
-0.7,-0.01,8.87,-0.0,0.0,0.04,26.81,Mov00
-0.7,-0.02,8.86,-0.0,0.0,0.04,26.81,Mov00
-0.7,-0.01,8.86,-0.0,0.0,0.03,26.8,Mov00
-0.7,-0.01,8.87,-0.0,0.0,0.04,26.8,Mov00
-0.71,-0.01,8.87,-0.0,0.0,0.04,26.8,Mov00
-0.7,-0.01,8.87,-0.0,0.0,0.03,26.81,Mov00
-0.71,-0.02,8.87,-0.0,0.0,0.04,26.81,Mov00
-0.71,-0.02,8.88,-0.0,0.0,0.04,26.82,Mov00
-0.71,-0.02,8.88,-0.0,0.0,0.04,26.81,Mov00
-0.7,-0.02,8.88,-0.0,0.0,0.04,26.81,Mov00
-0.7,-0.02,8.88,-0.0,0.0,0.04,26.81,Mov00
-0.7,-0.02,8.88,-0.0,0.0,0.04,26.8,Mov00
-0.7,-0.02,8.87,-0.0,0.0,0.04,26.8,Mov00
-0.7,-0.02,8.88,-0.0,0.0,0.04,26.8,Mov00
-0.7,-0.03,8.87,-0.0,0.0,0.04,26.8,Mov00
-0.69,-0.03,8.87,-0.0,0.0,0.04,26.81,Mov00
-0.7,-0.03,8.86,-0.0,0.0,0.04,26.81,Mov00
-0.7,-0.03,8.87,-0.0,0.0,0.04,26.81,Mov00
-0.71,-0.02,8.87,-0.0,0.0,0.04,26.81,Mov00
-0.71,-0.02,8.87,-0.0,0.0,0.04,26.81,Mov00
-0.7,-0.02,8.88,-0.0,0.0,0.04,26.81,Mov00
-0.71,-0.02,8.87,-0.0,0.0,0.04,26.81,Mov00
-0.7,-0.01,8.88,-0.0,0.0,0.04,26.81,Mov00
-0.71,-0.01,8.87,-0.0,0.0,0.04,26.81,Mov00
-0.72,-0.02,8.88,-0.0,0.0,0.04,26.81,Mov00
-0.72,-0.01,8.88,-0.0,0.0,0.04,26.81,Mov00
-0.71,-0.01,8.88,-0.0,0.0,0.04,26.81,Mov00
-0.71,-0.01,8.88,-0.0,0.0,0.04,26.8,Mov00
-0.71,-0.02,8.88,-0.0,0.0,0.04,26.8,Mov00
-0.71,-0.02,8.88,-0.0,0.0,0.04,26.8,Mov00
-0.7,-0.02,8.89,-0.0,0.0,0.04,26.81,Mov00
-0.7,-0.02,8.88,-0.0,0.0,0.04,26.81,Mov00
-0.7,-0.03,8.87,-0.0,0.0,0.04,26.8,Mov00
-0.7,-0.02,8.87,-0.0,0.0,0.04,26.8,Mov00
-0.69,-0.02,8.87,-0.0,0.0,0.04,26.81,Mov00
-0.7,-0.02,8.87,-0.0,0.0,0.04,26.81,Mov00
-0.69,-0.02,8.89,-0.0,0.0,0.04,26.81,Mov00
-0.7,-0.02,8.88,-0.0,0.0,0.04,26.81,Mov00
-0.71,-0.02,8.88,-0.0,0.0,0.04,26.8,Mov00
-0.7,-0.02,8.88,-0.0,0.0,0.04,26.8,Mov00
-0.7,-0.02,8.87,-0.0,0.0,0.04,26.8,Mov00
-0.71,-0.02,8.87,-0.0,0.0,0.04,26.8,Mov00
-0.71,-0.02,8.87,-0.0,0.0,0.04,26.8,Mov00
-0.72,-0.02,8.86,-0.0,0.0,0.04,26.8,Mov00
-0.71,-0.02,8.86,-0.0,0.0,0.04,26.8,Mov00
-0.71,-0.03,8.86,-0.0,0.0,0.04,26.79,Mov00
-0.71,-0.02,8.87,-0.0,0.0,0.04,26.8,Mov00
-0.7,-0.02,8.87,-0.0,0.0,0.04,26.79,Mov00
-0.7,-0.02,8.87,-0.0,0.0,0.04,26.8,Mov00
-0.69,-0.01,8.88,-0.0,0.0,0.04,26.8,Mov00
-0.7,-0.02,8.87,-0.0,0.0,0.04,26.8,Mov00
-0.7,-0.02,8.87,-0.0,0.0,0.04,26.79,Mov00
-0.7,-0.02,8.87,-0.0,0.0,0.04,26.8,Mov00
-0.7,-0.02,8.86,-0.0,0.0,0.04,26.8,Mov00
-0.7,-0.02,8.87,-0.0,0.0,0.04,26.8,Mov00
-0.7,-0.02,8.87,-0.0,0.0,0.04,26.79,Mov00
-0.7,-0.02,8.86,-0.0,0.0,0.03,26.79,Mov00
-0.7,-0.01,8.87,-0.0,0.0,0.04,26.79,Mov00
-0.7,-0.01,8.88,-0.0,0.0,0.04,26.78,Mov00
-0.69,-0.01,8.87,-0.0,0.0,0.04,26.78,Mov00
-0.69,-0.01,8.88,-0.0,0.0,0.04,26.78,Mov00
-0.69,-0.02,8.88,-0.0,0.0,0.04,26.78,Mov00
-0.7,-0.01,8.87,-0.0,0.0,0.04,26.78,Mov00
-0.7,-0.02,8.88,-0.0,0.0,0.04,26.78,Mov00
-0.7,-0.02,8.88,-0.0,0.0,0.04,26.79,Mov00
-0.7,-0.01,8.87,-0.0,0.0,0.04,26.79,Mov00
-0.71,-0.01,8.88,-0.0,0.0,0.04,26.79,Mov00
-0.7,-0.02,8.87,-0.0,0.0,0.04,26.79,Mov00
-0.7,-0.01,8.87,-0.0,0.0,0.04,26.79,Mov00
-0.7,-0.02,8.87,-0.0,0.0,0.04,26.79,Mov00
-0.69,-0.01,8.87,-0.0,0.0,0.04,26.8,Mov00
-0.71,-0.01,8.87,-0.0,0.0,0.04,26.8,Mov00
-0.71,-0.02,8.87,-0.0,0.0,0.04,26.8,Mov00
-0.71,-0.02,8.88,-0.0,0.0,0.04,26.8,Mov00
-0.71,-0.02,8.88,-0.0,0.0,0.04,26.79,Mov00
-0.71,-0.02,8.87,-0.0,0.0,0.04,26.79,Mov00
-0.71,-0.01,8.87,-0.0,0.0,0.04,26.79,Mov00
-0.7,-0.01,8.88,-0.0,0.0,0.04,26.78,Mov00
-0.7,-0.01,8.89,-0.0,0.0,0.04,26.79,Mov00
-0.71,-0.02,8.88,-0.0,0.0,0.04,26.79,Mov00
-0.71,-0.02,8.87,-0.0,0.0,0.04,26.79,Mov00
-0.7,-0.02,8.87,-0.0,0.0,0.04,26.79,Mov00
-0.7,-0.02,8.86,-0.0,0.0,0.04,26.79,Mov00
-0.7,-0.02,8.86,-0.0,0.0,0.04,26.79,Mov00
-0.7,-0.02,8.85,-0.0,0.0,0.04,26.78,Mov00
-0.7,-0.02,8.86,-0.0,0.0,0.04,26.78,Mov00
-0.71,-0.01,8.87,-0.0,0.0,0.04,26.78,Mov00
-0.71,-0.01,8.87,-0.0,0.0,0.04,26.79,Mov00
-0.71,-0.01,8.87,-0.0,0.0,0.04,26.79,Mov00
-0.71,-0.01,8.87,-0.0,0.0,0.04,26.79,Mov00
-0.71,-0.02,8.88,-0.0,0.0,0.04,26.79,Mov00
-0.7,-0.02,8.88,-0.0,0.0,0.04,26.78,Mov00
-0.71,-0.01,8.88,-0.0,0.0,0.04,26.78,Mov00
-0.7,-0.01,8.87,-0.0,0.0,0.04,26.78,Mov00
-0.71,-0.02,8.89,-0.0,0.0,0.04,26.78,Mov00
-0.71,-0.01,8.89,-0.0,0.0,0.04,26.79,Mov00
-0.71,-0.01,8.88,-0.0,0.0,0.04,26.78,Mov00
-0.71,-0.01,8.87,-0.0,0.0,0.04,26.78,Mov00
-0.71,-0.01,8.87,-0.0,0.0,0.03,26.78,Mov00
-0.7,-0.02,8.87,-0.0,0.0,0.04,26.78,Mov00
-0.71,-0.02,8.86,-0.0,0.0,0.04,26.78,Mov00
-0.71,-0.02,8.87,-0.0,0.0,0.04,26.78,Mov00
-0.71,-0.02,8.88,-0.0,0.0,0.04,26.78,Mov00
-0.71,-0.02,8.88,-0.0,0.0,0.04,26.78,Mov00
-0.71,-0.02,8.89,-0.0,0.0,0.04,26.78,Mov00
-0.7,-0.02,8.88,-0.0,0.0,0.04,26.78,Mov00
-0.71,-0.02,8.88,-0.0,0.0,0.04,26.78,Mov00
-0.71,-0.02,8.87,-0.0,0.0,0.04,26.78,Mov00
-0.71,-0.03,8.86,-0.0,0.0,0.04,26.78,Mov00
-0.71,-0.02,8.86,-0.0,0.0,0.04,26.79,Mov00
-0.7,-0.02,8.88,-0.0,0.0,0.04,26.78,Mov00
-0.7,-0.01,8.88,-0.0,0.0,0.04,26.78,Mov00
-0.7,-0.02,8.89,-0.0,0.0,0.04,26.77,Mov00
-0.7,-0.02,8.89,-0.0,0.0,0.04,26.77,Mov00
-0.7,-0.02,8.87,-0.0,0.0,0.04,26.77,Mov00
-0.7,-0.02,8.87,-0.0,0.0,0.04,26.77,Mov00
-0.7,-0.02,8.87,-0.0,0.0,0.04,26.77,Mov00
-0.7,-0.02,8.88,-0.0,0.0,0.04,26.77,Mov00
-0.7,-0.02,8.88,-0.0,0.0,0.04,26.78,Mov00
-0.7,-0.01,8.88,-0.0,0.0,0.04,26.78,Mov00
-0.7,-0.01,8.87,-0.0,0.0,0.04,26.78,Mov00
-0.7,-0.01,8.87,-0.0,0.0,0.04,26.78,Mov00
-0.7,-0.02,8.87,-0.0,0.0,0.04,26.78,Mov00
-0.7,-0.01,8.88,-0.0,0.0,0.04,26.79,Mov00
-0.7,-0.01,8.88,-0.0,0.0,0.04,26.79,Mov00
-0.69,-0.02,8.88,-0.0,0.0,0.04,26.79,Mov00
-0.69,-0.02,8.88,-0.0,0.0,0.04,26.78,Mov00
-0.71,-0.01,8.89,-0.0,0.0,0.04,26.78,Mov00
-0.71,-0.01,8.88,-0.0,0.0,0.04,26.78,Mov00
-0.71,-0.01,8.88,-0.0,0.0,0.04,26.78,Mov00
-0.71,-0.02,8.88,-0.0,0.0,0.04,26.79,Mov00
-0.71,-0.02,8.88,-0.0,0.0,0.04,26.78,Mov00
-0.71,-0.02,8.89,-0.0,0.0,0.04,26.79,Mov00
-0.7,-0.02,8.87,-0.0,0.0,0.04,26.78,Mov00
-0.7,-0.03,8.88,-0.0,0.0,0.04,26.78,Mov00
-0.7,-0.03,8.87,-0.0,0.0,0.04,26.79,Mov00
-0.69,-0.03,8.86,-0.0,0.0,0.04,26.78,Mov00
-0.7,-0.02,8.88,-0.0,0.0,0.04,26.78,Mov00
-0.7,-0.02,8.88,-0.0,0.0,0.04,26.78,Mov00
-0.7,-0.02,8.88,-0.0,0.0,0.04,26.78,Mov00
-0.7,-0.02,8.88,-0.0,0.0,0.04,26.78,Mov00
-0.71,-0.02,8.88,-0.0,0.0,0.04,26.78,Mov00
-0.71,-0.02,8.89,-0.0,0.0,0.03,26.78,Mov00
-0.71,-0.02,8.89,-0.0,0.0,0.04,26.78,Mov00
-0.7,-0.02,8.89,-0.0,0.0,0.04,26.78,Mov00
-0.7,-0.02,8.88,-0.0,0.0,0.04,26.77,Mov00
-0.7,-0.01,8.89,-0.0,0.0,0.04,26.78,Mov00
-0.7,-0.02,8.88,-0.0,0.0,0.04,26.78,Mov00
-0.7,-0.02,8.88,-0.0,0.0,0.04,26.77,Mov00
-0.7,-0.02,8.89,-0.0,0.0,0.03,26.79,Mov00
-0.69,-0.03,8.9,-0.0,0.0,0.04,26.78,Mov00
-0.7,-0.03,8.89,-0.0,0.0,0.04,26.78,Mov00
0.28,9.6,0.39,0.04,0.01,0.04,26.85,Mov02
0.29,9.56,0.31,0.02,0.01,0.03,26.86,Mov02
0.29,9.57,0.37,-0.0,0.01,0.02,26.86,Mov02
0.27,9.58,0.45,-0.02,0.02,0.01,26.86,Mov02
0.22,9.62,0.54,-0.03,0.04,0.01,26.85,Mov02
0.15,9.66,0.63,-0.03,0.04,0.01,26.86,Mov02
0.11,9.68,0.66,-0.0,0.03,0.02,26.85,Mov02
0.11,9.67,0.61,0.01,0.01,0.03,26.85,Mov02
0.14,9.63,0.49,0.02,-0.01,0.03,26.85,Mov02
0.19,9.61,0.35,0.01,-0.01,0.03,26.85,Mov02
0.22,9.59,0.31,-0.01,0.0,0.03,26.86,Mov02
0.22,9.61,0.38,-0.03,0.02,0.03,26.85,Mov02
0.19,9.65,0.49,-0.03,0.03,0.03,26.86,Mov02
0.15,9.68,0.6,-0.03,0.02,0.04,26.86,Mov02
0.14,9.69,0.69,-0.02,0.01,0.05,26.86,Mov02
0.17,9.66,0.65,-0.01,-0.0,0.06,26.86,Mov02
0.22,9.61,0.55,0.01,-0.01,0.06,26.87,Mov02
0.28,9.57,0.43,0.02,-0.01,0.05,26.86,Mov02
0.32,9.57,0.33,0.02,0.01,0.04,26.87,Mov02
0.33,9.58,0.34,0.0,0.03,0.03,26.86,Mov02
0.26,9.61,0.44,-0.01,0.05,0.02,26.86,Mov02
0.2,9.66,0.54,-0.02,0.05,0.02,26.86,Mov02
0.12,9.67,0.63,-0.01,0.04,0.03,26.86,Mov02
0.07,9.69,0.68,0.01,0.02,0.04,26.87,Mov02
0.09,9.68,0.64,0.01,-0.02,0.05,26.87,Mov02
0.17,9.64,0.52,0.01,-0.04,0.05,26.87,Mov02
0.23,9.58,0.4,0.0,-0.04,0.05,26.86,Mov02
0.29,9.54,0.33,0.0,-0.02,0.04,26.86,Mov02
0.29,9.54,0.34,-0.0,0.01,0.03,26.86,Mov02
0.24,9.59,0.43,-0.0,0.03,0.02,26.87,Mov02
0.17,9.64,0.54,-0.01,0.03,0.02,26.87,Mov02
0.13,9.68,0.65,-0.0,0.02,0.03,26.87,Mov02
0.11,9.67,0.68,0.0,-0.01,0.04,26.88,Mov02
0.14,9.64,0.63,0.01,-0.03,0.05,26.87,Mov02
0.19,9.62,0.49,0.01,-0.04,0.05,26.87,Mov02
0.24,9.59,0.37,0.0,-0.03,0.04,26.87,Mov02
0.26,9.59,0.31,-0.01,-0.02,0.04,26.87,Mov02
0.29,9.63,0.36,-0.03,-0.01,0.03,26.87,Mov02
0.26,9.64,0.46,-0.04,0.0,0.03,26.87,Mov02
0.22,9.64,0.56,-0.03,0.01,0.03,26.87,Mov02
0.2,9.65,0.64,-0.01,0.0,0.04,26.87,Mov02
0.17,9.62,0.66,0.01,-0.0,0.04,26.87,Mov02
0.18,9.6,0.58,0.02,-0.01,0.03,26.87,Mov02
0.21,9.59,0.46,0.03,-0.01,0.03,26.87,Mov02
0.23,9.57,0.38,0.02,-0.0,0.02,26.87,Mov02
0.24,9.59,0.36,0.01,0.01,0.01,26.87,Mov02
0.22,9.62,0.4,0.0,0.03,0.01,26.87,Mov02
0.15,9.65,0.5,-0.01,0.03,0.02,26.87,Mov02
0.08,9.67,0.61,-0.03,0.02,0.03,26.86,Mov02
0.06,9.68,0.67,-0.03,0.0,0.04,26.86,Mov02
0.08,9.67,0.64,-0.02,-0.01,0.05,26.87,Mov02
0.14,9.63,0.57,-0.0,-0.03,0.06,26.87,Mov02
0.21,9.6,0.45,0.01,-0.03,0.05,26.87,Mov02
0.29,9.59,0.36,0.01,-0.01,0.05,26.86,Mov02
0.31,9.6,0.32,0.01,0.01,0.04,26.87,Mov02
0.29,9.61,0.38,-0.0,0.02,0.03,26.87,Mov02
0.23,9.66,0.51,-0.01,0.03,0.03,26.87,Mov02
0.16,9.7,0.63,-0.02,0.01,0.03,26.87,Mov02
0.12,9.68,0.68,-0.01,-0.01,0.04,26.87,Mov02
0.14,9.66,0.62,-0.0,-0.04,0.05,26.87,Mov02
0.19,9.61,0.49,0.01,-0.05,0.05,26.87,Mov02
0.24,9.57,0.38,0.01,-0.05,0.04,26.87,Mov02
0.29,9.54,0.32,0.0,-0.02,0.03,26.87,Mov02
0.28,9.56,0.35,-0.01,0.0,0.02,26.87,Mov02
0.25,9.59,0.44,-0.01,0.02,0.01,26.87,Mov02
0.19,9.64,0.56,-0.01,0.03,0.01,26.87,Mov02
0.13,9.68,0.65,-0.0,0.02,0.02,26.87,Mov02
0.11,9.71,0.67,0.0,-0.0,0.04,26.87,Mov02
0.12,9.68,0.6,0.0,-0.02,0.05,26.87,Mov02
0.17,9.65,0.46,0.0,-0.03,0.05,26.88,Mov02
0.21,9.62,0.35,-0.01,-0.03,0.05,26.88,Mov02
0.25,9.59,0.29,-0.01,-0.01,0.05,26.88,Mov02
0.25,9.6,0.33,-0.02,0.01,0.04,26.88,Mov02
0.23,9.61,0.45,-0.03,0.02,0.04,26.89,Mov02
0.18,9.63,0.6,-0.03,0.03,0.04,26.88,Mov02
0.14,9.64,0.72,-0.02,0.02,0.04,26.88,Mov02
0.14,9.65,0.73,0.0,0.0,0.04,26.88,Mov02
0.2,9.64,0.61,0.02,-0.01,0.05,26.88,Mov02
0.28,9.61,0.44,0.02,-0.02,0.05,26.88,Mov02
0.34,9.59,0.31,0.01,-0.02,0.04,26.88,Mov02
0.34,9.57,0.28,-0.01,0.0,0.03,26.88,Mov02
0.29,9.58,0.36,-0.01,0.03,0.02,26.88,Mov02
0.21,9.63,0.49,-0.01,0.04,0.01,26.88,Mov02
0.14,9.69,0.63,-0.01,0.03,0.02,26.88,Mov02
0.09,9.72,0.72,0.0,0.01,0.03,26.88,Mov02
0.1,9.7,0.68,0.01,-0.01,0.04,26.88,Mov02
0.16,9.66,0.55,0.02,-0.03,0.04,26.88,Mov02
0.22,9.61,0.39,0.02,-0.03,0.04,26.88,Mov02
0.27,9.58,0.3,0.01,-0.01,0.04,26.88,Mov02
0.26,9.58,0.31,-0.01,0.01,0.03,26.88,Mov02
0.22,9.6,0.4,-0.02,0.03,0.02,26.87,Mov02
0.19,9.62,0.53,-0.03,0.02,0.02,26.88,Mov02
0.14,9.64,0.65,-0.02,0.01,0.03,26.88,Mov02
0.11,9.66,0.72,-0.01,0.0,0.04,26.88,Mov02
0.11,9.64,0.67,0.01,-0.01,0.05,26.89,Mov02
0.14,9.61,0.54,0.02,-0.02,0.04,26.88,Mov02
0.21,9.6,0.38,0.02,-0.02,0.04,26.89,Mov02
0.25,9.59,0.29,0.01,-0.01,0.04,26.88,Mov02
0.25,9.59,0.3,-0.01,0.01,0.03,26.89,Mov02
0.23,9.63,0.4,-0.02,0.02,0.03,26.88,Mov02
0.19,9.67,0.52,-0.03,0.02,0.03,26.88,Mov02
0.15,9.69,0.63,-0.03,0.01,0.03,26.88,Mov02
0.12,9.69,0.67,-0.01,0.0,0.04,26.88,Mov02
0.12,9.66,0.63,0.01,-0.01,0.05,26.88,Mov02
0.17,9.64,0.51,0.01,-0.03,0.05,26.88,Mov02
0.22,9.61,0.39,0.01,-0.03,0.05,26.88,Mov02
0.26,9.57,0.31,0.0,-0.01,0.04,26.88,Mov02
0.27,9.58,0.33,-0.01,0.01,0.04,26.87,Mov02
0.24,9.61,0.42,-0.01,0.03,0.03,26.87,Mov02
0.19,9.65,0.56,-0.02,0.03,0.04,26.87,Mov02
0.15,9.67,0.66,-0.02,0.01,0.04,26.87,Mov02
0.15,9.66,0.65,-0.01,-0.01,0.04,26.87,Mov02
0.19,9.62,0.56,-0.0,-0.03,0.04,26.88,Mov02
0.24,9.58,0.45,0.0,-0.03,0.04,26.88,Mov02
0.27,9.57,0.36,0.0,-0.0,0.03,26.88,Mov02
0.25,9.58,0.35,-0.0,0.02,0.02,26.88,Mov02
0.2,9.6,0.43,-0.0,0.04,0.02,26.89,Mov02
0.16,9.66,0.54,-0.0,0.04,0.02,26.88,Mov02
0.14,9.7,0.64,0.0,0.02,0.03,26.87,Mov02
0.12,9.72,0.66,0.0,-0.01,0.05,26.87,Mov02
0.17,9.69,0.59,0.0,-0.04,0.05,26.88,Mov02
0.23,9.64,0.45,-0.0,-0.05,0.06,26.88,Mov02
0.29,9.57,0.35,-0.01,-0.04,0.05,26.89,Mov02
0.31,9.54,0.34,-0.01,-0.01,0.04,26.89,Mov02
0.26,9.53,0.39,-0.01,0.02,0.02,26.89,Mov02
0.19,9.56,0.5,-0.0,0.04,0.01,26.89,Mov02
0.12,9.64,0.62,0.01,0.04,0.02,26.89,Mov02
0.09,9.68,0.69,0.01,0.03,0.03,26.88,Mov02
0.11,9.7,0.64,0.01,-0.01,0.04,26.88,Mov02
0.17,9.66,0.52,0.0,-0.04,0.05,26.88,Mov02
0.23,9.61,0.37,-0.01,-0.04,0.05,26.88,Mov02
0.27,9.57,0.28,-0.02,-0.03,0.04,26.89,Mov02
0.28,9.58,0.29,-0.02,0.01,0.03,26.89,Mov02
0.25,9.64,0.39,-0.02,0.03,0.02,26.89,Mov02
0.18,9.68,0.54,-0.02,0.05,0.02,26.88,Mov02
0.14,9.71,0.67,-0.02,0.04,0.03,26.88,Mov02
0.11,9.7,0.7,-0.01,0.01,0.05,26.88,Mov02
0.14,9.65,0.65,-0.0,-0.01,0.06,26.88,Mov02
0.19,9.62,0.51,-0.0,-0.03,0.06,26.88,Mov02
0.25,9.58,0.37,-0.0,-0.03,0.06,26.88,Mov02
0.31,9.57,0.31,-0.01,-0.02,0.05,26.89,Mov02
0.31,9.58,0.35,-0.01,0.01,0.03,26.89,Mov02
0.27,9.61,0.46,-0.01,0.03,0.02,26.89,Mov02
0.22,9.66,0.58,-0.01,0.03,0.02,26.89,Mov02
0.17,9.71,0.68,-0.0,0.02,0.03,26.89,Mov02
0.14,9.67,0.68,0.0,0.01,0.04,26.89,Mov02
0.16,9.64,0.6,0.01,-0.01,0.04,26.89,Mov02
0.21,9.63,0.48,0.02,-0.01,0.04,26.89,Mov02
0.25,9.61,0.38,0.01,-0.01,0.04,26.89,Mov02
0.28,9.6,0.34,0.0,-0.01,0.04,26.89,Mov02
0.28,9.59,0.37,-0.01,-0.0,0.03,26.9,Mov02
0.26,9.6,0.45,-0.02,0.01,0.03,26.89,Mov02
0.2,9.61,0.54,-0.01,0.01,0.03,26.88,Mov02
0.15,9.64,0.6,-0.0,0.01,0.03,26.88,Mov02
0.14,9.65,0.62,0.0,-0.01,0.04,26.88,Mov02
0.16,9.64,0.57,0.0,-0.03,0.04,26.88,Mov02
0.22,9.63,0.48,0.0,-0.03,0.04,26.89,Mov02
0.26,9.62,0.42,0.0,-0.01,0.04,26.88,Mov02
0.25,9.6,0.4,-0.01,0.0,0.04,26.89,Mov02
0.23,9.61,0.41,-0.01,0.0,0.03,26.89,Mov02
0.19,9.66,0.48,-0.02,0.01,0.03,26.89,Mov02
0.15,9.67,0.55,-0.02,0.01,0.04,26.89,Mov02
0.14,9.66,0.61,-0.02,-0.0,0.05,26.89,Mov02
0.17,9.63,0.58,-0.01,-0.02,0.06,26.88,Mov02
0.24,9.6,0.51,-0.01,-0.02,0.06,26.88,Mov02
0.28,9.57,0.41,-0.0,-0.01,0.05,26.88,Mov02
0.3,9.57,0.39,-0.01,0.0,0.04,26.88,Mov02
0.3,9.6,0.44,-0.01,0.01,0.03,26.89,Mov02
0.27,9.61,0.53,-0.01,0.02,0.03,26.9,Mov02
0.23,9.65,0.61,-0.0,0.02,0.03,26.9,Mov02
0.19,9.69,0.65,0.0,0.01,0.04,26.9,Mov02
0.17,9.68,0.65,0.0,-0.01,0.05,26.89,Mov02
0.2,9.65,0.57,-0.0,-0.03,0.05,26.9,Mov02
0.24,9.61,0.44,-0.0,-0.03,0.05,26.89,Mov02
0.28,9.57,0.34,0.0,-0.01,0.04,26.89,Mov02
0.29,9.57,0.3,-0.0,0.01,0.02,26.89,Mov02
0.27,9.6,0.37,-0.0,0.03,0.02,26.89,Mov02
0.21,9.65,0.51,-0.01,0.04,0.02,26.89,Mov02
0.14,9.68,0.64,-0.0,0.04,0.02,26.89,Mov02
0.13,9.68,0.69,0.0,0.01,0.03,26.89,Mov02
0.16,9.67,0.62,0.01,-0.01,0.03,26.88,Mov02
0.21,9.65,0.51,0.01,-0.03,0.04,26.88,Mov02
0.26,9.61,0.41,0.01,-0.02,0.03,26.88,Mov02
0.25,9.59,0.35,-0.0,-0.0,0.03,26.88,Mov02
0.23,9.62,0.4,-0.01,0.02,0.03,26.89,Mov02
0.2,9.64,0.48,-0.02,0.02,0.03,26.89,Mov02
0.17,9.65,0.55,-0.03,0.02,0.04,26.9,Mov02
0.18,9.66,0.58,-0.02,0.01,0.04,26.89,Mov02
0.2,9.65,0.58,-0.01,0.0,0.04,26.89,Mov02
0.22,9.62,0.53,-0.0,0.01,0.04,26.89,Mov02
0.24,9.6,0.5,0.0,0.01,0.03,26.89,Mov02
0.25,9.6,0.46,-0.0,0.01,0.03,26.89,Mov02
0.24,9.59,0.45,-0.01,0.0,0.03,26.9,Mov02
0.23,9.61,0.49,-0.02,-0.0,0.03,26.9,Mov02
0.21,9.62,0.56,-0.02,-0.0,0.03,26.9,Mov02
0.21,9.63,0.61,-0.02,-0.0,0.04,26.9,Mov02
0.2,9.62,0.62,-0.0,-0.0,0.04,26.9,Mov02
0.23,9.61,0.56,0.01,-0.01,0.04,26.9,Mov02
0.25,9.6,0.45,0.02,-0.0,0.03,26.91,Mov02
0.27,9.6,0.39,0.02,0.01,0.03,26.91,Mov02
0.25,9.6,0.4,0.01,0.02,0.02,26.92,Mov02
0.21,9.63,0.45,-0.0,0.02,0.02,26.91,Mov02
0.17,9.63,0.51,-0.02,0.01,0.03,26.9,Mov02
0.15,9.63,0.57,-0.02,-0.0,0.03,26.9,Mov02
0.15,9.63,0.59,-0.02,-0.0,0.04,26.89,Mov02
0.17,9.63,0.59,-0.01,-0.0,0.04,26.9,Mov02
0.2,9.64,0.59,-0.0,-0.0,0.04,26.91,Mov02
0.21,9.62,0.54,0.0,-0.0,0.04,26.9,Mov02
0.23,9.61,0.48,0.01,-0.0,0.04,26.9,Mov02
0.25,9.61,0.43,0.0,-0.0,0.04,26.9,Mov02
0.25,9.62,0.42,-0.01,0.0,0.04,26.9,Mov02
0.23,9.62,0.45,-0.01,0.01,0.03,26.91,Mov02
0.2,9.64,0.53,-0.01,0.02,0.03,26.9,Mov02
0.16,9.67,0.63,-0.01,0.02,0.03,26.9,Mov02
0.14,9.69,0.65,-0.0,0.01,0.04,26.89,Mov02
0.16,9.67,0.61,0.0,-0.01,0.04,26.9,Mov02
0.21,9.65,0.52,0.01,-0.02,0.05,26.91,Mov02
0.25,9.61,0.43,-0.0,-0.02,0.05,26.91,Mov02
0.28,9.6,0.4,-0.01,-0.01,0.04,26.9,Mov02
0.3,9.59,0.44,-0.01,0.0,0.04,26.91,Mov02
0.25,9.58,0.51,-0.02,0.02,0.03,26.91,Mov02
0.21,9.59,0.58,-0.01,0.02,0.03,26.92,Mov02
0.18,9.62,0.63,0.0,0.01,0.03,26.92,Mov02
0.17,9.63,0.6,0.01,0.0,0.03,26.92,Mov02
0.18,9.62,0.53,0.01,-0.0,0.03,26.91,Mov02
0.2,9.63,0.47,0.01,-0.0,0.03,26.9,Mov02
0.21,9.62,0.43,0.01,0.01,0.03,26.91,Mov02
0.2,9.62,0.42,-0.0,0.01,0.03,26.91,Mov02
0.19,9.63,0.45,-0.01,0.01,0.03,26.92,Mov02
0.17,9.65,0.49,-0.01,0.01,0.04,26.91,Mov02
0.16,9.68,0.55,-0.02,0.01,0.04,26.91,Mov02
0.17,9.67,0.59,-0.02,0.0,0.05,26.91,Mov02
0.2,9.64,0.58,-0.01,-0.0,0.05,26.91,Mov02
0.24,9.62,0.53,-0.01,-0.01,0.05,26.9,Mov02
0.26,9.61,0.47,-0.0,-0.0,0.05,26.91,Mov02
0.27,9.6,0.44,-0.0,0.0,0.04,26.91,Mov02
0.28,9.61,0.44,0.0,0.01,0.03,26.91,Mov02
0.26,9.63,0.46,-0.0,0.01,0.03,26.9,Mov02
0.23,9.65,0.5,-0.0,0.02,0.03,26.9,Mov02
0.19,9.65,0.52,-0.01,0.02,0.04,26.9,Mov02
0.18,9.65,0.56,-0.01,0.01,0.04,26.9,Mov02
0.19,9.63,0.55,-0.02,0.0,0.05,26.9,Mov02
0.22,9.61,0.54,-0.02,-0.0,0.05,26.91,Mov02
0.25,9.6,0.52,-0.01,-0.0,0.04,26.91,Mov02
0.27,9.58,0.51,0.0,0.01,0.03,26.91,Mov02
0.25,9.57,0.51,0.01,0.02,0.02,26.91,Mov02
0.21,9.59,0.53,0.01,0.02,0.02,26.91,Mov02
0.21,9.62,0.54,0.01,0.01,0.02,26.91,Mov02
0.2,9.63,0.53,0.0,0.01,0.03,26.91,Mov02
0.21,9.62,0.5,-0.01,0.0,0.03,26.91,Mov02
0.22,9.62,0.47,-0.01,0.0,0.04,26.92,Mov02
0.22,9.63,0.47,-0.01,0.01,0.04,26.91,Mov02
0.22,9.63,0.47,-0.01,0.01,0.03,26.92,Mov02
0.21,9.65,0.5,-0.01,0.01,0.03,26.91,Mov02
0.21,9.66,0.53,-0.0,0.01,0.03,26.91,Mov02
0.2,9.65,0.56,0.0,0.0,0.03,26.91,Mov02
0.2,9.64,0.55,0.01,-0.0,0.04,26.91,Mov02
0.23,9.62,0.51,0.01,-0.0,0.04,26.91,Mov02
0.23,9.61,0.47,0.01,-0.0,0.03,26.91,Mov02
0.23,9.6,0.45,0.0,0.0,0.03,26.9,Mov02
0.21,9.61,0.48,0.0,0.01,0.03,26.9,Mov02
0.19,9.64,0.52,-0.0,0.02,0.03,26.9,Mov02
0.17,9.65,0.56,-0.01,0.02,0.04,26.9,Mov02
0.17,9.65,0.57,-0.01,0.0,0.04,26.9,Mov02
0.2,9.63,0.55,-0.01,-0.01,0.05,26.9,Mov02
0.23,9.61,0.51,-0.01,-0.01,0.05,26.91,Mov02
0.26,9.58,0.45,-0.01,-0.01,0.04,26.92,Mov02
0.27,9.58,0.43,-0.0,0.0,0.03,26.92,Mov02
0.26,9.6,0.47,0.0,0.02,0.02,26.93,Mov02
0.21,9.63,0.53,0.0,0.03,0.02,26.92,Mov02
0.15,9.66,0.59,0.0,0.03,0.03,26.92,Mov02
0.13,9.66,0.6,0.0,0.01,0.04,26.92,Mov02
0.16,9.67,0.57,-0.0,-0.0,0.04,26.91,Mov02
0.2,9.65,0.49,-0.01,-0.01,0.05,26.92,Mov02
0.24,9.62,0.43,-0.01,-0.01,0.05,26.91,Mov02
0.26,9.6,0.41,-0.01,-0.0,0.04,26.92,Mov02
0.26,9.61,0.46,-0.02,0.01,0.03,26.92,Mov02
0.22,9.63,0.54,-0.02,0.01,0.03,26.92,Mov02
0.19,9.65,0.61,-0.01,0.02,0.03,26.91,Mov02
0.19,9.65,0.64,-0.0,0.02,0.04,26.91,Mov02
0.19,9.62,0.61,0.0,0.01,0.04,26.91,Mov02
0.21,9.59,0.52,0.01,0.01,0.04,26.91,Mov02
0.26,9.59,0.44,0.01,0.01,0.04,26.91,Mov02
0.27,9.57,0.4,0.01,0.01,0.03,26.92,Mov02
0.25,9.59,0.42,0.01,0.01,0.03,26.92,Mov02
0.23,9.62,0.48,-0.0,0.0,0.03,26.92,Mov02
0.21,9.62,0.56,-0.01,0.0,0.03,26.92,Mov02
0.17,9.62,0.62,-0.01,0.01,0.03,26.92,Mov02
0.14,9.63,0.61,0.01,0.01,0.03,26.92,Mov02
0.13,9.63,0.57,0.02,0.0,0.03,26.92,Mov02
0.16,9.62,0.47,0.02,-0.0,0.03,26.92,Mov02
0.19,9.61,0.39,0.01,-0.0,0.03,26.91,Mov02
0.21,9.61,0.35,-0.0,0.0,0.03,26.91,Mov02
0.23,9.62,0.37,-0.02,0.01,0.03,26.91,Mov02
0.22,9.64,0.45,-0.03,0.02,0.03,26.92,Mov02
0.19,9.64,0.53,-0.03,0.02,0.03,26.92,Mov02
0.18,9.66,0.62,-0.03,0.01,0.03,26.92,Mov02
0.17,9.67,0.64,-0.01,0.01,0.03,26.92,Mov02
0.18,9.66,0.61,-0.0,-0.0,0.04,26.92,Mov02
0.19,9.63,0.54,0.01,-0.01,0.04,26.92,Mov02
0.22,9.59,0.44,0.01,-0.01,0.04,26.92,Mov02
0.24,9.59,0.38,0.0,-0.0,0.04,26.92,Mov02
0.24,9.6,0.38,-0.0,0.01,0.03,26.92,Mov02
0.22,9.62,0.42,-0.01,0.02,0.02,26.92,Mov02
0.18,9.62,0.51,-0.01,0.02,0.02,26.92,Mov02
0.15,9.63,0.58,-0.0,0.02,0.02,26.91,Mov02
0.13,9.64,0.63,0.01,0.01,0.03,26.91,Mov02
0.13,9.65,0.61,0.01,0.0,0.03,26.92,Mov02
0.18,9.65,0.53,0.0,-0.01,0.04,26.92,Mov02
0.23,9.63,0.43,-0.01,-0.03,0.05,26.92,Mov02
0.26,9.59,0.38,-0.02,-0.02,0.04,26.92,Mov02
0.25,9.57,0.39,-0.02,-0.01,0.03,26.91,Mov02
0.21,9.58,0.46,-0.02,0.01,0.02,26.91,Mov02
0.17,9.61,0.55,-0.01,0.03,0.02,26.91,Mov02
0.13,9.65,0.63,0.0,0.03,0.02,26.91,Mov02
0.11,9.65,0.64,0.01,0.02,0.03,26.91,Mov02
0.14,9.64,0.59,0.01,0.0,0.03,26.91,Mov02
0.2,9.63,0.48,0.01,-0.01,0.04,26.91,Mov02
0.23,9.62,0.4,-0.0,-0.01,0.04,26.91,Mov02
0.24,9.63,0.39,-0.01,-0.01,0.03,26.92,Mov02
0.23,9.64,0.43,-0.02,0.0,0.03,26.92,Mov02
0.21,9.63,0.52,-0.02,0.01,0.03,26.92,Mov02
0.16,9.65,0.6,-0.01,0.01,0.03,26.92,Mov02
0.14,9.64,0.61,-0.0,0.01,0.03,26.92,Mov02
0.13,9.64,0.56,0.01,0.01,0.03,26.91,Mov02
0.16,9.62,0.48,0.01,0.0,0.03,26.92,Mov02
0.2,9.6,0.42,0.01,0.0,0.03,26.92,Mov02
0.22,9.58,0.41,-0.0,0.01,0.03,26.92,Mov02
0.2,9.59,0.46,-0.01,0.01,0.03,26.92,Mov02
0.18,9.61,0.54,-0.02,0.01,0.03,26.92,Mov02
0.17,9.65,0.61,-0.01,0.02,0.03,26.92,Mov02
0.16,9.67,0.62,-0.0,0.01,0.04,26.92,Mov02
0.16,9.66,0.57,0.01,0.01,0.04,26.92,Mov02
0.2,9.63,0.47,0.01,-0.0,0.03,26.92,Mov02
0.24,9.61,0.38,0.01,-0.0,0.03,26.92,Mov02
0.27,9.61,0.33,0.01,0.01,0.02,26.92,Mov02
0.25,9.61,0.34,0.0,0.02,0.01,26.92,Mov02
0.21,9.64,0.42,-0.01,0.02,0.01,26.92,Mov02
0.14,9.65,0.54,-0.01,0.03,0.0,26.92,Mov02
0.07,9.67,0.64,-0.01,0.02,0.01,26.92,Mov02
0.04,9.69,0.67,-0.0,0.0,0.02,26.93,Mov02
0.07,9.67,0.6,0.01,-0.02,0.03,26.93,Mov02
0.13,9.63,0.47,0.01,-0.03,0.04,26.92,Mov02
0.18,9.57,0.37,0.01,-0.02,0.04,26.93,Mov02
0.21,9.53,0.33,0.01,0.01,0.03,26.92,Mov02
0.21,9.54,0.36,-0.01,0.03,0.02,26.92,Mov02
0.16,9.6,0.46,-0.03,0.04,0.01,26.92,Mov02
0.1,9.63,0.57,-0.03,0.03,0.01,26.92,Mov02
0.08,9.67,0.68,-0.02,0.02,0.02,26.92,Mov02
0.08,9.67,0.7,-0.01,0.01,0.03,26.92,Mov02
0.1,9.67,0.63,-0.01,-0.01,0.04,26.92,Mov02
0.15,9.66,0.52,-0.01,-0.02,0.04,26.93,Mov02
0.2,9.63,0.4,-0.01,-0.01,0.04,26.93,Mov02
0.24,9.59,0.34,-0.01,0.0,0.03,26.93,Mov02
0.23,9.57,0.35,-0.01,0.02,0.02,26.92,Mov02
0.18,9.59,0.44,-0.0,0.04,0.01,26.93,Mov02
0.09,9.65,0.58,0.0,0.06,0.01,26.93,Mov02
0.02,9.72,0.66,0.01,0.06,0.01,26.93,Mov02
0.0,9.74,0.67,0.01,0.03,0.03,26.93,Mov02
0.04,9.71,0.61,0.01,-0.0,0.05,26.93,Mov02
0.11,9.64,0.5,0.0,-0.01,0.05,26.93,Mov02
0.18,9.57,0.37,-0.0,-0.01,0.05,26.93,Mov02
0.21,9.53,0.31,-0.01,-0.0,0.04,26.93,Mov02
0.22,9.53,0.33,-0.01,0.01,0.03,26.93,Mov02
0.18,9.54,0.41,-0.02,0.03,0.02,26.93,Mov02
0.11,9.58,0.54,-0.01,0.04,0.01,26.93,Mov02
0.04,9.63,0.69,0.01,0.05,0.01,26.93,Mov02
0.01,9.68,0.74,0.02,0.03,0.02,26.93,Mov02
0.04,9.7,0.68,0.02,0.0,0.04,26.93,Mov02
0.1,9.66,0.57,0.01,-0.02,0.05,26.93,Mov02
0.17,9.6,0.42,-0.0,-0.03,0.05,26.93,Mov02
0.21,9.54,0.31,-0.01,-0.02,0.05,26.92,Mov02
0.22,9.53,0.31,-0.01,0.0,0.03,26.92,Mov02
0.21,9.54,0.37,-0.01,0.03,0.02,26.92,Mov02
0.14,9.57,0.47,-0.01,0.05,0.01,26.92,Mov02
0.07,9.61,0.56,0.0,0.06,0.0,26.93,Mov02
0.03,9.67,0.62,0.01,0.04,0.01,26.93,Mov02
0.02,9.7,0.63,0.01,0.02,0.02,26.93,Mov02
0.05,9.71,0.57,0.01,0.01,0.03,26.94,Mov02
0.07,9.69,0.52,0.0,0.0,0.04,26.93,Mov02
0.09,9.66,0.47,-0.01,0.0,0.04,26.93,Mov02
0.09,9.63,0.45,-0.01,0.0,0.04,26.94,Mov02
0.1,9.61,0.42,-0.01,0.01,0.04,26.95,Mov02
0.12,9.62,0.41,-0.01,0.01,0.04,26.94,Mov02
0.13,9.65,0.44,-0.01,0.01,0.03,26.94,Mov02
0.14,9.66,0.48,-0.01,0.02,0.03,26.94,Mov02
0.11,9.7,0.54,-0.0,0.02,0.03,26.94,Mov02
0.07,9.71,0.59,-0.0,0.01,0.03,26.94,Mov02
0.06,9.7,0.6,-0.0,0.0,0.03,26.93,Mov02
0.09,9.67,0.57,0.0,-0.01,0.04,26.94,Mov02
0.11,9.62,0.51,0.01,-0.01,0.04,26.93,Mov02
0.14,9.6,0.48,0.01,-0.0,0.03,26.94,Mov02
0.13,9.59,0.47,-0.0,0.0,0.03,26.94,Mov02
0.1,9.6,0.47,-0.01,0.01,0.02,26.93,Mov02
0.09,9.61,0.5,-0.01,0.01,0.03,26.94,Mov02
0.07,9.61,0.53,-0.01,0.01,0.04,26.94,Mov02
0.08,9.61,0.51,0.0,0.01,0.04,26.94,Mov02
0.1,9.62,0.48,0.01,0.0,0.05,26.93,Mov02
0.13,9.63,0.44,0.0,0.0,0.05,26.93,Mov02
0.15,9.64,0.4,-0.0,0.01,0.04,26.94,Mov02
0.16,9.64,0.41,-0.0,0.02,0.03,26.93,Mov02
0.14,9.63,0.44,-0.0,0.03,0.03,26.93,Mov02
0.09,9.64,0.51,-0.0,0.02,0.03,26.94,Mov02
0.06,9.63,0.54,-0.01,0.01,0.03,26.94,Mov02
0.05,9.63,0.54,-0.01,0.0,0.04,26.94,Mov02
0.08,9.62,0.51,-0.01,-0.0,0.04,26.94,Mov02
0.12,9.61,0.48,-0.01,-0.0,0.05,26.94,Mov02
0.18,9.59,0.45,-0.01,0.0,0.05,26.94,Mov02
0.2,9.56,0.41,-0.01,0.01,0.04,26.94,Mov02
0.19,9.54,0.42,-0.01,0.02,0.03,26.94,Mov02
0.15,9.57,0.48,-0.0,0.02,0.03,26.94,Mov02
0.12,9.62,0.51,0.0,0.02,0.03,26.94,Mov02
0.11,9.66,0.53,0.0,0.01,0.04,26.95,Mov02
0.11,9.67,0.54,0.0,0.0,0.04,26.95,Mov02
0.11,9.68,0.53,-0.0,0.0,0.04,26.95,Mov02
0.11,9.67,0.5,-0.0,0.0,0.04,26.96,Mov02
0.1,9.63,0.46,-0.01,-0.0,0.04,26.96,Mov02
0.1,9.61,0.44,-0.01,-0.01,0.04,26.96,Mov02
0.11,9.59,0.45,-0.01,-0.01,0.04,26.95,Mov02
0.12,9.59,0.45,-0.0,-0.0,0.03,26.95,Mov02
0.13,9.59,0.45,-0.0,-0.0,0.03,26.94,Mov02
0.12,9.6,0.47,-0.0,0.01,0.03,26.94,Mov02
0.1,9.6,0.48,-0.0,0.01,0.03,26.94,Mov02
0.08,9.63,0.52,0.0,0.01,0.04,26.94,Mov02
0.06,9.63,0.54,-0.0,0.01,0.04,26.94,Mov02
0.08,9.64,0.54,-0.0,-0.01,0.04,26.95,Mov02
0.12,9.63,0.5,-0.01,-0.02,0.05,26.95,Mov02
0.15,9.61,0.45,-0.01,-0.01,0.04,26.94,Mov02
0.15,9.6,0.42,-0.01,-0.01,0.04,26.95,Mov02
0.13,9.61,0.44,-0.01,0.0,0.03,26.95,Mov02
0.11,9.62,0.47,-0.0,0.01,0.03,26.95,Mov02
0.07,9.65,0.54,0.0,0.01,0.03,26.95,Mov02
0.05,9.69,0.58,0.0,0.0,0.04,26.95,Mov02
0.04,9.7,0.58,0.0,-0.0,0.04,26.95,Mov02
0.07,9.67,0.54,-0.0,-0.01,0.05,26.95,Mov02
0.11,9.64,0.47,-0.0,-0.01,0.05,26.94,Mov02
0.15,9.61,0.4,-0.0,-0.01,0.05,26.95,Mov02
0.18,9.58,0.37,-0.0,-0.0,0.04,26.95,Mov02
0.19,9.58,0.41,-0.01,0.0,0.03,26.94,Mov02
0.15,9.6,0.5,-0.02,0.01,0.03,26.95,Mov02
0.12,9.63,0.58,-0.01,0.01,0.03,26.94,Mov02
0.1,9.66,0.63,-0.01,0.0,0.04,26.94,Mov02
0.1,9.66,0.64,0.0,-0.0,0.04,26.94,Mov02
0.1,9.63,0.59,0.01,-0.01,0.04,26.95,Mov02
0.13,9.6,0.51,0.01,-0.01,0.03,26.95,Mov02
0.16,9.57,0.4,0.01,-0.01,0.03,26.94,Mov02
0.18,9.57,0.34,0.0,-0.01,0.02,26.94,Mov02
0.15,9.59,0.37,-0.0,0.0,0.02,26.95,Mov02
0.11,9.62,0.44,-0.01,0.01,0.02,26.95,Mov02
0.07,9.65,0.54,-0.01,0.01,0.03,26.95,Mov02
0.03,9.68,0.61,-0.01,0.01,0.04,26.96,Mov02
0.02,9.7,0.62,-0.0,0.0,0.04,26.96,Mov02
0.03,9.69,0.56,0.0,-0.01,0.05,26.95,Mov02
0.09,9.67,0.46,0.0,-0.03,0.05,26.95,Mov02
0.14,9.65,0.35,-0.0,-0.02,0.04,26.95,Mov02
0.17,9.62,0.32,-0.01,-0.01,0.03,26.96,Mov02
0.17,9.62,0.33,-0.01,0.01,0.03,26.95,Mov02
0.12,9.62,0.43,-0.02,0.02,0.03,26.96,Mov02
0.06,9.64,0.56,-0.01,0.02,0.03,26.95,Mov02
0.03,9.66,0.65,-0.01,0.01,0.04,26.94,Mov02
0.06,9.66,0.66,-0.0,-0.0,0.05,26.94,Mov02
0.11,9.63,0.59,0.0,-0.02,0.05,26.94,Mov02
0.16,9.59,0.48,0.0,-0.02,0.05,26.94,Mov02
0.19,9.56,0.36,0.0,-0.01,0.04,26.95,Mov02
0.2,9.55,0.34,-0.01,-0.0,0.03,26.94,Mov02
0.17,9.57,0.38,-0.01,0.01,0.02,26.95,Mov02
0.11,9.59,0.46,-0.01,0.02,0.02,26.95,Mov02
0.04,9.64,0.58,-0.01,0.02,0.02,26.95,Mov02
0.02,9.68,0.64,-0.0,0.01,0.03,26.94,Mov02
0.04,9.71,0.63,0.0,-0.0,0.04,26.95,Mov02
0.09,9.7,0.54,0.0,-0.01,0.05,26.95,Mov02
0.14,9.67,0.45,0.0,-0.01,0.05,26.96,Mov02
0.16,9.62,0.4,-0.01,-0.0,0.04,26.95,Mov02
0.17,9.58,0.39,-0.01,0.01,0.03,26.95,Mov02
0.14,9.57,0.41,-0.01,0.01,0.03,26.95,Mov02
0.11,9.6,0.45,-0.01,0.01,0.03,26.95,Mov02
0.1,9.64,0.52,-0.01,0.01,0.03,26.95,Mov02
0.11,9.66,0.57,-0.01,-0.0,0.04,26.96,Mov02
0.11,9.66,0.57,-0.01,-0.0,0.04,26.96,Mov02
0.1,9.67,0.57,-0.01,-0.0,0.03,26.96,Mov02
0.11,9.67,0.53,-0.01,-0.01,0.03,26.95,Mov02
0.1,9.66,0.51,-0.01,-0.01,0.03,26.96,Mov02
0.1,9.65,0.49,-0.01,-0.01,0.03,26.96,Mov02
0.1,9.63,0.49,-0.0,-0.01,0.03,26.95,Mov02
0.1,9.62,0.49,0.0,-0.01,0.03,26.95,Mov02
0.11,9.63,0.49,0.0,-0.01,0.03,26.95,Mov02
0.11,9.63,0.49,0.01,-0.01,0.04,26.95,Mov02
0.09,9.63,0.48,0.0,-0.0,0.04,26.95,Mov02
0.08,9.61,0.47,0.0,0.0,0.04,26.95,Mov02
0.08,9.61,0.49,0.0,0.01,0.04,26.96,Mov02
0.07,9.62,0.51,0.0,0.01,0.04,26.96,Mov02
0.07,9.64,0.5,-0.0,0.01,0.04,26.97,Mov02
0.09,9.64,0.47,-0.0,-0.0,0.05,26.96,Mov02
0.11,9.64,0.45,-0.01,-0.0,0.05,26.96,Mov02
0.12,9.63,0.46,-0.01,0.0,0.04,26.96,Mov02
0.11,9.61,0.48,-0.01,0.01,0.04,26.96,Mov02
0.09,9.63,0.51,0.0,0.02,0.04,26.95,Mov02
0.07,9.64,0.54,0.01,0.02,0.04,26.94,Mov02
0.06,9.65,0.53,0.02,0.01,0.05,26.96,Mov02
0.1,9.66,0.5,0.02,0.01,0.05,26.96,Mov02
0.14,9.67,0.47,0.01,0.01,0.06,26.96,Mov02
0.17,9.64,0.45,-0.0,0.01,0.06,26.96,Mov02
0.18,9.61,0.44,-0.01,0.02,0.06,26.96,Mov02
0.17,9.6,0.45,-0.02,0.02,0.06,26.95,Mov02
0.14,9.62,0.46,-0.02,0.03,0.06,26.96,Mov02
0.13,9.62,0.45,-0.02,0.03,0.06,26.96,Mov02
0.14,9.62,0.45,-0.01,0.03,0.07,26.96,Mov02
0.16,9.61,0.47,-0.01,0.03,0.08,26.95,Mov02
0.2,9.6,0.5,-0.03,0.03,0.08,26.95,Mov02
0.19,9.55,0.52,-0.04,0.02,0.07,26.96,Mov02
0.2,9.54,0.54,-0.03,0.0,0.05,26.96,Mov02
0.19,9.57,0.55,-0.01,0.0,0.04,26.96,Mov02
0.17,9.6,0.5,0.0,-0.01,0.03,26.95,Mov02
0.19,9.65,0.47,0.01,-0.01,0.02,26.95,Mov02
0.19,9.67,0.45,-0.0,0.0,0.03,26.95,Mov02
0.15,9.65,0.47,-0.01,0.01,0.04,26.96,Mov02
0.13,9.64,0.49,-0.02,0.01,0.05,26.95,Mov02
0.13,9.62,0.49,-0.03,0.0,0.05,26.96,Mov02
0.14,9.6,0.48,-0.02,-0.0,0.05,26.97,Mov02
0.16,9.6,0.47,-0.0,0.0,0.04,26.96,Mov02
0.17,9.62,0.48,0.01,0.0,0.03,26.96,Mov02
0.19,9.63,0.49,0.01,0.0,0.02,26.95,Mov02
0.19,9.62,0.48,0.01,0.0,0.01,26.96,Mov02
0.18,9.63,0.5,0.01,0.0,0.01,26.96,Mov02
0.13,9.64,0.53,0.0,0.01,0.02,26.95,Mov02
0.09,9.65,0.55,-0.01,0.0,0.03,26.96,Mov02
0.1,9.66,0.54,-0.01,-0.01,0.04,26.95,Mov02
0.13,9.64,0.49,-0.01,-0.02,0.05,26.96,Mov02
0.17,9.59,0.46,-0.01,-0.01,0.04,26.97,Mov02
0.19,9.56,0.44,-0.01,0.01,0.03,26.97,Mov02
0.19,9.55,0.46,0.01,0.03,0.02,26.96,Mov02
0.15,9.58,0.48,0.01,0.04,0.02,26.96,Mov02
0.11,9.61,0.5,0.01,0.02,0.02,26.96,Mov02
0.1,9.63,0.54,0.01,0.01,0.02,26.96,Mov02
0.11,9.64,0.57,-0.0,0.0,0.03,26.96,Mov02
0.1,9.63,0.59,-0.0,0.0,0.03,26.96,Mov02
0.11,9.64,0.57,0.0,-0.0,0.03,26.96,Mov02
0.13,9.68,0.52,0.01,-0.0,0.04,26.96,Mov02
0.14,9.69,0.46,0.01,0.0,0.04,26.96,Mov02
0.16,9.67,0.43,-0.0,0.01,0.04,26.96,Mov02
0.16,9.64,0.44,-0.01,0.01,0.04,26.96,Mov02
0.15,9.63,0.47,-0.01,0.01,0.03,26.97,Mov02
0.14,9.64,0.49,-0.01,0.01,0.03,26.97,Mov02
0.12,9.65,0.5,0.0,0.01,0.03,26.97,Mov02
0.12,9.65,0.5,0.01,0.0,0.03,26.97,Mov02
0.14,9.65,0.5,0.0,-0.01,0.03,26.97,Mov02
0.16,9.64,0.49,-0.0,-0.01,0.03,26.97,Mov02
0.16,9.63,0.48,-0.0,-0.0,0.03,26.97,Mov02
0.14,9.62,0.49,-0.0,0.0,0.03,26.98,Mov02
0.13,9.61,0.49,0.0,0.0,0.03,26.97,Mov02
0.11,9.61,0.48,0.01,-0.0,0.03,26.97,Mov02
0.1,9.6,0.47,0.01,-0.0,0.02,26.97,Mov02
0.1,9.6,0.45,0.02,0.0,0.02,26.97,Mov02
0.1,9.64,0.42,0.01,0.01,0.03,26.97,Mov02
0.1,9.65,0.4,0.0,0.01,0.04,26.96,Mov02
0.1,9.65,0.43,-0.01,0.01,0.04,26.97,Mov02
0.09,9.65,0.48,-0.03,0.0,0.05,26.97,Mov02
0.11,9.63,0.49,-0.03,-0.01,0.05,26.96,Mov02
0.14,9.61,0.52,-0.02,-0.01,0.05,26.97,Mov02
0.17,9.58,0.52,-0.01,-0.0,0.04,26.97,Mov02
0.18,9.58,0.52,0.01,-0.0,0.03,26.98,Mov02
0.17,9.59,0.52,0.02,0.01,0.02,26.98,Mov02
0.17,9.62,0.5,0.02,0.01,0.02,26.98,Mov02
0.13,9.65,0.5,0.02,0.0,0.02,26.98,Mov02
0.1,9.66,0.5,0.01,-0.0,0.03,26.97,Mov02
0.09,9.65,0.47,0.01,-0.01,0.03,26.97,Mov02
0.1,9.65,0.45,0.0,-0.01,0.03,26.97,Mov02
0.12,9.65,0.44,-0.0,-0.01,0.04,26.97,Mov02
0.12,9.64,0.45,-0.01,-0.01,0.04,26.97,Mov02
0.13,9.63,0.48,-0.01,-0.01,0.04,26.97,Mov02
0.14,9.61,0.49,-0.01,-0.01,0.04,26.97,Mov02
0.15,9.6,0.49,-0.01,-0.01,0.04,26.97,Mov02
0.14,9.58,0.47,0.0,-0.01,0.04,26.97,Mov02
0.13,9.57,0.45,0.01,-0.0,0.03,26.97,Mov02
0.12,9.59,0.45,0.01,0.01,0.03,26.98,Mov02
0.1,9.62,0.43,0.01,0.01,0.02,26.98,Mov02
0.09,9.65,0.44,0.0,0.01,0.03,26.98,Mov02
0.09,9.67,0.47,-0.01,0.0,0.04,26.97,Mov02
0.09,9.66,0.5,-0.02,-0.01,0.04,26.97,Mov02
0.11,9.65,0.51,-0.02,-0.01,0.04,26.97,Mov02
0.14,9.65,0.51,-0.01,-0.01,0.04,26.97,Mov02
0.14,9.65,0.49,-0.0,-0.0,0.03,26.97,Mov02
0.15,9.65,0.48,0.01,0.0,0.03,26.97,Mov02
0.16,9.65,0.45,0.01,-0.0,0.03,26.97,Mov02
0.17,9.63,0.46,0.01,-0.0,0.03,26.97,Mov02
0.16,9.61,0.45,0.0,0.0,0.03,26.97,Mov02
0.14,9.59,0.46,-0.0,0.0,0.03,26.98,Mov02
0.09,9.58,0.49,-0.0,-0.0,0.03,26.97,Mov02
0.08,9.6,0.5,-0.01,-0.01,0.03,26.98,Mov02
0.09,9.6,0.51,-0.01,-0.01,0.03,26.97,Mov02
0.12,9.61,0.47,-0.0,-0.01,0.03,26.98,Mov02
0.15,9.63,0.44,-0.0,-0.0,0.03,26.98,Mov02
0.16,9.62,0.42,-0.0,0.01,0.03,26.98,Mov02
0.15,9.64,0.43,-0.0,0.02,0.03,26.98,Mov02
0.13,9.65,0.45,-0.01,0.02,0.04,26.98,Mov02
0.11,9.64,0.47,-0.01,0.01,0.04,26.97,Mov02
0.11,9.63,0.48,-0.01,0.0,0.04,26.97,Mov02
0.11,9.62,0.49,-0.01,0.01,0.04,26.97,Mov02
0.09,9.63,0.52,-0.01,0.01,0.04,26.97,Mov02
0.09,9.65,0.53,-0.01,0.0,0.04,26.97,Mov02
0.11,9.64,0.51,-0.01,-0.01,0.04,26.97,Mov02
0.14,9.62,0.49,-0.01,-0.01,0.04,26.98,Mov02
0.17,9.59,0.45,-0.0,-0.01,0.04,26.98,Mov02
0.17,9.59,0.42,0.0,-0.01,0.03,26.98,Mov02
0.17,9.61,0.41,0.01,-0.0,0.03,26.98,Mov02
0.14,9.63,0.42,0.01,0.0,0.03,26.98,Mov02
0.13,9.65,0.46,0.01,-0.0,0.03,26.99,Mov02
0.11,9.67,0.49,0.01,-0.0,0.03,26.99,Mov02
0.1,9.68,0.51,0.01,-0.01,0.04,26.98,Mov02
0.1,9.67,0.48,0.0,-0.01,0.04,26.98,Mov02
0.13,9.66,0.45,-0.0,-0.01,0.04,26.98,Mov02
0.14,9.63,0.42,-0.0,-0.0,0.04,26.98,Mov02
0.16,9.62,0.4,-0.0,0.0,0.04,26.98,Mov02
0.15,9.6,0.41,-0.0,0.01,0.04,26.98,Mov02
0.13,9.6,0.43,-0.0,0.02,0.03,26.97,Mov02
0.12,9.59,0.45,-0.0,0.02,0.03,26.97,Mov02
0.08,9.61,0.48,-0.0,0.02,0.03,26.97,Mov02
0.08,9.62,0.47,0.0,0.01,0.03,26.97,Mov02
0.09,9.63,0.47,0.0,0.01,0.03,26.97,Mov02
0.11,9.64,0.47,0.0,0.01,0.04,26.97,Mov02
0.14,9.63,0.48,-0.0,0.0,0.04,26.97,Mov02
0.15,9.62,0.48,-0.01,-0.0,0.04,26.97,Mov02
0.17,9.62,0.48,-0.01,-0.0,0.04,26.98,Mov02
0.14,9.63,0.48,-0.01,-0.01,0.03,26.98,Mov02
0.14,9.64,0.48,-0.01,-0.01,0.03,26.98,Mov02
0.14,9.63,0.47,-0.01,-0.01,0.04,26.98,Mov02
0.13,9.63,0.48,-0.0,-0.01,0.04,26.98,Mov02
0.12,9.63,0.48,0.0,0.0,0.04,26.97,Mov02
0.1,9.64,0.45,0.01,0.01,0.03,26.97,Mov02
0.09,9.64,0.44,0.01,0.02,0.03,26.98,Mov02
0.1,9.64,0.44,0.0,0.01,0.03,26.99,Mov02
0.11,9.63,0.44,-0.0,0.01,0.04,26.98,Mov02
0.12,9.63,0.46,-0.01,-0.0,0.04,26.99,Mov02
0.12,9.64,0.48,-0.01,-0.01,0.04,26.98,Mov02
0.13,9.64,0.48,-0.01,-0.01,0.04,26.98,Mov02
0.13,9.63,0.46,-0.01,-0.01,0.03,26.98,Mov02
0.12,9.63,0.45,-0.0,-0.0,0.03,26.98,Mov02
0.11,9.63,0.43,0.01,0.01,0.03,26.97,Mov02
0.08,9.64,0.42,0.01,0.01,0.03,26.97,Mov02
0.08,9.65,0.4,0.0,0.01,0.03,26.98,Mov02
0.1,9.65,0.37,-0.01,0.0,0.04,26.98,Mov02
0.13,9.64,0.38,-0.02,0.0,0.04,26.98,Mov02
0.14,9.61,0.44,-0.02,0.01,0.04,26.98,Mov02
0.15,9.62,0.49,-0.01,0.01,0.04,26.98,Mov02
0.14,9.65,0.52,-0.01,0.0,0.03,26.97,Mov02
0.14,9.68,0.55,-0.0,-0.0,0.03,26.98,Mov02
0.14,9.67,0.54,0.0,-0.01,0.03,26.98,Mov02
0.15,9.65,0.5,0.0,-0.02,0.03,26.98,Mov02
0.16,9.61,0.45,0.0,-0.01,0.03,26.99,Mov02
0.17,9.59,0.4,0.0,-0.0,0.03,26.98,Mov02
0.14,9.58,0.39,0.0,0.0,0.03,26.98,Mov02
0.12,9.58,0.42,-0.0,0.01,0.03,26.98,Mov02
0.09,9.59,0.47,-0.0,0.01,0.03,26.98,Mov02
0.07,9.61,0.53,-0.0,0.01,0.03,26.98,Mov02
0.06,9.65,0.54,-0.0,-0.0,0.03,26.99,Mov02
0.07,9.67,0.52,-0.0,-0.0,0.04,26.99,Mov02
0.1,9.66,0.49,-0.01,-0.0,0.05,26.99,Mov02
0.12,9.64,0.43,-0.01,-0.01,0.05,26.99,Mov02
0.14,9.62,0.42,-0.01,-0.01,0.04,26.98,Mov02
0.15,9.6,0.41,-0.01,-0.0,0.04,26.99,Mov02
0.15,9.59,0.41,-0.0,0.0,0.03,26.99,Mov02
0.12,9.62,0.46,0.0,0.01,0.03,26.99,Mov02
0.08,9.64,0.48,0.01,0.02,0.03,26.99,Mov02
0.07,9.67,0.49,0.0,0.01,0.03,26.99,Mov02
0.09,9.7,0.49,-0.0,-0.0,0.04,26.99,Mov02
0.11,9.69,0.47,-0.01,-0.01,0.05,26.99,Mov02
0.14,9.66,0.45,-0.01,-0.02,0.05,26.99,Mov02
0.17,9.62,0.44,-0.02,-0.02,0.05,26.99,Mov02
0.2,9.59,0.41,-0.01,-0.02,0.04,26.99,Mov02
0.22,9.59,0.42,-0.01,-0.01,0.04,26.99,Mov02
0.21,9.61,0.43,0.01,0.01,0.03,27.0,Mov02
0.18,9.64,0.47,0.01,0.02,0.03,26.99,Mov02
0.12,9.67,0.52,0.02,0.02,0.02,26.99,Mov02
0.08,9.68,0.51,0.01,0.02,0.03,26.99,Mov02
0.06,9.67,0.49,0.01,0.0,0.03,27.0,Mov02
0.04,9.65,0.47,-0.0,-0.01,0.03,27.0,Mov02
0.06,9.63,0.41,-0.01,-0.02,0.04,27.0,Mov02
0.08,9.6,0.38,-0.01,-0.02,0.04,27.0,Mov02
0.09,9.61,0.39,-0.02,-0.01,0.04,27.0,Mov02
0.09,9.61,0.42,-0.01,0.0,0.04,27.0,Mov02
0.1,9.63,0.47,-0.01,0.01,0.04,27.0,Mov02
0.09,9.65,0.52,-0.0,0.01,0.04,27.0,Mov02
0.09,9.66,0.53,-0.0,0.01,0.04,27.01,Mov02
0.1,9.65,0.48,-0.01,-0.0,0.04,27.0,Mov02
0.14,9.64,0.42,-0.01,-0.01,0.04,26.99,Mov02
0.18,9.6,0.4,-0.01,-0.01,0.04,26.99,Mov02
0.21,9.58,0.39,-0.01,-0.01,0.03,27.0,Mov02
0.2,9.57,0.41,-0.01,0.0,0.03,27.01,Mov02
0.16,9.59,0.45,-0.01,0.01,0.02,27.0,Mov02
0.11,9.64,0.51,-0.0,0.01,0.02,27.0,Mov02
0.07,9.69,0.56,-0.0,0.01,0.03,27.0,Mov02
0.07,9.72,0.57,0.0,0.01,0.03,27.01,Mov02
0.1,9.71,0.51,0.0,-0.0,0.04,27.01,Mov02
0.14,9.67,0.45,-0.0,-0.0,0.05,27.01,Mov02
0.17,9.62,0.39,-0.01,-0.01,0.05,27.01,Mov02
0.18,9.59,0.33,-0.01,-0.01,0.04,27.01,Mov02
0.17,9.58,0.34,-0.01,-0.0,0.03,27.0,Mov02
0.13,9.59,0.43,-0.01,0.01,0.03,27.0,Mov02
0.08,9.63,0.54,-0.01,0.02,0.03,27.0,Mov02
0.05,9.68,0.61,-0.0,0.01,0.04,27.0,Mov02
0.04,9.7,0.62,0.0,-0.01,0.04,27.0,Mov02
0.07,9.68,0.55,-0.0,-0.02,0.05,27.0,Mov02
0.12,9.61,0.44,-0.0,-0.02,0.04,26.99,Mov02
0.17,9.56,0.34,0.0,-0.01,0.04,27.0,Mov02
0.21,9.54,0.28,0.01,-0.0,0.02,27.0,Mov02
0.21,9.57,0.3,0.0,0.0,0.01,27.01,Mov02
0.18,9.62,0.39,-0.0,0.01,0.01,27.01,Mov02
0.12,9.68,0.51,-0.0,0.01,0.01,27.01,Mov02
0.08,9.73,0.61,-0.0,0.01,0.02,27.01,Mov02
0.06,9.75,0.63,0.0,-0.0,0.03,27.01,Mov02
0.07,9.73,0.59,0.01,-0.02,0.04,27.0,Mov02
0.1,9.67,0.48,0.0,-0.03,0.04,27.0,Mov02
0.16,9.59,0.37,-0.0,-0.04,0.04,27.0,Mov02
0.2,9.53,0.3,-0.01,-0.03,0.03,27.0,Mov02
0.2,9.5,0.31,-0.01,-0.01,0.03,27.01,Mov02
0.16,9.53,0.38,-0.01,0.01,0.02,27.0,Mov02
0.1,9.6,0.49,-0.0,0.02,0.02,27.0,Mov02
0.05,9.66,0.59,-0.0,0.02,0.03,27.0,Mov02
0.02,9.69,0.62,0.0,0.01,0.03,27.0,Mov02
0.04,9.69,0.56,0.0,-0.0,0.04,27.0,Mov02
0.08,9.67,0.46,-0.0,-0.01,0.04,27.0,Mov02
0.12,9.63,0.38,-0.01,-0.02,0.04,27.0,Mov02
0.15,9.59,0.32,-0.01,-0.02,0.04,27.0,Mov02
0.15,9.56,0.31,-0.01,-0.01,0.03,27.01,Mov02
0.13,9.56,0.38,-0.01,0.0,0.03,27.0,Mov02
0.1,9.59,0.47,-0.01,0.01,0.02,27.0,Mov02
0.06,9.62,0.56,-0.01,0.02,0.02,27.01,Mov02
0.06,9.66,0.62,-0.0,0.01,0.03,27.01,Mov02
0.08,9.69,0.61,0.0,-0.01,0.03,27.01,Mov02
0.11,9.68,0.54,0.0,-0.01,0.04,27.01,Mov02
0.16,9.65,0.43,0.0,-0.02,0.03,27.0,Mov02
0.18,9.64,0.35,0.0,-0.01,0.03,27.01,Mov02
0.17,9.61,0.3,0.0,0.0,0.02,27.02,Mov02
0.14,9.6,0.32,-0.0,0.01,0.02,27.02,Mov02
0.09,9.6,0.39,-0.01,0.01,0.02,27.01,Mov02
0.05,9.63,0.51,-0.01,0.01,0.02,27.01,Mov02
0.01,9.66,0.6,-0.01,0.01,0.03,27.02,Mov02
0.0,9.67,0.64,-0.0,-0.0,0.04,27.02,Mov02
0.03,9.65,0.57,0.01,-0.01,0.04,27.01,Mov02
0.08,9.62,0.46,0.01,-0.02,0.05,27.0,Mov02
0.13,9.57,0.36,0.0,-0.02,0.04,27.0,Mov02
0.15,9.55,0.3,-0.01,-0.01,0.03,27.0,Mov02
0.15,9.55,0.3,-0.02,-0.0,0.03,27.01,Mov02
0.12,9.58,0.36,-0.02,0.01,0.02,27.01,Mov02
0.06,9.62,0.48,-0.02,0.02,0.02,27.01,Mov02
0.0,9.67,0.6,-0.01,0.02,0.03,27.02,Mov02
-0.02,9.71,0.65,0.0,0.01,0.04,27.02,Mov02
0.01,9.71,0.6,0.0,-0.01,0.04,27.02,Mov02
0.07,9.67,0.47,0.0,-0.02,0.05,27.02,Mov02
0.13,9.62,0.35,0.0,-0.02,0.04,27.01,Mov02
0.16,9.59,0.28,-0.01,-0.01,0.04,27.01,Mov02
0.18,9.58,0.28,-0.02,0.0,0.03,27.01,Mov02
0.15,9.6,0.37,-0.02,0.01,0.03,27.02,Mov02
0.11,9.63,0.5,-0.03,0.02,0.03,27.02,Mov02
0.06,9.65,0.63,-0.02,0.01,0.04,27.01,Mov02
0.05,9.67,0.66,-0.0,0.0,0.04,27.01,Mov02
0.08,9.66,0.6,0.01,-0.01,0.04,27.02,Mov02
0.12,9.62,0.48,0.02,-0.01,0.04,27.02,Mov02
0.16,9.58,0.36,0.02,-0.01,0.03,27.01,Mov02
0.17,9.55,0.3,0.01,0.0,0.02,27.02,Mov02
0.15,9.56,0.31,0.0,0.01,0.02,27.02,Mov02
0.1,9.61,0.39,-0.01,0.01,0.02,27.02,Mov02
0.04,9.66,0.51,-0.02,0.01,0.02,27.01,Mov02
0.0,9.69,0.61,-0.02,0.01,0.03,27.01,Mov02
-0.0,9.67,0.63,-0.01,-0.0,0.04,27.01,Mov02
0.03,9.64,0.58,-0.0,-0.02,0.05,27.01,Mov02
0.09,9.61,0.47,0.01,-0.01,0.04,27.01,Mov02
0.14,9.57,0.36,0.01,-0.0,0.04,27.01,Mov02
0.15,9.56,0.3,0.01,0.01,0.03,27.02,Mov02
0.13,9.57,0.3,0.0,0.01,0.02,27.02,Mov02
0.11,9.62,0.33,-0.01,0.01,0.02,27.03,Mov02
0.1,9.67,0.44,-0.02,0.01,0.03,27.02,Mov02
0.08,9.7,0.56,-0.02,0.01,0.03,27.02,Mov02
0.05,9.69,0.63,-0.02,0.0,0.04,27.02,Mov02
0.05,9.66,0.63,-0.0,-0.0,0.04,27.02,Mov02
0.08,9.64,0.57,0.01,-0.01,0.04,27.02,Mov02
0.12,9.62,0.45,0.02,-0.01,0.03,27.02,Mov02
0.16,9.59,0.36,0.01,-0.01,0.03,27.01,Mov02
0.18,9.58,0.33,0.0,-0.0,0.02,27.01,Mov02
0.16,9.57,0.35,-0.01,0.01,0.02,27.02,Mov02
0.1,9.59,0.43,-0.01,0.02,0.02,27.01,Mov02
0.02,9.63,0.53,-0.01,0.02,0.03,27.02,Mov02
-0.01,9.66,0.57,-0.0,0.01,0.03,27.02,Mov02
-0.0,9.68,0.56,0.0,-0.0,0.04,27.02,Mov02
0.05,9.69,0.51,0.0,-0.01,0.04,27.02,Mov02
0.09,9.66,0.44,0.0,-0.01,0.04,27.02,Mov02
0.11,9.63,0.38,-0.01,-0.0,0.04,27.02,Mov02
0.11,9.6,0.37,-0.01,0.0,0.03,27.02,Mov02
0.09,9.58,0.4,-0.02,0.01,0.03,27.02,Mov02
0.06,9.57,0.43,-0.01,0.01,0.04,27.02,Mov02
0.05,9.57,0.48,-0.01,0.01,0.04,27.03,Mov02
0.05,9.61,0.51,0.0,0.01,0.04,27.03,Mov02
0.05,9.64,0.52,0.01,0.02,0.03,27.03,Mov02
0.05,9.67,0.48,0.01,0.02,0.03,27.03,Mov02
0.06,9.68,0.43,0.0,0.01,0.03,27.03,Mov02
0.07,9.68,0.4,-0.01,-0.0,0.04,27.02,Mov02
0.08,9.66,0.4,-0.02,-0.01,0.04,27.02,Mov02
0.1,9.64,0.4,-0.02,-0.01,0.04,27.02,Mov02
0.1,9.62,0.45,-0.02,0.0,0.04,27.02,Mov02
0.08,9.61,0.49,-0.01,0.01,0.03,27.02,Mov02
0.08,9.62,0.49,0.01,0.02,0.03,27.02,Mov02
0.09,9.63,0.49,0.01,0.02,0.03,27.02,Mov02
0.08,9.63,0.47,0.01,0.02,0.03,27.01,Mov02
0.07,9.63,0.44,0.0,0.02,0.03,27.02,Mov02
0.08,9.62,0.41,-0.01,0.01,0.04,27.02,Mov02
0.12,9.61,0.4,-0.02,-0.0,0.04,27.02,Mov02
0.11,9.58,0.43,-0.02,-0.0,0.04,27.01,Mov02
0.09,9.57,0.47,-0.02,0.0,0.03,27.02,Mov02
0.09,9.59,0.49,-0.01,0.0,0.03,27.02,Mov02
0.11,9.63,0.48,0.01,0.01,0.02,27.02,Mov02
0.09,9.65,0.49,0.02,0.02,0.02,27.02,Mov02
0.05,9.67,0.5,0.02,0.02,0.02,27.02,Mov02
0.03,9.66,0.48,0.01,0.02,0.03,27.02,Mov02
0.02,9.66,0.45,-0.0,0.01,0.04,27.02,Mov02
0.05,9.64,0.41,-0.01,-0.0,0.04,27.02,Mov02
0.07,9.62,0.38,-0.01,-0.0,0.04,27.02,Mov02
0.08,9.6,0.37,-0.01,-0.0,0.04,27.02,Mov02
0.1,9.59,0.4,-0.01,0.0,0.03,27.02,Mov02
0.08,9.61,0.43,-0.0,0.01,0.03,27.02,Mov02
0.06,9.64,0.45,-0.0,0.02,0.03,27.03,Mov02
0.05,9.66,0.5,-0.0,0.01,0.03,27.03,Mov02
0.05,9.65,0.51,-0.01,0.01,0.04,27.02,Mov02
0.08,9.63,0.5,-0.01,0.01,0.04,27.04,Mov02
0.1,9.61,0.5,-0.0,0.01,0.04,27.03,Mov02
0.11,9.59,0.49,0.0,0.01,0.03,27.02,Mov02
0.1,9.58,0.48,0.0,0.01,0.03,27.02,Mov02
0.08,9.6,0.46,0.01,0.0,0.02,27.03,Mov02
0.08,9.62,0.45,0.0,-0.01,0.03,27.02,Mov02
0.08,9.64,0.44,-0.01,-0.01,0.03,27.02,Mov02
0.08,9.64,0.43,-0.01,-0.01,0.03,27.02,Mov02
0.08,9.64,0.44,-0.01,0.01,0.03,27.02,Mov02
0.06,9.65,0.44,-0.0,0.01,0.03,27.02,Mov02
0.08,9.67,0.45,0.0,0.02,0.03,27.02,Mov02
0.08,9.68,0.45,0.01,0.02,0.02,27.02,Mov02
0.08,9.67,0.46,0.01,0.01,0.02,27.03,Mov02
0.08,9.65,0.47,0.0,0.0,0.02,27.03,Mov02
0.07,9.62,0.51,-0.0,0.0,0.02,27.03,Mov02
0.05,9.59,0.52,-0.0,0.0,0.03,27.02,Mov02
0.04,9.57,0.5,0.0,-0.0,0.03,27.02,Mov02
0.04,9.58,0.45,0.01,0.0,0.02,27.02,Mov02
0.04,9.6,0.41,0.01,0.01,0.02,27.02,Mov02
0.04,9.62,0.38,0.01,0.02,0.02,27.02,Mov02
0.04,9.64,0.38,0.01,0.02,0.02,27.03,Mov02
0.02,9.65,0.39,-0.0,0.02,0.02,27.02,Mov02
-0.01,9.64,0.44,-0.01,0.01,0.03,27.02,Mov02
-0.03,9.63,0.45,-0.01,0.01,0.03,27.02,Mov02
-0.03,9.62,0.45,-0.01,-0.01,0.04,27.02,Mov02
-0.01,9.63,0.44,-0.01,-0.01,0.04,27.02,Mov02
0.01,9.64,0.43,-0.01,-0.01,0.05,27.03,Mov02
0.05,9.62,0.43,-0.02,-0.01,0.05,27.03,Mov02
0.07,9.59,0.42,-0.02,0.0,0.04,27.04,Mov02
0.08,9.57,0.42,-0.01,0.01,0.04,27.03,Mov02
0.08,9.58,0.43,-0.0,0.02,0.03,27.03,Mov02
0.06,9.61,0.45,-0.0,0.02,0.03,27.03,Mov02
0.04,9.65,0.48,-0.0,0.02,0.03,27.02,Mov02
0.03,9.66,0.5,-0.0,0.01,0.03,27.02,Mov02
0.02,9.68,0.53,-0.01,0.0,0.04,27.02,Mov02
0.02,9.69,0.5,-0.01,-0.0,0.04,27.02,Mov02
0.03,9.68,0.47,-0.01,-0.01,0.04,27.02,Mov02
0.04,9.67,0.43,-0.0,-0.01,0.04,27.02,Mov02
0.05,9.64,0.39,-0.0,-0.01,0.04,27.03,Mov02
0.05,9.62,0.38,-0.0,-0.01,0.04,27.03,Mov02
0.06,9.61,0.36,-0.0,-0.0,0.04,27.03,Mov02
0.08,9.62,0.36,-0.0,0.0,0.03,27.02,Mov02
0.07,9.62,0.37,-0.0,0.01,0.03,27.03,Mov02
0.05,9.62,0.44,-0.01,0.01,0.03,27.03,Mov02
0.01,9.63,0.52,-0.01,0.0,0.03,27.03,Mov02
-0.02,9.64,0.57,-0.01,-0.01,0.03,27.03,Mov02
-0.03,9.65,0.59,-0.01,-0.02,0.04,27.03,Mov02
-0.01,9.66,0.56,-0.0,-0.02,0.04,27.03,Mov02
0.03,9.65,0.47,0.0,-0.03,0.05,27.03,Mov02
0.06,9.62,0.4,0.0,-0.02,0.05,27.03,Mov02
0.07,9.6,0.35,-0.0,-0.0,0.04,27.03,Mov02
0.07,9.59,0.33,0.0,0.01,0.03,27.03,Mov02
0.04,9.61,0.36,0.0,0.02,0.03,27.03,Mov02
0.02,9.62,0.41,-0.0,0.02,0.03,27.03,Mov02
0.01,9.64,0.48,-0.01,0.01,0.04,27.03,Mov02
0.01,9.65,0.53,-0.01,-0.0,0.04,27.03,Mov02
0.04,9.65,0.52,-0.01,-0.0,0.05,27.03,Mov02
0.06,9.63,0.49,-0.01,-0.0,0.04,27.04,Mov02
0.07,9.62,0.45,-0.01,-0.0,0.04,27.03,Mov02
0.09,9.62,0.42,-0.0,-0.0,0.04,27.03,Mov02
0.1,9.63,0.41,-0.0,0.0,0.03,27.03,Mov02
0.11,9.62,0.43,-0.01,0.0,0.03,27.04,Mov02
0.09,9.62,0.47,-0.01,0.0,0.03,27.04,Mov02
0.06,9.62,0.51,-0.01,-0.0,0.03,27.04,Mov02
0.04,9.65,0.53,-0.0,-0.01,0.04,27.04,Mov02
0.03,9.65,0.51,0.0,-0.01,0.04,27.04,Mov02
0.04,9.65,0.47,0.0,-0.01,0.04,27.04,Mov02
0.04,9.64,0.45,0.0,-0.01,0.03,27.04,Mov02
0.04,9.62,0.42,0.0,-0.0,0.03,27.03,Mov02
0.04,9.61,0.39,-0.0,-0.0,0.03,27.03,Mov02
0.03,9.6,0.36,-0.0,-0.0,0.03,27.03,Mov02
0.04,9.62,0.35,-0.01,-0.0,0.03,27.04,Mov02
0.04,9.65,0.39,-0.01,0.0,0.03,27.04,Mov02
0.04,9.67,0.44,-0.0,0.01,0.03,27.04,Mov02
0.02,9.69,0.52,-0.0,0.01,0.03,27.05,Mov02
0.03,9.68,0.55,-0.0,-0.0,0.03,27.04,Mov02
0.02,9.67,0.55,-0.0,-0.01,0.04,27.04,Mov02
0.02,9.64,0.5,-0.0,-0.01,0.04,27.04,Mov02
0.04,9.59,0.42,-0.0,-0.02,0.04,27.04,Mov02
0.08,9.56,0.37,-0.0,-0.02,0.04,27.04,Mov02
0.1,9.55,0.34,-0.0,-0.01,0.03,27.04,Mov02
0.11,9.56,0.36,-0.0,0.01,0.03,27.05,Mov02
0.09,9.6,0.41,-0.0,0.02,0.02,27.05,Mov02
0.04,9.64,0.47,0.0,0.03,0.02,27.05,Mov02
-0.0,9.69,0.54,0.0,0.02,0.02,27.05,Mov02
-0.03,9.7,0.56,0.01,0.01,0.03,27.04,Mov02
-0.03,9.69,0.53,0.0,0.0,0.03,27.04,Mov02
0.01,9.68,0.46,0.0,-0.01,0.04,27.04,Mov02
0.05,9.66,0.38,-0.0,-0.01,0.04,27.05,Mov02
0.07,9.63,0.33,-0.01,-0.0,0.05,27.04,Mov02
0.07,9.62,0.36,-0.01,0.0,0.04,27.04,Mov02
0.04,9.61,0.43,-0.02,0.01,0.04,27.03,Mov02
0.01,9.62,0.52,-0.02,0.01,0.04,27.04,Mov02
-0.01,9.63,0.56,-0.01,0.01,0.04,27.04,Mov02
-0.01,9.63,0.55,0.0,-0.01,0.04,27.04,Mov02
0.03,9.65,0.48,0.0,-0.02,0.05,27.04,Mov02
0.09,9.62,0.41,-0.0,-0.03,0.05,27.04,Mov02
0.13,9.59,0.35,-0.01,-0.02,0.04,27.04,Mov02
0.15,9.57,0.35,-0.01,-0.01,0.04,27.04,Mov02
0.13,9.56,0.38,-0.01,0.01,0.03,27.04,Mov02
0.07,9.58,0.46,-0.01,0.02,0.02,27.04,Mov02
0.02,9.61,0.52,0.01,0.03,0.02,27.04,Mov02
-0.03,9.65,0.57,0.02,0.02,0.02,27.04,Mov02
-0.05,9.68,0.56,0.02,0.01,0.03,27.04,Mov02
-0.03,9.68,0.5,0.01,-0.02,0.04,27.04,Mov02
0.01,9.65,0.43,-0.0,-0.03,0.04,27.04,Mov02
0.04,9.61,0.36,-0.01,-0.02,0.05,27.05,Mov02
0.04,9.58,0.32,-0.01,-0.01,0.04,27.04,Mov02
0.05,9.59,0.32,-0.01,0.0,0.04,27.04,Mov02
0.03,9.61,0.37,-0.01,0.01,0.03,27.04,Mov02
0.01,9.66,0.45,-0.01,0.01,0.03,27.04,Mov02
-0.02,9.7,0.55,-0.01,0.01,0.04,27.04,Mov02
-0.02,9.71,0.61,-0.0,0.01,0.04,27.04,Mov02
-0.02,9.69,0.59,0.0,-0.01,0.05,27.05,Mov02
0.01,9.65,0.51,0.0,-0.01,0.05,27.05,Mov02
0.06,9.62,0.4,-0.0,-0.02,0.05,27.05,Mov02
0.12,9.59,0.31,-0.01,-0.02,0.05,27.04,Mov02
0.15,9.56,0.28,-0.02,-0.01,0.05,27.04,Mov02
0.15,9.55,0.34,-0.02,-0.01,0.04,27.04,Mov02
0.12,9.57,0.45,-0.02,0.01,0.03,27.05,Mov02
0.04,9.62,0.58,-0.01,0.02,0.02,27.05,Mov02
-0.04,9.68,0.66,-0.0,0.02,0.03,27.05,Mov02
-0.05,9.71,0.63,0.01,-0.0,0.03,27.05,Mov02
-0.0,9.7,0.53,0.01,-0.02,0.04,27.05,Mov02
0.06,9.65,0.38,0.01,-0.02,0.05,27.05,Mov02
0.1,9.58,0.27,-0.0,-0.01,0.04,27.06,Mov02
0.09,9.55,0.24,-0.01,0.01,0.03,27.06,Mov02
0.07,9.57,0.29,-0.01,0.02,0.03,27.06,Mov02
0.03,9.62,0.41,-0.02,0.02,0.03,27.05,Mov02
-0.0,9.66,0.56,-0.02,0.01,0.03,27.05,Mov02
-0.03,9.69,0.66,-0.01,0.01,0.04,27.05,Mov02
-0.03,9.7,0.67,-0.0,-0.0,0.04,27.06,Mov02
0.02,9.67,0.57,0.01,-0.01,0.05,27.05,Mov02
0.07,9.63,0.43,0.01,-0.01,0.05,27.05,Mov02
0.12,9.59,0.3,0.0,-0.01,0.04,27.06,Mov02
0.14,9.57,0.24,-0.01,-0.01,0.03,27.06,Mov02
0.15,9.59,0.26,-0.02,0.0,0.03,27.06,Mov02
0.11,9.62,0.37,-0.03,0.01,0.03,27.05,Mov02
0.06,9.65,0.51,-0.02,0.01,0.03,27.05,Mov02
0.01,9.69,0.64,-0.01,0.01,0.03,27.06,Mov02
-0.01,9.7,0.66,0.0,-0.0,0.04,27.05,Mov02
0.01,9.68,0.6,0.01,-0.02,0.04,27.06,Mov02
0.07,9.64,0.48,0.01,-0.02,0.04,27.05,Mov02
0.12,9.58,0.36,0.01,-0.02,0.04,27.05,Mov02
0.14,9.55,0.31,0.0,-0.01,0.03,27.05,Mov02
0.13,9.54,0.3,-0.01,0.0,0.02,27.05,Mov02
0.09,9.56,0.38,-0.02,0.01,0.02,27.07,Mov02
0.04,9.62,0.5,-0.02,0.02,0.02,27.06,Mov02
-0.03,9.66,0.61,-0.01,0.01,0.03,27.06,Mov02
-0.06,9.69,0.64,-0.0,0.0,0.03,27.05,Mov02
-0.05,9.71,0.59,0.0,-0.01,0.04,27.06,Mov02
-0.01,9.66,0.49,0.0,-0.02,0.04,27.06,Mov02
0.04,9.62,0.37,-0.0,-0.02,0.04,27.05,Mov02
0.07,9.58,0.29,-0.01,-0.01,0.04,27.06,Mov02
0.06,9.56,0.29,-0.01,0.01,0.03,27.05,Mov02
0.05,9.58,0.36,-0.01,0.02,0.03,27.05,Mov02
0.05,9.62,0.47,-0.01,0.02,0.03,27.05,Mov02
0.04,9.67,0.57,-0.01,0.02,0.04,27.06,Mov02
0.03,9.7,0.62,-0.01,0.01,0.04,27.06,Mov02
0.02,9.69,0.6,-0.0,0.0,0.04,27.06,Mov02
0.04,9.68,0.53,0.0,-0.01,0.04,27.05,Mov02
0.07,9.64,0.43,0.0,-0.01,0.04,27.06,Mov02
0.11,9.61,0.36,-0.0,-0.02,0.04,27.05,Mov02
0.12,9.59,0.33,-0.01,-0.01,0.03,27.05,Mov02
0.11,9.58,0.36,-0.01,0.0,0.03,27.05,Mov02
0.08,9.58,0.45,-0.01,0.01,0.03,27.05,Mov02
0.02,9.58,0.53,-0.01,0.01,0.03,27.06,Mov02
-0.02,9.6,0.58,0.0,0.01,0.02,27.06,Mov02
-0.04,9.65,0.59,0.01,0.01,0.02,27.07,Mov02
-0.03,9.68,0.54,0.01,-0.0,0.03,27.06,Mov02
0.0,9.69,0.48,0.0,-0.01,0.04,27.06,Mov02
0.04,9.66,0.43,-0.01,-0.01,0.05,27.06,Mov02
0.07,9.6,0.4,-0.02,-0.01,0.05,27.06,Mov02
0.06,9.56,0.38,-0.02,0.01,0.04,27.07,Mov02
0.06,9.56,0.38,-0.01,0.01,0.03,27.07,Mov02
0.04,9.6,0.41,-0.0,0.01,0.03,27.07,Mov02
0.01,9.65,0.47,-0.0,0.01,0.02,27.07,Mov02
-0.01,9.67,0.52,-0.01,0.01,0.03,27.07,Mov02
-0.02,9.67,0.56,-0.01,0.0,0.04,27.06,Mov02
-0.0,9.67,0.54,-0.01,-0.01,0.05,27.06,Mov02
0.02,9.64,0.51,-0.01,-0.01,0.06,27.06,Mov02
0.06,9.61,0.46,-0.01,-0.01,0.05,27.06,Mov02
0.09,9.59,0.42,-0.01,0.0,0.05,27.06,Mov02
0.08,9.59,0.43,-0.0,0.01,0.04,27.06,Mov02
0.06,9.6,0.44,0.0,0.02,0.03,27.06,Mov02
0.04,9.61,0.47,0.0,0.02,0.03,27.07,Mov02
0.03,9.64,0.47,0.0,0.02,0.04,27.07,Mov02
0.04,9.66,0.48,-0.0,0.01,0.04,27.07,Mov02
0.03,9.65,0.49,-0.01,0.01,0.05,27.07,Mov02
0.04,9.65,0.51,-0.01,0.01,0.05,27.07,Mov02
0.04,9.65,0.52,-0.01,0.01,0.04,27.07,Mov02
0.03,9.66,0.52,-0.01,0.01,0.04,27.07,Mov02
0.04,9.66,0.51,-0.01,0.0,0.05,27.07,Mov02
0.05,9.64,0.49,-0.01,-0.0,0.05,27.07,Mov02
0.07,9.62,0.46,-0.01,-0.0,0.05,27.07,Mov02
0.09,9.62,0.43,-0.01,0.0,0.04,27.07,Mov02
0.08,9.63,0.42,-0.01,0.01,0.04,27.06,Mov02
0.08,9.64,0.4,-0.01,0.01,0.03,27.06,Mov02
0.09,9.64,0.43,-0.0,0.01,0.02,27.06,Mov02
0.08,9.63,0.49,-0.0,0.01,0.02,27.06,Mov02
0.04,9.64,0.53,0.0,0.02,0.02,27.06,Mov02
0.02,9.65,0.54,0.01,0.02,0.02,27.06,Mov02
0.01,9.68,0.52,0.01,0.02,0.03,27.07,Mov02
0.03,9.68,0.5,-0.0,0.01,0.03,27.07,Mov02
0.04,9.66,0.49,-0.01,0.01,0.03,27.07,Mov02
0.05,9.64,0.49,-0.01,0.01,0.04,27.07,Mov02
0.07,9.6,0.47,-0.01,0.0,0.03,27.07,Mov02
0.08,9.56,0.45,-0.0,0.0,0.03,27.07,Mov02
0.08,9.55,0.4,0.01,0.01,0.03,27.06,Mov02
0.09,9.56,0.38,0.02,0.02,0.03,27.06,Mov02
0.08,9.59,0.37,0.02,0.02,0.02,27.07,Mov02
0.07,9.62,0.39,0.01,0.03,0.03,27.06,Mov02
0.05,9.65,0.44,-0.0,0.03,0.03,27.06,Mov02
0.02,9.65,0.48,-0.01,0.02,0.03,27.06,Mov02
0.01,9.65,0.53,-0.02,0.01,0.04,27.06,Mov02
0.01,9.65,0.53,-0.02,0.0,0.04,27.06,Mov02
0.03,9.64,0.5,-0.01,-0.0,0.03,27.06,Mov02
0.05,9.63,0.49,0.0,0.0,0.03,27.07,Mov02
0.06,9.64,0.47,0.01,0.01,0.03,27.07,Mov02
0.06,9.65,0.44,0.01,0.01,0.03,27.06,Mov02
0.06,9.66,0.45,0.0,0.01,0.03,27.06,Mov02
0.05,9.67,0.47,-0.0,0.01,0.03,27.06,Mov02
0.02,9.67,0.49,-0.01,0.01,0.04,27.07,Mov02
0.01,9.64,0.5,-0.01,0.0,0.04,27.07,Mov02
0.02,9.63,0.48,-0.01,-0.01,0.04,27.07,Mov02
0.05,9.61,0.44,-0.0,-0.01,0.04,27.07,Mov02
0.08,9.61,0.41,0.0,-0.01,0.03,27.07,Mov02
0.07,9.61,0.41,0.01,0.01,0.02,27.06,Mov02
0.05,9.6,0.43,0.01,0.01,0.02,27.06,Mov02
0.01,9.61,0.46,0.01,0.01,0.02,27.06,Mov02
-0.02,9.61,0.47,0.01,0.01,0.02,27.07,Mov02
-0.03,9.62,0.48,0.0,0.01,0.02,27.07,Mov02
-0.03,9.64,0.47,0.0,0.01,0.02,27.08,Mov02
-0.02,9.64,0.47,0.0,0.01,0.02,27.07,Mov02
-0.03,9.64,0.48,0.0,0.02,0.03,27.07,Mov02
-0.01,9.65,0.51,-0.0,0.01,0.04,27.08,Mov02
0.04,9.62,0.57,-0.02,-0.01,0.06,27.07,Mov02
0.11,9.53,0.57,-0.03,-0.04,0.07,27.07,Mov02
0.2,9.46,0.5,-0.03,-0.04,0.07,27.08,Mov02
0.25,9.45,0.44,-0.01,-0.02,0.04,27.07,Mov02
0.19,9.49,0.43,0.01,0.02,0.02,27.07,Mov02
0.09,9.55,0.44,0.02,0.02,0.0,27.07,Mov02
0.03,9.62,0.42,0.02,-0.0,-0.0,27.07,Mov02
0.01,9.68,0.39,0.02,-0.01,0.01,27.07,Mov02
-0.02,9.7,0.38,0.01,-0.01,0.01,27.07,Mov02
-0.06,9.72,0.41,0.0,-0.01,0.02,27.07,Mov02
-0.11,9.73,0.43,-0.0,-0.01,0.03,27.07,Mov02
-0.13,9.72,0.43,-0.01,-0.01,0.04,27.08,Mov02
-0.1,9.7,0.43,-0.01,-0.01,0.05,27.07,Mov02
-0.05,9.66,0.41,-0.0,-0.01,0.05,27.08,Mov02
0.02,9.63,0.38,0.0,-0.0,0.04,27.08,Mov02
0.03,9.62,0.39,0.0,0.01,0.04,27.09,Mov02
0.01,9.62,0.41,-0.0,0.02,0.03,27.09,Mov02
-0.03,9.62,0.44,-0.01,0.02,0.03,27.09,Mov02
-0.05,9.62,0.46,-0.01,0.0,0.03,27.1,Mov02
-0.04,9.62,0.47,-0.01,-0.0,0.04,27.1,Mov02
-0.03,9.62,0.49,-0.01,-0.01,0.04,27.1,Mov02
-0.0,9.63,0.5,-0.01,-0.01,0.04,27.1,Mov02
0.03,9.66,0.48,-0.01,-0.01,0.04,27.09,Mov02
0.05,9.67,0.47,-0.01,-0.0,0.03,27.09,Mov02
0.05,9.67,0.49,-0.01,0.01,0.03,27.08,Mov02
0.04,9.67,0.51,-0.0,0.02,0.03,27.08,Mov02
0.03,9.67,0.54,0.0,0.02,0.03,27.08,Mov02
0.03,9.67,0.54,0.0,0.01,0.03,27.08,Mov02
0.03,9.66,0.53,-0.0,0.0,0.03,27.09,Mov02
0.02,9.63,0.49,-0.0,0.0,0.03,27.09,Mov02
0.01,9.61,0.48,-0.0,0.0,0.03,27.09,Mov02
0.01,9.58,0.46,-0.0,0.01,0.02,27.09,Mov02
-0.0,9.58,0.46,-0.0,0.01,0.02,27.09,Mov02
-0.01,9.58,0.52,-0.01,0.01,0.03,27.09,Mov02
-0.05,9.58,0.54,-0.01,0.01,0.04,27.09,Mov02
-0.04,9.59,0.53,-0.0,0.0,0.04,27.09,Mov02
-0.02,9.62,0.51,0.0,0.0,0.04,27.09,Mov02
-0.01,9.63,0.45,0.01,0.02,0.03,27.08,Mov02
-0.02,9.65,0.4,0.01,0.02,0.03,27.08,Mov02
-0.03,9.66,0.38,0.01,0.01,0.03,27.08,Mov02
-0.01,9.65,0.35,-0.0,-0.0,0.04,27.09,Mov02
0.0,9.62,0.34,-0.01,-0.0,0.05,27.08,Mov02
0.03,9.59,0.33,-0.01,0.01,0.05,27.08,Mov02
0.04,9.58,0.35,-0.0,0.02,0.04,27.08,Mov02
0.02,9.6,0.38,-0.0,0.03,0.04,27.08,Mov02
0.02,9.63,0.41,-0.0,0.02,0.04,27.08,Mov02
0.03,9.64,0.43,-0.01,0.01,0.04,27.09,Mov02
0.05,9.64,0.45,-0.01,0.01,0.04,27.08,Mov02
0.05,9.64,0.45,-0.01,0.0,0.04,27.09,Mov02
0.05,9.64,0.47,-0.01,-0.0,0.04,27.09,Mov02
0.06,9.63,0.45,-0.01,-0.01,0.05,27.08,Mov02
0.09,9.61,0.44,-0.01,-0.02,0.05,27.08,Mov02
0.12,9.59,0.42,-0.01,-0.01,0.05,27.09,Mov02
0.11,9.56,0.42,-0.01,0.0,0.04,27.08,Mov02
0.1,9.56,0.43,0.0,0.02,0.03,27.08,Mov02
0.05,9.59,0.47,0.01,0.03,0.03,27.08,Mov02
-0.01,9.63,0.48,0.01,0.02,0.03,27.08,Mov02
-0.05,9.65,0.51,0.0,-0.01,0.04,27.07,Mov02
-0.02,9.66,0.5,-0.01,-0.02,0.04,27.07,Mov02
-0.0,9.65,0.49,-0.01,-0.02,0.05,27.07,Mov02
-0.01,9.62,0.46,-0.0,-0.0,0.04,27.07,Mov02
-0.02,9.62,0.44,0.01,0.0,0.04,27.08,Mov02
-0.0,9.63,0.39,0.01,0.01,0.04,27.08,Mov02
0.02,9.63,0.36,0.01,0.01,0.04,27.09,Mov02
0.03,9.62,0.36,0.01,0.02,0.04,27.08,Mov02
0.02,9.62,0.39,-0.0,0.01,0.04,27.08,Mov02
0.0,9.63,0.42,-0.01,0.01,0.04,27.08,Mov02
-0.02,9.66,0.48,-0.02,-0.0,0.04,27.09,Mov02
-0.03,9.66,0.52,-0.02,-0.01,0.05,27.09,Mov02
-0.01,9.66,0.53,-0.01,-0.02,0.05,27.09,Mov02
0.01,9.64,0.52,-0.01,-0.02,0.06,27.09,Mov02
0.04,9.63,0.48,-0.0,-0.01,0.05,27.09,Mov02
0.07,9.63,0.43,-0.0,-0.01,0.05,27.09,Mov02
0.08,9.62,0.41,-0.0,-0.0,0.04,27.09,Mov02
0.08,9.61,0.4,-0.01,-0.01,0.03,27.08,Mov02
0.07,9.59,0.42,-0.01,-0.01,0.03,27.08,Mov02
0.06,9.57,0.45,-0.01,-0.0,0.03,27.08,Mov02
0.02,9.59,0.45,-0.0,-0.0,0.03,27.08,Mov02
-0.02,9.61,0.46,0.0,0.0,0.03,27.08,Mov02
-0.04,9.65,0.45,0.0,0.0,0.03,27.08,Mov02
-0.04,9.68,0.44,-0.0,0.0,0.04,27.09,Mov02
-0.03,9.67,0.44,-0.01,0.0,0.04,27.09,Mov02
-0.0,9.65,0.44,-0.02,0.0,0.04,27.09,Mov02
0.04,9.63,0.43,-0.01,0.0,0.04,27.09,Mov02
0.06,9.62,0.43,-0.01,0.0,0.04,27.09,Mov02
0.06,9.62,0.43,-0.0,0.0,0.04,27.09,Mov02
0.08,9.6,0.44,0.0,0.0,0.03,27.09,Mov02
0.09,9.6,0.46,0.0,0.01,0.03,27.08,Mov02
0.09,9.61,0.47,0.01,0.01,0.03,27.09,Mov02
0.06,9.63,0.5,0.0,0.0,0.03,27.09,Mov02
0.03,9.65,0.52,-0.01,-0.0,0.03,27.09,Mov02
0.01,9.66,0.54,-0.01,-0.01,0.04,27.1,Mov02
0.01,9.66,0.54,-0.01,-0.01,0.04,27.1,Mov02
0.03,9.65,0.5,0.0,-0.01,0.04,27.1,Mov02
0.04,9.64,0.44,0.01,-0.01,0.03,27.1,Mov02
-0.57,0.04,8.89,-0.0,0.0,0.04,27.13,Mov00
-0.57,0.05,8.89,-0.0,0.0,0.04,27.13,Mov00
-0.56,0.05,8.88,-0.0,0.0,0.04,27.12,Mov00
-0.57,0.04,8.89,-0.0,0.0,0.04,27.12,Mov00
-0.57,0.04,8.89,-0.0,0.0,0.04,27.12,Mov00
-0.57,0.04,8.88,-0.0,0.0,0.04,27.12,Mov00
-0.57,0.04,8.89,-0.0,0.0,0.04,27.12,Mov00
-0.57,0.04,8.89,-0.0,0.0,0.04,27.12,Mov00
-0.56,0.04,8.89,-0.0,0.0,0.04,27.12,Mov00
-0.57,0.04,8.89,-0.0,0.0,0.04,27.13,Mov00
-0.57,0.04,8.88,-0.0,0.0,0.04,27.13,Mov00
-0.57,0.03,8.88,-0.0,0.0,0.04,27.13,Mov00
-0.58,0.03,8.89,-0.0,0.0,0.04,27.13,Mov00
-0.57,0.03,8.89,-0.0,0.0,0.04,27.13,Mov00
-0.57,0.03,8.89,-0.0,0.0,0.04,27.12,Mov00
-0.57,0.03,8.89,-0.0,0.0,0.04,27.13,Mov00
-0.57,0.04,8.89,-0.0,0.0,0.04,27.13,Mov00
-0.56,0.03,8.89,-0.0,0.0,0.04,27.14,Mov00
-0.57,0.04,8.9,-0.0,0.0,0.04,27.13,Mov00
-0.57,0.03,8.9,-0.0,0.0,0.04,27.13,Mov00
-0.57,0.03,8.91,-0.0,0.0,0.04,27.13,Mov00
-0.58,0.03,8.9,-0.0,0.0,0.04,27.13,Mov00
-0.57,0.04,8.91,-0.0,0.0,0.04,27.13,Mov00
-0.58,0.04,8.91,-0.0,0.0,0.04,27.13,Mov00
-0.58,0.04,8.89,-0.0,-0.0,0.04,27.14,Mov00
-0.58,0.04,8.9,0.0,-0.0,0.04,27.13,Mov00
-0.57,0.05,8.86,0.0,-0.0,0.04,27.13,Mov00
-0.57,0.05,8.85,-0.0,0.0,0.04,27.12,Mov00
-0.56,0.05,8.86,-0.0,-0.0,0.04,27.12,Mov00
-0.57,0.05,8.86,-0.0,0.0,0.04,27.13,Mov00
-0.57,0.06,8.87,-0.0,0.0,0.04,27.13,Mov00
-0.56,0.05,8.88,-0.0,0.0,0.04,27.13,Mov00
-0.57,0.06,8.89,-0.0,0.0,0.04,27.13,Mov00
-0.56,0.06,8.89,-0.0,0.0,0.04,27.14,Mov00
-0.55,0.05,8.89,-0.0,0.0,0.04,27.14,Mov00
-0.56,0.05,8.9,-0.0,0.0,0.04,27.14,Mov00
-0.57,0.04,8.89,-0.0,0.0,0.04,27.14,Mov00
-0.56,0.04,8.89,-0.0,0.0,0.04,27.13,Mov00
-0.56,0.04,8.9,-0.0,0.0,0.04,27.13,Mov00
-0.56,0.04,8.89,-0.0,0.0,0.04,27.13,Mov00
-0.56,0.05,8.89,-0.0,0.0,0.04,27.12,Mov00
-0.56,0.05,8.89,-0.0,0.0,0.04,27.12,Mov00
-0.57,0.05,8.89,-0.0,0.0,0.04,27.12,Mov00
-0.56,0.04,8.9,-0.0,0.0,0.04,27.13,Mov00
-0.57,0.04,8.9,-0.0,0.0,0.04,27.13,Mov00
-0.56,0.04,8.91,-0.0,0.0,0.04,27.13,Mov00
-0.57,0.04,8.91,-0.0,0.0,0.04,27.13,Mov00
-0.57,0.03,8.91,-0.0,0.0,0.03,27.13,Mov00
-0.57,0.04,8.9,-0.0,0.0,0.04,27.12,Mov00
-0.57,0.04,8.9,-0.0,0.0,0.04,27.12,Mov00
-0.56,0.04,8.89,-0.0,0.0,0.04,27.12,Mov00
-0.57,0.04,8.89,-0.0,0.0,0.04,27.13,Mov00
-0.57,0.04,8.89,-0.0,0.0,0.04,27.14,Mov00
-0.57,0.04,8.9,-0.0,0.0,0.04,27.14,Mov00
-0.57,0.05,8.9,-0.0,0.0,0.04,27.13,Mov00
-0.57,0.06,8.89,-0.0,0.0,0.04,27.13,Mov00
-0.56,0.05,8.89,-0.0,0.0,0.04,27.13,Mov00
-0.56,0.05,8.89,-0.0,0.0,0.04,27.13,Mov00
-0.57,0.05,8.89,-0.0,0.0,0.04,27.14,Mov00
-0.57,0.05,8.89,-0.0,0.0,0.04,27.14,Mov00
-0.56,0.05,8.88,-0.0,0.0,0.04,27.14,Mov00
-0.55,0.05,8.89,-0.0,0.0,0.04,27.14,Mov00
-0.55,0.05,8.9,-0.0,0.0,0.04,27.14,Mov00
-0.56,0.04,8.89,-0.0,0.0,0.03,27.14,Mov00
-0.56,0.05,8.89,-0.0,0.0,0.04,27.14,Mov00
-0.57,0.05,8.89,-0.0,0.0,0.04,27.14,Mov00
-0.57,0.05,8.88,-0.0,0.0,0.04,27.14,Mov00
-0.57,0.04,8.87,-0.0,0.0,0.04,27.14,Mov00
-0.57,0.03,8.88,-0.0,0.0,0.04,27.14,Mov00
-0.57,0.03,8.89,-0.0,0.0,0.04,27.13,Mov00
-0.57,0.04,8.9,-0.0,0.0,0.04,27.13,Mov00
-0.57,0.04,8.9,-0.0,0.0,0.04,27.14,Mov00
-0.56,0.03,8.89,-0.0,0.0,0.04,27.13,Mov00
-0.57,0.04,8.89,-0.0,0.0,0.04,27.13,Mov00
-0.57,0.05,8.89,-0.0,0.0,0.04,27.13,Mov00
-0.56,0.05,8.88,-0.0,0.0,0.04,27.12,Mov00
-0.55,0.05,8.88,-0.0,0.0,0.04,27.12,Mov00
-0.56,0.05,8.87,-0.0,0.0,0.04,27.12,Mov00
-0.56,0.05,8.88,-0.0,0.0,0.04,27.12,Mov00
-0.56,0.05,8.89,-0.0,0.0,0.04,27.13,Mov00
-0.56,0.05,8.89,-0.0,0.0,0.04,27.13,Mov00
-0.57,0.04,8.9,-0.0,0.0,0.04,27.12,Mov00
-0.57,0.05,8.89,-0.0,0.0,0.04,27.12,Mov00
-0.57,0.05,8.89,-0.0,0.0,0.04,27.12,Mov00
-0.57,0.06,8.9,-0.0,0.0,0.04,27.12,Mov00
-0.57,0.05,8.89,-0.0,0.0,0.04,27.11,Mov00
-0.57,0.05,8.9,-0.0,0.0,0.04,27.11,Mov00
-0.57,0.04,8.9,-0.0,0.0,0.04,27.11,Mov00
-0.57,0.05,8.89,-0.0,0.0,0.03,27.11,Mov00
-0.58,0.05,8.88,-0.0,0.0,0.04,27.11,Mov00
-0.58,0.05,8.89,-0.0,0.0,0.04,27.11,Mov00
-0.57,0.05,8.89,-0.0,0.0,0.04,27.12,Mov00
-0.57,0.04,8.89,-0.0,0.0,0.04,27.12,Mov00
-0.57,0.04,8.88,-0.0,0.0,0.04,27.12,Mov00
-0.57,0.05,8.88,-0.0,0.0,0.04,27.12,Mov00
-0.57,0.05,8.89,-0.0,0.0,0.04,27.12,Mov00
-0.58,0.06,8.89,-0.0,0.0,0.04,27.13,Mov00
-0.57,0.06,8.88,-0.0,0.0,0.04,27.13,Mov00
-0.57,0.06,8.87,-0.0,0.0,0.04,27.12,Mov00
-0.57,0.06,8.86,-0.0,0.0,0.04,27.14,Mov00
-0.57,0.05,8.87,-0.0,0.0,0.04,27.13,Mov00
-0.57,0.05,8.88,-0.0,0.0,0.04,27.13,Mov00
-0.58,0.05,8.88,-0.0,0.0,0.04,27.12,Mov00
-0.57,0.04,8.89,-0.0,0.0,0.04,27.12,Mov00
-0.57,0.04,8.89,-0.0,0.0,0.04,27.11,Mov00
-0.57,0.04,8.87,-0.0,0.0,0.04,27.11,Mov00
-0.57,0.04,8.88,-0.0,0.0,0.04,27.12,Mov00
-0.58,0.04,8.89,-0.0,0.0,0.04,27.12,Mov00
-0.57,0.04,8.89,-0.0,0.0,0.04,27.12,Mov00
-0.57,0.04,8.89,-0.0,0.0,0.04,27.12,Mov00
-0.57,0.04,8.88,-0.0,0.0,0.04,27.12,Mov00
-0.56,0.04,8.88,-0.0,0.0,0.04,27.12,Mov00
-0.57,0.04,8.89,-0.0,0.0,0.04,27.12,Mov00
-0.57,0.05,8.89,-0.0,0.0,0.04,27.11,Mov00
-0.57,0.04,8.9,-0.0,0.0,0.04,27.12,Mov00
-0.57,0.05,8.91,-0.0,0.0,0.04,27.12,Mov00
-0.57,0.05,8.92,-0.0,0.0,0.04,27.12,Mov00
-0.57,0.05,8.92,-0.0,0.0,0.04,27.12,Mov00
-0.57,0.05,8.9,-0.0,0.0,0.04,27.11,Mov00
-0.58,0.06,8.91,-0.0,0.0,0.04,27.12,Mov00
-0.58,0.05,8.9,-0.0,0.0,0.04,27.12,Mov00
-0.57,0.06,8.91,-0.0,0.0,0.04,27.12,Mov00
-0.57,0.05,8.9,-0.0,0.0,0.04,27.12,Mov00
-0.57,0.06,8.9,-0.0,0.0,0.04,27.12,Mov00
-0.58,0.06,8.89,-0.0,0.0,0.04,27.12,Mov00
-0.57,0.05,8.88,-0.0,0.0,0.04,27.12,Mov00
-0.57,0.05,8.89,-0.0,0.0,0.04,27.11,Mov00
-0.57,0.05,8.89,-0.0,0.0,0.04,27.12,Mov00
-0.56,0.04,8.9,-0.0,0.0,0.04,27.12,Mov00
-0.56,0.05,8.89,-0.0,0.0,0.04,27.12,Mov00
-0.57,0.05,8.89,-0.0,0.0,0.04,27.12,Mov00
-0.57,0.05,8.88,-0.0,0.0,0.04,27.12,Mov00
-0.57,0.05,8.88,-0.0,0.0,0.04,27.12,Mov00
-0.57,0.05,8.88,-0.0,0.0,0.04,27.11,Mov00
-0.56,0.05,8.89,-0.0,0.0,0.04,27.11,Mov00
-0.56,0.05,8.88,-0.0,0.0,0.04,27.11,Mov00
-0.57,0.05,8.89,-0.0,0.0,0.04,27.1,Mov00
-0.57,0.04,8.89,-0.0,0.0,0.04,27.11,Mov00
-0.57,0.05,8.89,-0.0,0.0,0.04,27.11,Mov00
-0.56,0.04,8.89,-0.0,0.0,0.04,27.11,Mov00
-0.57,0.03,8.9,-0.0,0.0,0.04,27.11,Mov00
-0.56,0.04,8.9,-0.0,0.0,0.04,27.11,Mov00
-0.56,0.04,8.9,-0.0,0.0,0.04,27.12,Mov00
-0.57,0.04,8.89,-0.0,0.0,0.04,27.12,Mov00
-0.57,0.05,8.9,-0.0,0.0,0.04,27.11,Mov00
-0.57,0.05,8.89,-0.0,0.0,0.04,27.11,Mov00
-0.57,0.05,8.89,-0.0,0.0,0.04,27.11,Mov00
-0.57,0.04,8.88,-0.0,0.0,0.04,27.11,Mov00
-0.57,0.05,8.88,-0.0,0.0,0.04,27.12,Mov00
-0.57,0.05,8.87,-0.0,0.0,0.04,27.11,Mov00
-0.57,0.05,8.89,-0.0,0.0,0.04,27.11,Mov00
-0.57,0.04,8.88,-0.0,0.0,0.04,27.11,Mov00
-0.56,0.04,8.88,-0.0,0.0,0.04,27.11,Mov00
-0.56,0.04,8.87,-0.0,0.0,0.04,27.12,Mov00
-0.56,0.04,8.88,-0.0,0.0,0.04,27.12,Mov00
-0.57,0.04,8.88,-0.0,0.0,0.04,27.11,Mov00
-0.57,0.04,8.88,-0.0,0.0,0.04,27.12,Mov00
-0.56,0.04,8.89,-0.0,0.0,0.04,27.11,Mov00
-0.56,0.04,8.89,-0.0,0.0,0.04,27.11,Mov00
-0.56,0.04,8.88,-0.0,0.0,0.04,27.12,Mov00
-0.56,0.05,8.88,-0.0,0.0,0.04,27.11,Mov00
-0.56,0.04,8.88,-0.0,0.0,0.04,27.11,Mov00
-0.56,0.04,8.89,-0.0,0.0,0.04,27.12,Mov00
-0.57,0.05,8.89,-0.0,0.0,0.04,27.12,Mov00
-0.57,0.05,8.89,-0.0,0.0,0.04,27.12,Mov00
-0.57,0.05,8.88,-0.0,0.0,0.04,27.12,Mov00
-0.58,0.05,8.89,-0.0,0.0,0.04,27.12,Mov00
-0.58,0.05,8.88,-0.0,0.0,0.04,27.12,Mov00
-0.58,0.04,8.89,-0.0,0.0,0.04,27.11,Mov00
-0.57,0.04,8.88,-0.0,0.0,0.04,27.11,Mov00
-0.57,0.04,8.9,-0.0,0.0,0.04,27.11,Mov00
-0.57,0.05,8.89,-0.0,0.0,0.04,27.11,Mov00
-0.57,0.05,8.89,-0.0,0.0,0.04,27.11,Mov00
-0.57,0.05,8.89,-0.0,0.0,0.04,27.11,Mov00
-0.56,0.05,8.9,-0.0,0.0,0.04,27.11,Mov00
-0.56,0.05,8.9,-0.0,0.0,0.04,27.1,Mov00
-0.56,0.05,8.9,-0.0,0.0,0.04,27.1,Mov00
-0.57,0.05,8.91,-0.0,0.0,0.04,27.1,Mov00
-0.56,0.05,8.91,-0.0,0.0,0.04,27.1,Mov00
-0.57,0.05,8.9,-0.0,0.0,0.04,27.1,Mov00
-0.56,0.04,8.89,-0.0,0.0,0.04,27.1,Mov00
-0.56,0.05,8.88,-0.0,0.0,0.04,27.1,Mov00
-0.56,0.05,8.9,-0.0,0.0,0.04,27.1,Mov00
-0.57,0.04,8.89,-0.0,0.0,0.04,27.1,Mov00
-0.56,0.05,8.88,-0.0,0.0,0.04,27.11,Mov00
-0.57,0.04,8.89,-0.0,0.0,0.04,27.11,Mov00
-0.57,0.04,8.89,-0.0,0.0,0.04,27.11,Mov00
-0.57,0.05,8.88,-0.0,0.0,0.04,27.11,Mov00
-0.57,0.04,8.88,-0.0,0.0,0.04,27.11,Mov00
-0.57,0.04,8.88,-0.0,0.0,0.04,27.1,Mov00
-0.57,0.04,8.89,-0.0,0.0,0.04,27.1,Mov00
-0.57,0.04,8.89,-0.0,0.0,0.04,27.1,Mov00
-0.57,0.04,8.89,-0.0,0.0,0.04,27.11,Mov00
-0.56,0.03,8.89,-0.0,0.0,0.04,27.1,Mov00
-0.56,0.04,8.88,-0.0,0.0,0.04,27.11,Mov00
-0.57,0.05,8.89,-0.0,0.0,0.04,27.1,Mov00
-0.56,0.04,8.89,-0.0,0.0,0.04,27.11,Mov00
-0.56,0.04,8.89,-0.0,0.0,0.04,27.11,Mov00
-0.56,0.04,8.9,-0.0,0.0,0.04,27.11,Mov00
-0.56,0.04,8.89,-0.0,0.0,0.04,27.1,Mov00
-0.56,0.04,8.88,-0.0,0.0,0.04,27.11,Mov00
-0.56,0.05,8.88,-0.0,0.0,0.04,27.11,Mov00
-0.57,0.05,8.88,-0.0,0.0,0.04,27.11,Mov00
-0.58,0.05,8.88,-0.0,0.0,0.04,27.11,Mov00
-0.57,0.05,8.88,-0.0,0.0,0.04,27.11,Mov00
-0.57,0.05,8.88,-0.0,0.0,0.04,27.11,Mov00
-0.58,0.05,8.89,-0.0,0.0,0.04,27.11,Mov00
-0.57,0.05,8.9,-0.0,0.0,0.04,27.11,Mov00
-0.57,0.05,8.89,-0.0,0.0,0.04,27.11,Mov00
-0.57,0.05,8.89,-0.0,0.0,0.04,27.11,Mov00
-0.57,0.04,8.89,-0.0,0.0,0.04,27.1,Mov00
-0.56,0.04,8.89,-0.0,0.0,0.04,27.11,Mov00
-0.56,0.03,8.9,-0.0,0.0,0.04,27.1,Mov00
-0.57,0.04,8.89,-0.0,0.0,0.04,27.1,Mov00
-0.57,0.04,8.89,-0.0,0.0,0.04,27.1,Mov00
-0.57,0.04,8.89,-0.0,0.0,0.04,27.1,Mov00
-0.57,0.04,8.89,-0.0,0.0,0.04,27.1,Mov00
-0.56,0.04,8.89,-0.0,0.0,0.04,27.1,Mov00
-0.57,0.05,8.89,-0.0,0.0,0.04,27.1,Mov00
-0.56,0.05,8.9,-0.0,0.0,0.04,27.11,Mov00
-0.56,0.04,8.9,-0.0,0.0,0.04,27.1,Mov00
-0.58,0.04,8.88,-0.0,0.0,0.04,27.1,Mov00
-0.58,0.04,8.89,-0.0,0.0,0.04,27.1,Mov00
-0.57,0.04,8.89,-0.0,0.0,0.04,27.1,Mov00
-0.57,0.05,8.88,-0.0,0.0,0.04,27.1,Mov00
-0.57,0.05,8.88,-0.0,0.0,0.04,27.11,Mov00
-0.57,0.06,8.89,-0.0,0.0,0.04,27.1,Mov00
-0.58,0.05,8.89,-0.0,0.0,0.04,27.1,Mov00
-0.57,0.05,8.87,-0.0,0.0,0.04,27.11,Mov00
-0.58,0.05,8.88,-0.0,0.0,0.04,27.11,Mov00
-0.58,0.05,8.88,-0.0,0.0,0.04,27.11,Mov00
-0.58,0.05,8.89,-0.0,0.0,0.04,27.1,Mov00
-0.58,0.05,8.88,-0.0,0.0,0.04,27.1,Mov00
-0.57,0.05,8.88,-0.0,0.0,0.04,27.1,Mov00
-0.57,0.05,8.89,-0.0,0.0,0.04,27.1,Mov00
-0.57,0.05,8.89,-0.0,0.0,0.04,27.1,Mov00
-0.57,0.05,8.89,-0.0,0.0,0.04,27.1,Mov00
-0.57,0.05,8.89,-0.0,0.0,0.04,27.11,Mov00
-0.56,0.04,8.89,-0.0,0.0,0.04,27.11,Mov00
-0.56,0.05,8.9,-0.0,0.0,0.04,27.11,Mov00
-0.56,0.05,8.9,-0.0,0.0,0.04,27.1,Mov00
-0.56,0.04,8.9,-0.0,0.0,0.04,27.1,Mov00
-0.56,0.05,8.89,-0.0,0.0,0.04,27.1,Mov00
-0.57,0.05,8.89,-0.0,0.0,0.04,27.11,Mov00
-0.57,0.05,8.89,-0.0,0.0,0.04,27.11,Mov00
-0.57,0.05,8.89,-0.0,0.0,0.04,27.1,Mov00
-0.57,0.06,8.89,-0.0,0.0,0.04,27.1,Mov00
-0.57,0.06,8.88,-0.0,0.0,0.04,27.11,Mov00
-0.57,0.06,8.89,-0.0,0.0,0.04,27.11,Mov00
-0.57,0.05,8.89,-0.0,0.0,0.04,27.1,Mov00
-0.57,0.04,8.9,-0.0,0.0,0.04,27.1,Mov00
-0.57,0.04,8.89,-0.0,0.0,0.04,27.1,Mov00
-0.56,0.05,8.9,-0.0,0.0,0.04,27.11,Mov00
-0.56,0.04,8.9,-0.0,0.0,0.04,27.1,Mov00
-0.56,0.04,8.9,-0.0,0.0,0.04,27.1,Mov00
-0.57,0.04,8.88,-0.0,0.0,0.04,27.1,Mov00
-0.57,0.04,8.88,-0.0,0.0,0.04,27.1,Mov00
-0.56,0.04,8.88,-0.0,0.0,0.04,27.1,Mov00
-0.56,0.04,8.9,-0.0,0.0,0.04,27.1,Mov00
-0.56,0.04,8.9,-0.0,0.0,0.03,27.1,Mov00
-0.56,0.04,8.9,-0.0,0.0,0.04,27.09,Mov00
-0.57,0.04,8.89,-0.0,0.0,0.04,27.09,Mov00
-0.57,0.04,8.89,-0.0,0.0,0.04,27.09,Mov00
-0.57,0.05,8.89,-0.0,0.0,0.04,27.09,Mov00
-0.56,0.05,8.9,-0.0,0.0,0.04,27.09,Mov00
-0.57,0.05,8.89,-0.0,0.0,0.04,27.09,Mov00
-0.57,0.04,8.89,-0.0,0.0,0.04,27.1,Mov00
-0.56,0.04,8.89,-0.0,0.0,0.04,27.1,Mov00
-0.57,0.05,8.89,-0.0,0.0,0.04,27.1,Mov00
-0.57,0.04,8.89,-0.0,0.0,0.04,27.1,Mov00
-0.57,0.04,8.9,-0.0,0.0,0.04,27.09,Mov00
-0.55,0.04,8.91,-0.0,0.0,0.04,27.1,Mov00
-0.56,0.04,8.9,-0.0,0.0,0.04,27.1,Mov00
-0.57,0.04,8.88,-0.0,0.0,0.03,27.11,Mov00
-0.57,0.04,8.88,-0.0,0.0,0.04,27.1,Mov00
-0.57,0.04,8.88,-0.0,0.0,0.03,27.1,Mov00
-0.56,0.05,8.88,-0.0,0.0,0.04,27.1,Mov00
-0.57,0.05,8.88,-0.0,0.0,0.04,27.1,Mov00
-0.57,0.05,8.88,-0.0,0.0,0.04,27.1,Mov00
-0.56,0.04,8.89,-0.0,0.0,0.04,27.1,Mov00
-0.56,0.05,8.89,-0.0,0.0,0.04,27.09,Mov00
-0.56,0.05,8.89,-0.0,0.0,0.04,27.1,Mov00
-0.56,0.05,8.88,-0.0,0.0,0.04,27.1,Mov00
-0.57,0.05,8.88,-0.0,0.0,0.04,27.1,Mov00
-0.57,0.05,8.89,-0.0,0.0,0.04,27.1,Mov00
-0.57,0.04,8.88,-0.0,0.0,0.04,27.1,Mov00
-0.57,0.04,8.89,-0.0,0.0,0.04,27.1,Mov00
-0.57,0.05,8.9,-0.0,0.0,0.04,27.1,Mov00
-0.57,0.04,8.9,-0.0,0.0,0.04,27.09,Mov00
-0.57,0.04,8.9,-0.0,0.0,0.04,27.1,Mov00
-0.57,0.04,8.9,-0.0,0.0,0.04,27.1,Mov00
-0.57,0.04,8.9,-0.0,0.0,0.04,27.1,Mov00
-0.57,0.04,8.9,-0.0,0.0,0.04,27.1,Mov00
-0.57,0.04,8.9,-0.0,0.0,0.04,27.11,Mov00
-0.57,0.05,8.89,-0.0,0.0,0.04,27.11,Mov00
-0.58,0.05,8.89,-0.0,0.0,0.04,27.11,Mov00
-0.58,0.05,8.9,-0.0,0.0,0.04,27.11,Mov00
-0.57,0.04,8.89,-0.0,0.0,0.04,27.11,Mov00
-0.57,0.04,8.9,-0.0,0.0,0.04,27.1,Mov00
-0.57,0.04,8.89,-0.0,0.0,0.04,27.11,Mov00
-0.56,0.05,8.88,-0.0,0.0,0.04,27.11,Mov00
-0.56,0.04,8.89,-0.0,0.0,0.04,27.11,Mov00
-0.57,0.04,8.89,-0.0,0.0,0.04,27.11,Mov00
-0.57,0.04,8.89,-0.0,0.0,0.04,27.11,Mov00
-0.57,0.04,8.88,-0.0,0.0,0.04,27.11,Mov00
-0.57,0.04,8.88,-0.0,0.0,0.04,27.11,Mov00
-0.56,0.04,8.89,-0.0,0.0,0.04,27.11,Mov00
-0.57,0.04,8.89,-0.0,0.0,0.04,27.11,Mov00
-0.57,0.04,8.89,-0.0,0.0,0.04,27.11,Mov00
-0.57,0.04,8.88,-0.0,0.0,0.04,27.11,Mov00
-0.56,0.03,8.9,-0.0,0.0,0.04,27.11,Mov00
-0.56,0.03,8.9,-0.0,0.0,0.04,27.1,Mov00
-0.56,0.04,8.9,-0.0,0.0,0.04,27.11,Mov00
-0.57,0.05,8.89,-0.0,0.0,0.04,27.1,Mov00
-0.56,0.05,8.89,-0.0,0.0,0.04,27.11,Mov00
-0.57,0.05,8.9,-0.0,0.0,0.04,27.1,Mov00
-0.57,0.05,8.9,-0.0,0.0,0.04,27.1,Mov00
-0.57,0.06,8.9,-0.0,0.0,0.04,27.11,Mov00
-0.57,0.06,8.89,-0.0,0.0,0.04,27.11,Mov00
-0.56,0.06,8.89,-0.0,0.0,0.04,27.1,Mov00
-0.57,0.06,8.89,-0.0,0.0,0.04,27.11,Mov00
-0.56,0.05,8.89,-0.0,0.0,0.04,27.11,Mov00
-0.57,0.06,8.88,-0.0,0.0,0.04,27.11,Mov00
-0.56,0.05,8.89,-0.0,0.0,0.04,27.1,Mov00
-0.56,0.05,8.89,-0.0,0.0,0.04,27.1,Mov00
-0.56,0.05,8.89,-0.0,0.0,0.04,27.1,Mov00
-0.57,0.05,8.89,-0.0,0.0,0.04,27.11,Mov00
-0.57,0.05,8.9,-0.0,0.0,0.04,27.11,Mov00
-0.57,0.05,8.9,-0.0,0.0,0.04,27.11,Mov00
-0.56,0.05,8.89,-0.0,0.0,0.04,27.11,Mov00
-0.56,0.04,8.89,-0.0,0.0,0.04,27.12,Mov00
-0.56,0.04,8.89,-0.0,0.0,0.04,27.11,Mov00
-0.56,0.04,8.89,-0.0,0.0,0.04,27.11,Mov00
-0.56,0.04,8.89,-0.0,0.0,0.04,27.11,Mov00
-0.56,0.03,8.89,-0.0,0.0,0.04,27.1,Mov00
-0.56,0.03,8.88,-0.0,0.0,0.04,27.11,Mov00
-0.56,0.04,8.89,-0.0,0.0,0.04,27.11,Mov00
-0.57,0.04,8.9,-0.0,0.0,0.04,27.1,Mov00
-0.58,0.04,8.89,-0.0,0.0,0.04,27.11,Mov00
-0.58,0.04,8.88,-0.0,0.0,0.04,27.1,Mov00
-0.57,0.05,8.88,-0.0,0.0,0.04,27.11,Mov00
-0.57,0.05,8.9,-0.0,0.0,0.04,27.11,Mov00
-0.56,0.05,8.89,-0.0,0.0,0.04,27.11,Mov00
-0.56,0.05,8.89,-0.0,0.0,0.04,27.11,Mov00
-0.56,0.05,8.89,-0.0,0.0,0.04,27.1,Mov00
-0.56,0.05,8.89,-0.0,0.0,0.04,27.1,Mov00
-0.56,0.05,8.87,-0.0,0.0,0.04,27.1,Mov00
-0.57,0.05,8.88,-0.0,0.0,0.04,27.1,Mov00
-0.57,0.05,8.88,-0.0,0.0,0.04,27.11,Mov00
-0.57,0.05,8.89,-0.0,0.0,0.04,27.1,Mov00
-0.58,0.05,8.89,-0.0,0.0,0.04,27.1,Mov00
-0.58,0.04,8.88,-0.0,0.0,0.04,27.1,Mov00
-0.57,0.04,8.89,-0.0,0.0,0.04,27.1,Mov00
-0.57,0.04,8.89,-0.0,0.0,0.03,27.1,Mov00
-0.57,0.04,8.89,-0.0,0.0,0.03,27.1,Mov00
-0.57,0.04,8.89,-0.0,0.0,0.03,27.1,Mov00
-0.57,0.03,8.89,-0.0,0.0,0.03,27.1,Mov00
-0.58,0.04,8.89,-0.0,0.0,0.04,27.11,Mov00
-0.57,0.04,8.89,-0.0,0.0,0.03,27.11,Mov00
-0.57,0.04,8.89,-0.0,0.0,0.03,27.11,Mov00
-0.56,0.04,8.89,-0.0,0.0,0.04,27.1,Mov00
-0.57,0.05,8.89,-0.0,0.0,0.04,27.1,Mov00
-0.57,0.05,8.88,-0.0,0.0,0.04,27.1,Mov00
-0.57,0.04,8.88,-0.0,0.0,0.04,27.1,Mov00
-0.57,0.04,8.89,-0.0,0.0,0.04,27.1,Mov00
-0.57,0.04,8.88,-0.0,0.0,0.04,27.11,Mov00
-0.57,0.05,8.89,-0.0,0.0,0.04,27.11,Mov00
-0.57,0.05,8.9,-0.0,0.0,0.04,27.1,Mov00
-0.57,0.05,8.89,-0.0,0.0,0.04,27.1,Mov00
-0.56,0.04,8.9,-0.0,0.0,0.04,27.1,Mov00
-0.56,0.05,8.9,-0.0,0.0,0.04,27.1,Mov00
-0.56,0.04,8.9,-0.0,0.0,0.04,27.1,Mov00
-0.56,0.04,8.9,-0.0,0.0,0.04,27.1,Mov00
-0.57,0.04,8.9,-0.0,0.0,0.04,27.1,Mov00
-0.57,0.05,8.9,-0.0,0.0,0.04,27.09,Mov00
-0.57,0.04,8.9,-0.0,0.0,0.04,27.1,Mov00
-0.57,0.04,8.89,-0.0,0.0,0.04,27.11,Mov00
-0.56,0.04,8.89,-0.0,0.0,0.04,27.11,Mov00
-0.56,0.05,8.89,-0.0,0.0,0.04,27.1,Mov00
-0.57,0.05,8.89,-0.0,0.0,0.04,27.1,Mov00
-0.57,0.05,8.89,-0.0,0.0,0.04,27.1,Mov00
-0.57,0.05,8.9,-0.0,0.0,0.04,27.1,Mov00
-0.56,0.05,8.89,-0.0,0.0,0.04,27.1,Mov00
-0.56,0.05,8.89,-0.0,0.0,0.04,27.11,Mov00
-0.56,0.04,8.89,-0.0,0.0,0.04,27.1,Mov00
-0.57,0.05,8.89,-0.0,0.0,0.04,27.11,Mov00
-0.57,0.05,8.89,-0.0,0.0,0.04,27.11,Mov00
-0.57,0.06,8.89,-0.0,0.0,0.04,27.11,Mov00
-0.57,0.05,8.89,-0.0,0.0,0.04,27.11,Mov00
-0.57,0.06,8.89,-0.0,0.0,0.04,27.11,Mov00
-0.57,0.05,8.88,-0.0,0.0,0.04,27.11,Mov00
-0.56,0.04,8.88,-0.0,0.0,0.04,27.11,Mov00
-0.56,0.04,8.88,-0.0,0.0,0.04,27.1,Mov00
-0.56,0.05,8.88,-0.0,0.0,0.04,27.1,Mov00
-0.57,0.05,8.88,-0.0,0.0,0.04,27.11,Mov00
-0.57,0.05,8.88,-0.0,0.0,0.04,27.12,Mov00
-0.57,0.06,8.88,-0.0,0.0,0.04,27.11,Mov00
-0.57,0.05,8.88,-0.0,0.0,0.04,27.1,Mov00
-0.57,0.05,8.88,-0.0,0.0,0.04,27.1,Mov00
-0.58,0.05,8.88,-0.0,0.0,0.04,27.1,Mov00
-0.58,0.05,8.88,-0.0,0.0,0.04,27.1,Mov00
-0.57,0.05,8.88,-0.0,0.0,0.04,27.1,Mov00
-0.57,0.04,8.89,-0.0,0.0,0.04,27.1,Mov00
-0.58,0.04,8.88,-0.0,0.0,0.04,27.1,Mov00
-0.58,0.05,8.89,-0.0,0.0,0.04,27.1,Mov00
-0.57,0.05,8.89,-0.0,0.0,0.04,27.1,Mov00
-0.56,0.05,8.89,-0.0,0.0,0.04,27.11,Mov00
-0.57,0.05,8.89,-0.0,0.0,0.04,27.1,Mov00
-0.57,0.05,8.89,-0.0,0.0,0.04,27.1,Mov00
-0.56,0.05,8.88,-0.0,0.0,0.04,27.1,Mov00
-0.55,0.05,8.88,-0.0,0.0,0.04,27.1,Mov00
-0.56,0.05,8.89,-0.0,0.0,0.04,27.1,Mov00
-0.56,0.05,8.89,-0.0,0.0,0.04,27.09,Mov00
-0.57,0.05,8.9,-0.0,0.0,0.04,27.1,Mov00
-0.57,0.05,8.89,-0.0,0.0,0.03,27.1,Mov00
-0.57,0.04,8.89,-0.0,0.0,0.03,27.1,Mov00
-0.57,0.04,8.9,-0.0,0.0,0.04,27.09,Mov00
-0.57,0.04,8.89,-0.0,0.0,0.04,27.1,Mov00
-0.57,0.05,8.9,-0.0,0.0,0.04,27.1,Mov00
-0.57,0.05,8.9,-0.0,0.0,0.04,27.1,Mov00
-0.57,0.05,8.9,-0.0,0.0,0.04,27.1,Mov00
-0.57,0.05,8.88,-0.0,0.0,0.04,27.11,Mov00
-0.57,0.05,8.88,-0.0,0.0,0.04,27.1,Mov00
-0.57,0.05,8.9,-0.0,0.0,0.04,27.1,Mov00
-0.57,0.05,8.9,-0.0,0.0,0.04,27.09,Mov00
-0.57,0.06,8.89,-0.0,0.0,0.04,27.09,Mov00
-0.57,0.05,8.9,-0.0,0.0,0.04,27.09,Mov00
-0.58,0.05,8.89,-0.0,0.0,0.04,27.1,Mov00
-0.57,0.05,8.89,-0.0,0.0,0.04,27.1,Mov00
-0.58,0.06,8.9,-0.0,0.0,0.04,27.1,Mov00
-0.57,0.05,8.9,-0.0,0.0,0.04,27.1,Mov00
-0.58,0.05,8.9,-0.0,0.0,0.04,27.1,Mov00
-0.57,0.05,8.9,-0.0,0.0,0.04,27.1,Mov00
-0.57,0.04,8.9,-0.0,0.0,0.04,27.1,Mov00
-0.57,0.04,8.9,-0.0,0.0,0.04,27.1,Mov00
-0.57,0.05,8.89,-0.0,0.0,0.04,27.1,Mov00
-0.57,0.04,8.89,-0.0,0.0,0.04,27.09,Mov00
-0.57,0.04,8.89,-0.0,0.0,0.04,27.09,Mov00
-0.57,0.05,8.89,-0.0,0.0,0.04,27.1,Mov00
-0.57,0.05,8.88,-0.0,0.0,0.04,27.09,Mov00
-0.57,0.05,8.89,-0.0,0.0,0.04,27.09,Mov00
-0.57,0.05,8.9,-0.0,0.0,0.04,27.1,Mov00
-0.58,0.04,8.88,-0.0,0.0,0.04,27.1,Mov00
-0.57,0.04,8.88,-0.0,0.0,0.04,27.09,Mov00
-0.57,0.04,8.88,-0.0,0.0,0.04,27.1,Mov00
-0.57,0.04,8.88,-0.0,0.0,0.04,27.1,Mov00
-0.57,0.05,8.88,-0.0,0.0,0.04,27.1,Mov00
-0.57,0.05,8.89,-0.0,0.0,0.04,27.1,Mov00
-0.57,0.05,8.89,-0.0,0.0,0.04,27.09,Mov00
-0.57,0.05,8.89,-0.0,0.0,0.04,27.09,Mov00
-0.57,0.05,8.88,-0.0,0.0,0.04,27.09,Mov00
-0.57,0.05,8.87,-0.0,0.0,0.04,27.09,Mov00
-0.56,0.04,8.88,-0.0,0.0,0.04,27.09,Mov00
-0.56,0.04,8.87,-0.0,0.0,0.04,27.09,Mov00
-0.56,0.04,8.87,-0.0,0.0,0.04,27.09,Mov00
-0.57,0.04,8.88,-0.0,0.0,0.04,27.1,Mov00
-0.56,0.03,8.88,-0.0,0.0,0.04,27.09,Mov00
-0.56,0.04,8.88,-0.0,0.0,0.04,27.1,Mov00
-0.57,0.04,8.88,-0.0,0.0,0.04,27.1,Mov00
-0.57,0.04,8.88,-0.0,0.0,0.04,27.1,Mov00
-0.56,0.04,8.89,-0.0,0.0,0.04,27.09,Mov00
-0.56,0.04,8.89,-0.0,0.0,0.04,27.09,Mov00
-0.56,0.04,8.89,-0.0,0.0,0.04,27.1,Mov00
-0.56,0.04,8.89,-0.0,0.0,0.04,27.1,Mov00
-0.57,0.04,8.88,-0.0,0.0,0.04,27.11,Mov00
-0.57,0.04,8.89,-0.0,0.0,0.04,27.1,Mov00
-0.57,0.05,8.88,-0.0,0.0,0.04,27.11,Mov00
-0.57,0.05,8.86,-0.0,0.0,0.04,27.11,Mov00
-0.57,0.04,8.87,-0.0,0.0,0.04,27.1,Mov00
-0.57,0.04,8.88,-0.0,0.0,0.04,27.09,Mov00
-0.57,0.05,8.89,-0.0,0.0,0.04,27.09,Mov00
-0.57,0.05,8.89,-0.0,0.0,0.04,27.09,Mov00
-0.57,0.05,8.88,-0.0,0.0,0.04,27.09,Mov00
-0.57,0.05,8.88,-0.0,0.0,0.03,27.09,Mov00
-0.57,0.05,8.88,-0.0,0.0,0.03,27.09,Mov00
-0.58,0.05,8.89,-0.0,0.0,0.03,27.09,Mov00
-0.57,0.06,8.9,-0.0,0.0,0.03,27.09,Mov00
-0.57,0.05,8.89,-0.0,0.0,0.03,27.09,Mov00
-0.57,0.06,8.9,-0.0,0.0,0.04,27.09,Mov00
-0.57,0.05,8.9,-0.0,0.0,0.04,27.09,Mov00
-0.57,0.05,8.89,-0.0,0.0,0.04,27.09,Mov00
-0.57,0.04,8.89,-0.0,0.0,0.04,27.09,Mov00
-0.57,0.04,8.88,-0.0,0.0,0.04,27.09,Mov00
-0.57,0.04,8.88,-0.0,0.0,0.04,27.09,Mov00
-0.57,0.04,8.89,-0.0,0.0,0.04,27.09,Mov00
-0.57,0.05,8.89,-0.0,0.0,0.04,27.08,Mov00
-0.57,0.04,8.9,-0.0,0.0,0.04,27.09,Mov00
-0.57,0.04,8.9,-0.0,0.0,0.04,27.09,Mov00
-0.57,0.03,8.89,-0.0,0.0,0.04,27.09,Mov00
-0.56,0.04,8.89,-0.0,0.0,0.04,27.09,Mov00
-0.57,0.04,8.88,-0.0,0.0,0.04,27.1,Mov00
-0.58,0.05,8.88,-0.0,0.0,0.04,27.1,Mov00
-0.57,0.04,8.88,-0.0,0.0,0.04,27.09,Mov00
-0.57,0.04,8.89,-0.0,0.0,0.04,27.09,Mov00
-0.56,0.04,8.88,-0.0,0.0,0.04,27.09,Mov00
-0.56,0.05,8.89,-0.0,0.0,0.04,27.1,Mov00
-0.56,0.05,8.9,-0.0,0.0,0.04,27.1,Mov00
-0.56,0.04,8.91,-0.0,0.0,0.04,27.1,Mov00
-0.56,0.03,8.9,-0.0,0.0,0.04,27.1,Mov00
-0.56,0.04,8.9,-0.0,0.0,0.04,27.1,Mov00
-0.56,0.04,8.91,-0.0,0.0,0.04,27.1,Mov00
-0.57,0.04,8.9,-0.0,0.0,0.04,27.09,Mov00
-0.57,0.04,8.89,-0.0,0.0,0.04,27.09,Mov00
-0.57,0.04,8.89,-0.0,0.0,0.04,27.09,Mov00
-0.57,0.04,8.89,-0.0,0.0,0.04,27.1,Mov00
-0.57,0.04,8.89,-0.0,0.0,0.04,27.1,Mov00
-0.57,0.05,8.89,-0.0,0.0,0.04,27.1,Mov00
-0.57,0.04,8.89,-0.0,0.0,0.04,27.1,Mov00
-0.57,0.05,8.9,-0.0,0.0,0.04,27.09,Mov00
-0.56,0.05,8.91,-0.0,0.0,0.04,27.09,Mov00
-0.57,0.04,8.9,-0.0,0.0,0.04,27.09,Mov00
-0.56,0.04,8.9,-0.0,0.0,0.04,27.08,Mov00
-0.56,0.04,8.89,-0.0,0.0,0.04,27.09,Mov00
-0.56,0.04,8.89,-0.0,0.0,0.04,27.09,Mov00
-0.55,0.04,8.89,-0.0,0.0,0.04,27.09,Mov00
-0.56,0.04,8.88,-0.0,0.0,0.04,27.09,Mov00
-0.57,0.03,8.88,-0.0,0.0,0.04,27.09,Mov00
-0.57,0.05,8.88,-0.0,0.0,0.04,27.09,Mov00
-0.57,0.04,8.88,-0.0,0.0,0.04,27.09,Mov00
-0.57,0.04,8.88,-0.0,0.0,0.04,27.09,Mov00
-0.56,0.05,8.87,-0.0,0.0,0.04,27.09,Mov00
-0.57,0.05,8.88,-0.0,0.0,0.04,27.09,Mov00
-0.56,0.05,8.89,-0.0,0.0,0.04,27.09,Mov00
-0.57,0.04,8.88,-0.0,0.0,0.04,27.1,Mov00
-0.57,0.04,8.87,-0.0,0.0,0.04,27.1,Mov00
-0.57,0.03,8.87,-0.0,0.0,0.04,27.1,Mov00
-0.57,0.05,8.87,-0.0,0.0,0.04,27.09,Mov00
-0.57,0.05,8.88,-0.0,0.0,0.04,27.09,Mov00
-0.57,0.05,8.88,-0.0,0.0,0.04,27.09,Mov00
-0.58,0.05,8.88,-0.0,0.0,0.04,27.1,Mov00
-0.57,0.05,8.89,-0.0,0.0,0.04,27.09,Mov00
-0.57,0.05,8.9,-0.0,0.0,0.04,27.09,Mov00
-0.56,0.05,8.9,-0.0,0.0,0.04,27.09,Mov00
-0.57,0.04,8.9,-0.0,0.0,0.04,27.09,Mov00
-0.56,0.04,8.91,-0.0,0.0,0.04,27.09,Mov00
-0.56,0.04,8.9,-0.0,0.0,0.04,27.09,Mov00
-0.56,0.04,8.89,-0.0,0.0,0.04,27.09,Mov00
-0.57,0.04,8.89,-0.0,0.0,0.04,27.09,Mov00
-0.57,0.05,8.9,-0.0,0.0,0.04,27.1,Mov00
-0.57,0.05,8.89,-0.0,0.0,0.04,27.1,Mov00
-0.57,0.05,8.89,-0.0,0.0,0.04,27.1,Mov00
-0.57,0.05,8.9,-0.0,0.0,0.04,27.09,Mov00
-0.56,0.05,8.89,-0.0,0.0,0.04,27.09,Mov00
-0.56,0.05,8.89,-0.0,0.0,0.04,27.09,Mov00
-0.56,0.05,8.89,-0.0,0.0,0.04,27.09,Mov00
-0.57,0.05,8.9,-0.0,0.0,0.04,27.09,Mov00
-0.57,0.05,8.89,-0.0,0.0,0.04,27.09,Mov00
-0.57,0.06,8.89,-0.0,0.0,0.04,27.09,Mov00
-0.57,0.05,8.89,-0.0,0.0,0.04,27.09,Mov00
-0.56,0.05,8.9,-0.0,0.0,0.04,27.09,Mov00
-0.56,0.05,8.89,-0.0,0.0,0.04,27.09,Mov00
-0.56,0.05,8.88,-0.0,0.0,0.04,27.09,Mov00
-0.56,0.05,8.89,-0.0,0.0,0.04,27.09,Mov00
-0.56,0.05,8.89,-0.0,0.0,0.04,27.08,Mov00
-0.57,0.04,8.9,-0.0,0.0,0.04,27.09,Mov00
-0.57,0.05,8.9,-0.0,0.0,0.04,27.09,Mov00
-0.56,0.04,8.89,-0.0,0.0,0.04,27.09,Mov00
-0.56,0.04,8.89,-0.0,0.0,0.04,27.09,Mov00
-0.56,0.04,8.88,-0.0,0.0,0.04,27.08,Mov00
-0.56,0.04,8.89,-0.0,0.0,0.04,27.08,Mov00
-0.57,0.05,8.89,-0.0,0.0,0.04,27.07,Mov00
-0.57,0.04,8.89,-0.0,0.0,0.04,27.07,Mov00
-0.57,0.04,8.89,-0.0,0.0,0.04,27.07,Mov00
-0.57,0.05,8.9,-0.0,0.0,0.04,27.08,Mov00
-0.57,0.06,8.9,-0.0,0.0,0.04,27.08,Mov00
-0.57,0.05,8.9,-0.0,0.0,0.04,27.08,Mov00
-0.58,0.05,8.89,-0.0,0.0,0.04,27.08,Mov00
-0.58,0.04,8.88,-0.0,0.0,0.04,27.08,Mov00
-0.58,0.04,8.88,-0.0,0.0,0.04,27.08,Mov00
-0.57,0.04,8.88,-0.0,0.0,0.04,27.08,Mov00
-0.57,0.04,8.88,-0.0,0.0,0.03,27.08,Mov00
-0.57,0.05,8.88,-0.0,0.0,0.03,27.08,Mov00
-0.57,0.04,8.87,-0.0,0.0,0.03,27.07,Mov00
-0.57,0.04,8.88,-0.0,0.0,0.03,27.07,Mov00
-0.57,0.04,8.87,-0.0,0.0,0.04,27.09,Mov00
-0.57,0.05,8.88,-0.0,0.0,0.04,27.08,Mov00
-0.57,0.05,8.88,-0.0,0.0,0.04,27.08,Mov00
-0.57,0.05,8.88,-0.0,0.0,0.04,27.08,Mov00
-0.57,0.05,8.88,-0.0,0.0,0.04,27.09,Mov00
-0.57,0.05,8.88,-0.0,0.0,0.04,27.09,Mov00
-0.57,0.05,8.89,-0.0,0.0,0.04,27.09,Mov00
-0.56,0.05,8.89,-0.0,0.0,0.04,27.09,Mov00
-0.56,0.05,8.91,-0.0,0.0,0.04,27.09,Mov00
-0.57,0.05,8.91,-0.0,0.0,0.04,27.08,Mov00
-0.56,0.04,8.9,-0.0,0.0,0.04,27.08,Mov00
-0.56,0.05,8.9,-0.0,0.0,0.04,27.08,Mov00
-0.57,0.05,8.89,-0.0,0.0,0.04,27.07,Mov00
-0.57,0.04,8.89,-0.0,0.0,0.04,27.08,Mov00
-0.57,0.05,8.9,-0.0,0.0,0.04,27.08,Mov00
-0.57,0.05,8.9,-0.0,0.0,0.04,27.08,Mov00
-0.57,0.05,8.89,-0.0,0.0,0.04,27.08,Mov00
-0.57,0.05,8.88,-0.0,0.0,0.04,27.08,Mov00
-0.57,0.05,8.88,-0.0,0.0,0.04,27.08,Mov00
-0.57,0.05,8.88,-0.0,0.0,0.04,27.08,Mov00
-0.57,0.04,8.89,-0.0,0.0,0.04,27.08,Mov00
-0.57,0.04,8.89,-0.0,0.0,0.04,27.08,Mov00
-0.57,0.05,8.89,-0.0,0.0,0.04,27.08,Mov00
-0.57,0.05,8.89,-0.0,0.0,0.04,27.08,Mov00
-0.57,0.05,8.88,-0.0,0.0,0.04,27.08,Mov00
-0.57,0.05,8.88,-0.0,0.0,0.04,27.08,Mov00
-0.57,0.05,8.88,-0.0,0.0,0.04,27.09,Mov00
-0.57,0.04,8.88,-0.0,0.0,0.04,27.09,Mov00
-0.57,0.04,8.89,-0.0,0.0,0.04,27.09,Mov00
-0.57,0.04,8.9,-0.0,0.0,0.04,27.09,Mov00
-0.57,0.05,8.9,-0.0,0.0,0.04,27.09,Mov00
-0.57,0.05,8.89,-0.0,0.0,0.04,27.09,Mov00
-0.57,0.06,8.9,-0.0,0.0,0.04,27.09,Mov00
-0.57,0.06,8.89,-0.0,0.0,0.04,27.09,Mov00
-0.57,0.05,8.88,-0.0,0.0,0.04,27.09,Mov00
-0.57,0.05,8.88,-0.0,0.0,0.04,27.09,Mov00
-0.56,0.05,8.87,-0.0,0.0,0.04,27.09,Mov00
-0.56,0.05,8.87,-0.0,0.0,0.04,27.08,Mov00
-0.56,0.04,8.89,-0.0,0.0,0.04,27.08,Mov00
-0.56,0.04,8.9,-0.0,0.0,0.04,27.09,Mov00
-0.55,0.04,8.91,-0.0,0.0,0.04,27.09,Mov00
-0.56,0.04,8.9,-0.0,0.0,0.04,27.09,Mov00
-0.56,0.04,8.88,-0.0,0.0,0.04,27.09,Mov00
-0.57,0.05,8.87,-0.0,0.0,0.04,27.08,Mov00
-0.57,0.05,8.89,-0.0,0.0,0.04,27.09,Mov00
-0.57,0.04,8.88,-0.0,0.0,0.04,27.09,Mov00
-0.57,0.05,8.89,-0.0,0.0,0.04,27.09,Mov00
-0.57,0.04,8.89,-0.0,0.0,0.04,27.09,Mov00
-0.56,0.05,8.89,-0.0,0.0,0.04,27.09,Mov00
-0.56,0.05,8.88,-0.0,0.0,0.04,27.09,Mov00
-0.57,0.05,8.88,-0.0,0.0,0.04,27.08,Mov00
-0.58,0.05,8.89,-0.0,0.0,0.04,27.08,Mov00
-0.57,0.05,8.88,-0.0,0.0,0.04,27.09,Mov00
-0.57,0.05,8.89,-0.0,0.0,0.04,27.09,Mov00
-0.57,0.05,8.88,-0.0,0.0,0.04,27.09,Mov00
-0.57,0.04,8.89,-0.0,0.0,0.04,27.09,Mov00
-0.57,0.04,8.88,-0.0,0.0,0.04,27.09,Mov00
-0.58,0.04,8.89,-0.0,0.0,0.04,27.09,Mov00
-0.58,0.04,8.89,-0.0,0.0,0.04,27.09,Mov00
-0.57,0.04,8.88,-0.0,0.0,0.04,27.09,Mov00
-0.57,0.04,8.88,-0.0,0.0,0.04,27.09,Mov00
-0.56,0.04,8.88,-0.0,0.0,0.04,27.09,Mov00
-0.56,0.05,8.87,-0.0,0.0,0.04,27.09,Mov00
-0.57,0.05,8.88,-0.0,0.0,0.04,27.09,Mov00
-0.56,0.05,8.88,-0.0,0.0,0.04,27.09,Mov00
-0.57,0.05,8.88,-0.0,0.0,0.04,27.09,Mov00
-0.56,0.05,8.88,-0.0,0.0,0.04,27.09,Mov00
-0.57,0.05,8.88,-0.0,0.0,0.04,27.09,Mov00
-0.57,0.04,8.88,-0.0,0.0,0.04,27.09,Mov00
-0.56,0.04,8.89,-0.0,0.0,0.04,27.09,Mov00
-0.57,0.05,8.9,-0.0,0.0,0.04,27.09,Mov00
-0.57,0.04,8.9,-0.0,0.0,0.04,27.09,Mov00
-0.57,0.04,8.9,-0.0,0.0,0.04,27.09,Mov00
-0.57,0.03,8.91,-0.0,0.0,0.04,27.09,Mov00
-0.57,0.03,8.89,-0.0,0.0,0.04,27.09,Mov00
-0.57,0.04,8.89,-0.0,0.0,0.04,27.09,Mov00
-0.57,0.03,8.89,-0.0,0.0,0.04,27.09,Mov00
-0.57,0.03,8.89,-0.0,0.0,0.04,27.09,Mov00
-0.57,0.04,8.9,-0.0,0.0,0.04,27.09,Mov00
-0.57,0.04,8.89,-0.0,0.0,0.04,27.08,Mov00
-0.57,0.05,8.89,-0.0,0.0,0.04,27.08,Mov00
-0.57,0.05,8.9,-0.0,0.0,0.04,27.09,Mov00
-0.57,0.05,8.91,-0.0,0.0,0.04,27.09,Mov00
-0.57,0.05,8.9,-0.0,0.0,0.04,27.09,Mov00
-0.57,0.06,8.9,-0.0,0.0,0.04,27.09,Mov00
-0.56,0.06,8.9,-0.0,0.0,0.04,27.09,Mov00
-0.56,0.05,8.88,-0.0,0.0,0.04,27.09,Mov00
-0.55,0.05,8.89,-0.0,0.0,0.04,27.09,Mov00
-0.55,0.05,8.9,-0.0,0.0,0.04,27.08,Mov00
-0.56,0.05,8.89,-0.0,0.0,0.04,27.09,Mov00
-0.56,0.04,8.9,-0.0,0.0,0.04,27.09,Mov00
-0.57,0.05,8.89,-0.0,0.0,0.04,27.09,Mov00
-0.57,0.04,8.89,-0.0,0.0,0.04,27.09,Mov00
-0.57,0.05,8.88,-0.0,0.0,0.04,27.09,Mov00
-0.56,0.05,8.89,-0.0,0.0,0.04,27.09,Mov00
-0.57,0.04,8.89,-0.0,0.0,0.04,27.09,Mov00
-0.57,0.04,8.9,-0.0,0.0,0.04,27.09,Mov00
-0.57,0.04,8.9,-0.0,0.0,0.04,27.08,Mov00
-0.57,0.04,8.89,-0.0,0.0,0.04,27.08,Mov00
-0.57,0.04,8.89,-0.0,0.0,0.04,27.08,Mov00
-0.57,0.05,8.88,-0.0,0.0,0.04,27.08,Mov00
-0.57,0.05,8.89,-0.0,0.0,0.04,27.09,Mov00
-0.57,0.05,8.89,-0.0,0.0,0.04,27.08,Mov00
-0.57,0.05,8.89,-0.0,0.0,0.04,27.09,Mov00
-0.57,0.05,8.89,-0.0,0.0,0.03,27.08,Mov00
-0.57,0.06,8.89,-0.0,0.0,0.04,27.09,Mov00
-0.57,0.05,8.89,-0.0,0.0,0.04,27.09,Mov00
-0.57,0.04,8.89,-0.0,0.0,0.04,27.09,Mov00
-0.57,0.04,8.89,-0.0,0.0,0.04,27.08,Mov00
-0.57,0.04,8.89,-0.0,0.0,0.04,27.08,Mov00
-0.56,0.03,8.88,-0.0,0.0,0.04,27.09,Mov00
-0.56,0.05,8.89,-0.0,0.0,0.04,27.09,Mov00
-0.57,0.04,8.88,-0.0,0.0,0.04,27.09,Mov00
-0.57,0.05,8.88,-0.0,0.0,0.04,27.08,Mov00
-0.57,0.05,8.89,-0.0,0.0,0.04,27.09,Mov00
-0.58,0.05,8.89,-0.0,0.0,0.04,27.08,Mov00
-0.57,0.05,8.9,-0.0,0.0,0.04,27.09,Mov00
-0.57,0.06,8.89,-0.0,0.0,0.04,27.09,Mov00
-0.57,0.05,8.89,-0.0,0.0,0.04,27.09,Mov00
-0.57,0.05,8.88,-0.0,0.0,0.04,27.09,Mov00
-0.57,0.05,8.88,-0.0,0.0,0.04,27.08,Mov00
-0.57,0.05,8.89,-0.0,0.0,0.04,27.08,Mov00
-0.57,0.06,8.89,-0.0,0.0,0.04,27.08,Mov00
-0.57,0.05,8.88,-0.0,0.0,0.04,27.08,Mov00
-0.57,0.05,8.89,-0.0,0.0,0.04,27.08,Mov00
-0.57,0.06,8.89,-0.0,0.0,0.04,27.07,Mov00
-0.57,0.06,8.89,-0.0,0.0,0.04,27.07,Mov00
-0.57,0.05,8.9,-0.0,0.0,0.04,27.08,Mov00
-0.57,0.04,8.89,-0.0,0.0,0.04,27.08,Mov00
-0.56,0.04,8.89,-0.0,0.0,0.04,27.08,Mov00
-0.56,0.04,8.89,-0.0,0.0,0.04,27.08,Mov00
-0.56,0.04,8.9,-0.0,0.0,0.04,27.08,Mov00
-0.57,0.05,8.91,-0.0,0.0,0.04,27.08,Mov00
-0.56,0.04,8.9,-0.0,0.0,0.04,27.08,Mov00
-0.56,0.05,8.9,-0.0,0.0,0.04,27.08,Mov00
-0.57,0.05,8.89,-0.0,0.0,0.04,27.08,Mov00
-0.57,0.05,8.88,-0.0,0.0,0.04,27.08,Mov00
-0.56,0.05,8.89,-0.0,0.0,0.04,27.08,Mov00
-0.56,0.05,8.88,-0.0,0.0,0.04,27.08,Mov00
-0.56,0.05,8.88,-0.0,0.0,0.04,27.08,Mov00
-0.56,0.05,8.89,-0.0,0.0,0.04,27.08,Mov00
-0.57,0.05,8.89,-0.0,0.0,0.04,27.08,Mov00
-0.57,0.05,8.88,-0.0,0.0,0.04,27.08,Mov00
-0.57,0.06,8.88,-0.0,0.0,0.04,27.08,Mov00
-0.57,0.05,8.88,-0.0,0.0,0.04,27.07,Mov00
-0.57,0.05,8.87,-0.0,0.0,0.04,27.07,Mov00
-0.57,0.05,8.87,-0.0,0.0,0.04,27.07,Mov00
-0.56,0.05,8.88,-0.0,0.0,0.04,27.07,Mov00
-0.57,0.05,8.88,-0.0,0.0,0.04,27.07,Mov00
-0.57,0.05,8.89,-0.0,0.0,0.04,27.08,Mov00
-0.57,0.04,8.9,-0.0,0.0,0.04,27.08,Mov00
-0.57,0.04,8.9,-0.0,0.0,0.04,27.07,Mov00
-0.57,0.04,8.89,-0.0,0.0,0.04,27.07,Mov00
-0.57,0.05,8.88,-0.0,0.0,0.04,27.07,Mov00
-0.57,0.04,8.87,-0.0,0.0,0.04,27.07,Mov00
-0.58,0.04,8.87,-0.0,0.0,0.04,27.07,Mov00
-0.58,0.04,8.87,-0.0,0.0,0.04,27.08,Mov00
-0.57,0.04,8.88,-0.0,0.0,0.04,27.08,Mov00
-0.57,0.04,8.88,-0.0,0.0,0.04,27.08,Mov00
-0.57,0.05,8.88,-0.0,0.0,0.04,27.08,Mov00
-0.56,0.05,8.88,-0.0,0.0,0.04,27.08,Mov00
-0.57,0.04,8.89,-0.0,0.0,0.04,27.08,Mov00
-0.57,0.04,8.89,-0.0,0.0,0.04,27.08,Mov00
-0.57,0.04,8.89,-0.0,0.0,0.04,27.08,Mov00
-0.57,0.05,8.88,-0.0,0.0,0.04,27.08,Mov00
-0.57,0.04,8.89,-0.0,0.0,0.04,27.08,Mov00
-0.57,0.04,8.89,-0.0,0.0,0.04,27.08,Mov00
-0.57,0.04,8.89,-0.0,0.0,0.04,27.07,Mov00
-0.57,0.03,8.88,-0.0,0.0,0.04,27.07,Mov00
-0.57,0.03,8.89,-0.0,0.0,0.04,27.07,Mov00
-0.56,0.04,8.9,-0.0,0.0,0.04,27.07,Mov00
-0.56,0.04,8.9,-0.0,0.0,0.04,27.07,Mov00
-0.57,0.04,8.89,-0.0,0.0,0.04,27.08,Mov00
-0.57,0.04,8.88,-0.0,0.0,0.04,27.07,Mov00
-0.58,0.04,8.89,-0.0,0.0,0.04,27.07,Mov00
-0.57,0.04,8.89,-0.0,0.0,0.04,27.07,Mov00
-0.57,0.04,8.9,-0.0,0.0,0.04,27.07,Mov00
-0.56,0.05,8.9,-0.0,0.0,0.04,27.07,Mov00
-0.56,0.05,8.9,-0.0,0.0,0.04,27.07,Mov00
-0.57,0.05,8.9,-0.0,0.0,0.04,27.08,Mov00
-0.57,0.05,8.9,-0.0,0.0,0.03,27.07,Mov00
-0.57,0.05,8.9,-0.0,0.0,0.04,27.07,Mov00
-0.57,0.05,8.89,-0.0,0.0,0.04,27.07,Mov00
-0.57,0.05,8.9,-0.0,0.0,0.03,27.07,Mov00
-0.57,0.05,8.89,-0.0,0.0,0.03,27.07,Mov00
-0.57,0.04,8.88,-0.0,0.0,0.03,27.07,Mov00
-0.56,0.04,8.88,-0.0,0.0,0.04,27.07,Mov00
-0.56,0.04,8.9,-0.0,0.0,0.04,27.07,Mov00
-0.57,0.04,8.89,-0.0,0.0,0.04,27.07,Mov00
-0.57,0.05,8.89,-0.0,0.0,0.04,27.07,Mov00
-0.57,0.04,8.91,-0.0,0.0,0.04,27.07,Mov00
-0.57,0.05,8.9,-0.0,0.0,0.04,27.07,Mov00
-0.57,0.05,8.9,-0.0,0.0,0.04,27.07,Mov00
-0.57,0.04,8.9,-0.0,0.0,0.04,27.07,Mov00
-0.56,0.05,8.89,-0.0,0.0,0.04,27.07,Mov00
-0.56,0.04,8.88,-0.0,0.0,0.04,27.07,Mov00
-0.57,0.04,8.89,-0.0,0.0,0.04,27.07,Mov00
-0.56,0.04,8.89,-0.0,0.0,0.04,27.07,Mov00
-0.57,0.04,8.9,-0.0,0.0,0.04,27.07,Mov00
-0.57,0.04,8.89,-0.0,0.0,0.04,27.07,Mov00
-0.57,0.05,8.89,-0.0,0.0,0.04,27.07,Mov00
-0.57,0.05,8.89,-0.0,0.0,0.04,27.07,Mov00
-0.57,0.05,8.89,-0.0,0.0,0.04,27.07,Mov00
-0.56,0.05,8.89,-0.0,0.0,0.04,27.07,Mov00
-0.57,0.04,8.88,-0.0,0.0,0.03,27.07,Mov00
-0.56,0.04,8.88,-0.0,0.0,0.04,27.07,Mov00
-0.57,0.05,8.87,-0.0,0.0,0.04,27.07,Mov00
-0.57,0.05,8.87,-0.0,0.0,0.04,27.06,Mov00
-0.57,0.05,8.88,-0.0,0.0,0.04,27.06,Mov00
-0.57,0.05,8.89,-0.0,0.0,0.04,27.06,Mov00
-0.57,0.06,8.89,-0.0,0.0,0.04,27.06,Mov00
-0.56,0.05,8.89,-0.0,0.0,0.04,27.07,Mov00
-0.56,0.04,8.89,-0.0,0.0,0.04,27.07,Mov00
-0.57,0.05,8.89,-0.0,0.0,0.04,27.07,Mov00
-0.57,0.05,8.88,-0.0,0.0,0.04,27.07,Mov00
-0.57,0.05,8.88,-0.0,0.0,0.04,27.07,Mov00
-0.57,0.05,8.87,-0.0,0.0,0.04,27.07,Mov00
-0.57,0.05,8.88,-0.0,0.0,0.04,27.07,Mov00
-0.57,0.05,8.88,-0.0,0.0,0.04,27.07,Mov00
-0.56,0.05,8.88,-0.0,0.0,0.04,27.07,Mov00
-0.56,0.04,8.87,-0.0,0.0,0.04,27.07,Mov00
-0.56,0.05,8.88,-0.0,0.0,0.04,27.07,Mov00
-0.57,0.05,8.88,-0.0,0.0,0.04,27.06,Mov00
-0.58,0.05,8.9,-0.0,0.0,0.04,27.06,Mov00
-0.57,0.04,8.89,-0.0,0.0,0.04,27.06,Mov00
-0.57,0.04,8.87,-0.0,0.0,0.04,27.07,Mov00
-0.57,0.05,8.89,-0.0,0.0,0.04,27.06,Mov00
-0.57,0.05,8.89,-0.0,0.0,0.04,27.06,Mov00
-0.58,0.05,8.88,-0.0,0.0,0.04,27.06,Mov00
-0.59,0.05,8.88,-0.0,0.0,0.04,27.06,Mov00
-0.58,0.04,8.88,-0.0,0.0,0.04,27.07,Mov00
-0.58,0.04,8.88,-0.0,0.0,0.04,27.07,Mov00
-0.57,0.05,8.88,-0.0,0.0,0.04,27.07,Mov00
-0.57,0.04,8.88,-0.0,0.0,0.04,27.07,Mov00
-0.57,0.04,8.89,-0.0,0.0,0.04,27.07,Mov00
-0.56,0.04,8.89,-0.0,0.0,0.04,27.07,Mov00
-0.56,0.04,8.89,-0.0,0.0,0.04,27.07,Mov00
-0.57,0.05,8.9,-0.0,0.0,0.04,27.07,Mov00
-0.57,0.05,8.89,-0.0,0.0,0.04,27.07,Mov00
-0.57,0.05,8.89,-0.0,0.0,0.04,27.07,Mov00
-0.57,0.04,8.89,-0.0,0.0,0.04,27.07,Mov00
-0.57,0.04,8.89,-0.0,0.0,0.04,27.07,Mov00
-0.57,0.04,8.89,-0.0,0.0,0.04,27.06,Mov00
-0.57,0.04,8.88,-0.0,0.0,0.04,27.07,Mov00
-0.57,0.05,8.88,-0.0,0.0,0.04,27.06,Mov00
-0.57,0.05,8.88,-0.0,0.0,0.04,27.05,Mov00
-0.57,0.05,8.87,-0.0,0.0,0.03,27.06,Mov00
-0.57,0.04,8.88,-0.0,0.0,0.04,27.06,Mov00
-0.57,0.04,8.87,-0.0,0.0,0.04,27.06,Mov00
-0.57,0.04,8.88,-0.0,0.0,0.04,27.07,Mov00
-0.57,0.05,8.88,-0.0,0.0,0.04,27.06,Mov00
-0.57,0.05,8.87,-0.0,0.0,0.04,27.05,Mov00
-0.57,0.05,8.88,-0.0,0.0,0.04,27.06,Mov00
-0.57,0.04,8.88,-0.0,0.0,0.04,27.07,Mov00
-0.57,0.04,8.89,-0.0,0.0,0.04,27.07,Mov00
-0.56,0.04,8.89,-0.0,0.0,0.04,27.07,Mov00
-0.56,0.04,8.89,-0.0,0.0,0.04,27.07,Mov00
-0.57,0.04,8.89,-0.0,0.0,0.04,27.07,Mov00
-0.57,0.04,8.89,-0.0,0.0,0.04,27.07,Mov00
-0.57,0.04,8.88,-0.0,0.0,0.04,27.06,Mov00
-0.57,0.05,8.87,-0.0,0.0,0.04,27.06,Mov00
-0.57,0.04,8.89,-0.0,0.0,0.04,27.07,Mov00
-0.56,0.03,8.89,-0.0,0.0,0.04,27.07,Mov00
-0.56,0.04,8.89,-0.0,0.0,0.04,27.07,Mov00
-0.57,0.04,8.89,-0.0,0.0,0.04,27.07,Mov00
-0.56,0.05,8.89,-0.0,0.0,0.04,27.07,Mov00
-0.57,0.05,8.88,-0.0,0.0,0.04,27.07,Mov00
-0.57,0.05,8.89,-0.0,0.0,0.04,27.07,Mov00
-0.56,0.04,8.89,-0.0,0.0,0.04,27.07,Mov00
-0.57,0.05,8.89,-0.0,0.0,0.04,27.07,Mov00
-0.58,0.05,8.89,-0.0,0.0,0.04,27.07,Mov00
-0.58,0.04,8.89,-0.0,0.0,0.04,27.07,Mov00
-0.57,0.04,8.89,-0.0,0.0,0.04,27.06,Mov00
-0.57,0.04,8.89,-0.0,0.0,0.04,27.07,Mov00
-0.56,0.04,8.89,-0.0,0.0,0.04,27.07,Mov00
-0.57,0.03,8.9,-0.0,0.0,0.03,27.07,Mov00
-0.56,0.04,8.9,-0.0,0.0,0.04,27.07,Mov00
-0.56,0.04,8.9,-0.0,0.0,0.03,27.07,Mov00
-0.57,0.04,8.9,-0.0,0.0,0.04,27.06,Mov00
-0.57,0.03,8.88,-0.0,0.0,0.03,27.06,Mov00
-0.56,0.03,8.88,-0.0,0.0,0.04,27.06,Mov00
-0.56,0.04,8.89,-0.0,0.0,0.04,27.06,Mov00
-0.57,0.04,8.88,-0.0,0.0,0.04,27.06,Mov00
-0.57,0.04,8.89,-0.0,0.0,0.04,27.06,Mov00
-0.57,0.05,8.88,-0.0,0.0,0.04,27.06,Mov00
-0.57,0.04,8.89,-0.0,0.0,0.04,27.06,Mov00
-0.57,0.04,8.89,-0.0,0.0,0.04,27.06,Mov00
-0.56,0.04,8.88,-0.0,0.0,0.04,27.07,Mov00
-0.56,0.04,8.88,-0.0,0.0,0.04,27.07,Mov00
-0.57,0.04,8.88,-0.0,0.0,0.04,27.07,Mov00
-0.56,0.04,8.88,-0.0,0.0,0.04,27.07,Mov00
-0.56,0.04,8.89,-0.0,0.0,0.04,27.07,Mov00
-0.56,0.04,8.9,-0.0,0.0,0.04,27.06,Mov00
-0.57,0.04,8.88,-0.0,0.0,0.04,27.07,Mov00
-0.56,0.04,8.88,-0.0,0.0,0.04,27.07,Mov00
-0.57,0.04,8.89,-0.0,0.0,0.04,27.07,Mov00
-0.56,0.04,8.88,-0.0,0.0,0.04,27.07,Mov00
-0.57,0.04,8.88,-0.0,0.0,0.04,27.07,Mov00
-0.58,0.04,8.89,-0.0,0.0,0.04,27.06,Mov00
-0.57,0.04,8.88,-0.0,0.0,0.04,27.07,Mov00
-0.57,0.04,8.9,-0.0,0.0,0.04,27.07,Mov00
-0.57,0.04,8.9,-0.0,0.0,0.04,27.07,Mov00
-0.57,0.04,8.89,-0.0,0.0,0.04,27.07,Mov00
-0.56,0.04,8.88,-0.0,0.0,0.04,27.07,Mov00
-0.57,0.05,8.88,-0.0,0.0,0.04,27.07,Mov00
-0.56,0.05,8.88,-0.0,0.0,0.04,27.07,Mov00
-0.57,0.05,8.89,-0.0,0.0,0.04,27.07,Mov00
-0.57,0.05,8.9,-0.0,0.0,0.04,27.07,Mov00
-0.57,0.05,8.89,-0.0,0.0,0.04,27.07,Mov00
-0.57,0.06,8.89,-0.0,0.0,0.04,27.07,Mov00
-0.57,0.06,8.89,-0.0,0.0,0.04,27.07,Mov00
-0.57,0.06,8.88,-0.0,0.0,0.04,27.07,Mov00
-0.56,0.06,8.89,-0.0,0.0,0.04,27.07,Mov00
-0.57,0.06,8.89,-0.0,0.0,0.04,27.07,Mov00
-0.57,0.06,8.89,-0.0,0.0,0.04,27.07,Mov00
-0.56,0.06,8.89,-0.0,0.0,0.04,27.07,Mov00
-0.56,0.05,8.88,-0.0,0.0,0.04,27.07,Mov00
-0.57,0.05,8.89,-0.0,0.0,0.04,27.06,Mov00
-0.58,0.05,8.89,-0.0,0.0,0.04,27.07,Mov00
-0.57,0.05,8.89,-0.0,0.0,0.04,27.07,Mov00
-0.56,0.04,8.88,-0.0,0.0,0.04,27.06,Mov00
-0.56,0.04,8.9,-0.0,0.0,0.04,27.06,Mov00
-0.56,0.04,8.9,-0.0,0.0,0.04,27.06,Mov00
-0.57,0.04,8.88,-0.0,0.0,0.04,27.06,Mov00
-0.57,0.04,8.89,-0.0,0.0,0.04,27.05,Mov00
-0.57,0.04,8.9,-0.0,0.0,0.04,27.05,Mov00
-0.57,0.05,8.88,-0.0,0.0,0.04,27.05,Mov00
-0.56,0.05,8.88,-0.0,0.0,0.04,27.05,Mov00
-0.55,0.05,8.88,-0.0,0.0,0.04,27.06,Mov00
-0.56,0.05,8.89,-0.0,0.0,0.04,27.06,Mov00
-0.56,0.05,8.88,-0.0,0.0,0.04,27.06,Mov00
-0.56,0.05,8.89,-0.0,0.0,0.04,27.06,Mov00
-0.56,0.05,8.9,-0.0,0.0,0.04,27.06,Mov00
-0.56,0.05,8.89,-0.0,0.0,0.04,27.05,Mov00
-0.56,0.04,8.88,-0.0,0.0,0.04,27.05,Mov00
-0.56,0.05,8.88,-0.0,0.0,0.04,27.05,Mov00
-0.56,0.05,8.88,-0.0,0.0,0.04,27.06,Mov00
-0.56,0.05,8.88,-0.0,0.0,0.04,27.05,Mov00
-0.57,0.05,8.89,-0.0,0.0,0.04,27.05,Mov00
-0.57,0.06,8.89,-0.0,0.0,0.04,27.05,Mov00
-0.57,0.06,8.89,-0.0,0.0,0.04,27.06,Mov00
-0.57,0.05,8.9,-0.0,0.0,0.04,27.07,Mov00
-0.57,0.05,8.89,-0.0,0.0,0.04,27.06,Mov00
-0.56,0.05,8.88,-0.0,0.0,0.04,27.06,Mov00
-0.57,0.05,8.89,-0.0,0.0,0.04,27.06,Mov00
-0.57,0.04,8.89,-0.0,0.0,0.04,27.06,Mov00
-0.57,0.05,8.88,-0.0,0.0,0.04,27.06,Mov00
-0.57,0.04,8.89,-0.0,0.0,0.04,27.06,Mov00
-0.56,0.05,8.89,-0.0,0.0,0.04,27.06,Mov00
-0.56,0.05,8.89,-0.0,0.0,0.04,27.05,Mov00
-0.56,0.04,8.89,-0.0,0.0,0.04,27.05,Mov00
-0.56,0.04,8.88,-0.0,0.0,0.04,27.05,Mov00
-0.56,0.04,8.89,-0.0,0.0,0.04,27.05,Mov00
-0.57,0.04,8.89,-0.0,0.0,0.04,27.06,Mov00
-0.56,0.05,8.89,-0.0,0.0,0.04,27.06,Mov00
-0.56,0.05,8.89,-0.0,0.0,0.04,27.06,Mov00
-0.57,0.05,8.88,-0.0,0.0,0.04,27.06,Mov00
-0.58,0.05,8.88,-0.0,0.0,0.04,27.06,Mov00
-0.58,0.04,8.89,-0.0,0.0,0.04,27.06,Mov00
-0.58,0.04,8.88,-0.0,0.0,0.04,27.07,Mov00
-0.58,0.04,8.88,-0.0,0.0,0.04,27.07,Mov00
-0.58,0.03,8.88,-0.0,0.0,0.04,27.07,Mov00
-0.58,0.03,8.89,-0.0,0.0,0.04,27.07,Mov00
-0.58,0.04,8.89,-0.0,0.0,0.04,27.06,Mov00
-0.58,0.05,8.88,-0.0,0.0,0.04,27.07,Mov00
-0.58,0.04,8.88,-0.0,0.0,0.04,27.07,Mov00
-0.58,0.04,8.88,-0.0,0.0,0.04,27.07,Mov00
-0.58,0.05,8.88,-0.0,0.0,0.04,27.07,Mov00
-0.58,0.05,8.88,-0.0,0.0,0.04,27.07,Mov00
-0.57,0.05,8.88,-0.0,0.0,0.04,27.07,Mov00
-0.58,0.04,8.88,-0.0,0.0,0.04,27.07,Mov00
-0.58,0.04,8.89,-0.0,0.0,0.04,27.07,Mov00
-0.58,0.04,8.88,-0.0,0.0,0.04,27.07,Mov00
-0.57,0.04,8.88,-0.0,0.0,0.04,27.06,Mov00
-0.57,0.05,8.9,-0.0,0.0,0.04,27.06,Mov00
-0.57,0.05,8.89,-0.0,0.0,0.04,27.06,Mov00
-0.57,0.04,8.89,-0.0,0.0,0.04,27.06,Mov00
-0.57,0.04,8.89,-0.0,0.0,0.04,27.06,Mov00
-0.57,0.04,8.89,-0.0,0.0,0.04,27.05,Mov00
-0.57,0.04,8.88,-0.0,0.0,0.04,27.05,Mov00
-0.57,0.05,8.89,-0.0,0.0,0.04,27.05,Mov00
-0.57,0.06,8.89,-0.0,0.0,0.04,27.05,Mov00
-0.57,0.06,8.89,-0.0,0.0,0.04,27.06,Mov00
-0.57,0.05,8.88,-0.0,0.0,0.04,27.06,Mov00
-0.57,0.06,8.88,-0.0,0.0,0.04,27.06,Mov00
-0.57,0.06,8.89,-0.0,0.0,0.04,27.05,Mov00
-0.57,0.06,8.89,-0.0,0.0,0.04,27.06,Mov00
-0.57,0.06,8.89,-0.0,0.0,0.04,27.06,Mov00
-0.57,0.05,8.89,-0.0,0.0,0.04,27.06,Mov00
-0.57,0.05,8.88,-0.0,0.0,0.04,27.06,Mov00
-0.57,0.04,8.89,-0.0,0.0,0.04,27.06,Mov00
-0.57,0.04,8.89,-0.0,0.0,0.04,27.06,Mov00
-0.57,0.05,8.88,-0.0,0.0,0.04,27.06,Mov00
-0.56,0.05,8.88,-0.0,0.0,0.04,27.06,Mov00
-0.56,0.06,8.88,-0.0,0.0,0.04,27.06,Mov00
-0.56,0.06,8.88,-0.0,0.0,0.04,27.06,Mov00
-0.56,0.05,8.88,-0.0,0.0,0.04,27.06,Mov00
-0.57,0.04,8.89,-0.0,0.0,0.04,27.06,Mov00
-0.57,0.05,8.89,-0.0,0.0,0.04,27.06,Mov00
-0.57,0.05,8.89,-0.0,0.0,0.04,27.06,Mov00
-0.57,0.05,8.88,-0.0,0.0,0.04,27.06,Mov00
-0.57,0.05,8.89,-0.0,0.0,0.04,27.06,Mov00
-0.57,0.05,8.88,-0.0,0.0,0.04,27.06,Mov00
-0.57,0.05,8.88,-0.0,0.0,0.04,27.05,Mov00
-0.57,0.05,8.89,-0.0,0.0,0.04,27.05,Mov00
-0.57,0.05,8.89,-0.0,0.0,0.04,27.05,Mov00
-0.57,0.05,8.89,-0.0,0.0,0.04,27.05,Mov00
-0.57,0.05,8.89,-0.0,0.0,0.04,27.06,Mov00
-0.56,0.04,8.88,-0.0,0.0,0.04,27.06,Mov00
-0.57,0.05,8.87,-0.0,0.0,0.04,27.06,Mov00
-0.57,0.05,8.88,-0.0,0.0,0.04,27.05,Mov00
-0.57,0.06,8.88,-0.0,0.0,0.04,27.05,Mov00
-0.57,0.06,8.88,-0.0,0.0,0.04,27.06,Mov00
-0.57,0.06,8.88,-0.0,0.0,0.04,27.06,Mov00
-0.57,0.06,8.89,-0.0,0.0,0.04,27.05,Mov00
-0.57,0.05,8.89,-0.0,0.0,0.04,27.06,Mov00
-0.57,0.05,8.89,-0.0,0.0,0.04,27.05,Mov00
-0.58,0.05,8.89,-0.0,0.0,0.04,27.06,Mov00
-0.57,0.06,8.9,-0.0,0.0,0.04,27.05,Mov00
-0.57,0.05,8.89,-0.0,0.0,0.04,27.05,Mov00
-0.57,0.05,8.88,-0.0,0.0,0.04,27.05,Mov00
-0.57,0.06,8.89,-0.0,0.0,0.04,27.05,Mov00
-0.57,0.05,8.9,-0.0,0.0,0.04,27.06,Mov00
-0.57,0.05,8.89,-0.0,0.0,0.04,27.05,Mov00
-0.57,0.05,8.89,-0.0,0.0,0.04,27.06,Mov00
-0.56,0.05,8.89,-0.0,0.0,0.04,27.06,Mov00
-0.56,0.05,8.89,-0.0,0.0,0.04,27.05,Mov00
-0.56,0.05,8.88,-0.0,0.0,0.04,27.06,Mov00
-0.56,0.05,8.88,-0.0,0.0,0.04,27.06,Mov00
-0.57,0.05,8.89,-0.0,0.0,0.04,27.06,Mov00
-0.57,0.05,8.89,-0.0,0.0,0.04,27.06,Mov00
-0.56,0.05,8.88,-0.0,0.0,0.04,27.06,Mov00
-0.56,0.05,8.88,-0.0,0.0,0.04,27.06,Mov00
-0.57,0.05,8.89,-0.0,0.0,0.04,27.07,Mov00
-0.56,0.04,8.89,-0.0,0.0,0.04,27.07,Mov00
-0.57,0.04,8.89,-0.0,0.0,0.04,27.06,Mov00
-0.57,0.05,8.89,-0.0,0.0,0.04,27.06,Mov00
-0.57,0.05,8.88,-0.0,0.0,0.04,27.07,Mov00
-0.58,0.05,8.88,-0.0,0.0,0.04,27.07,Mov00
-0.57,0.06,8.88,-0.0,0.0,0.04,27.06,Mov00
-0.57,0.06,8.88,-0.0,0.0,0.04,27.07,Mov00
-0.57,0.06,8.89,-0.0,0.0,0.04,27.07,Mov00
-0.56,0.05,8.89,-0.0,0.0,0.04,27.06,Mov00
-0.57,0.04,8.88,-0.0,0.0,0.04,27.06,Mov00
-0.57,0.04,8.89,-0.0,0.0,0.04,27.06,Mov00
-0.56,0.04,8.89,-0.0,0.0,0.03,27.06,Mov00
-0.57,0.05,8.88,-0.0,0.0,0.04,27.06,Mov00
-0.56,0.04,8.89,-0.0,0.0,0.04,27.06,Mov00
-0.56,0.04,8.9,-0.0,0.0,0.04,27.06,Mov00
-0.56,0.04,8.89,-0.0,0.0,0.04,27.06,Mov00
-0.56,0.04,8.91,-0.0,0.0,0.04,27.05,Mov00
-0.56,0.04,8.9,-0.0,0.0,0.04,27.06,Mov00
-0.57,0.04,8.9,-0.0,0.0,0.04,27.06,Mov00
-0.57,0.05,8.9,-0.0,0.0,0.04,27.06,Mov00
-0.57,0.05,8.9,-0.0,0.0,0.04,27.06,Mov00
-0.57,0.05,8.9,-0.0,0.0,0.04,27.06,Mov00
-0.58,0.04,8.89,-0.0,0.0,0.04,27.07,Mov00
-0.57,0.04,8.88,-0.0,0.0,0.04,27.06,Mov00
-0.57,0.05,8.89,-0.0,0.0,0.04,27.06,Mov00
-0.57,0.05,8.88,-0.0,0.0,0.04,27.06,Mov00
-0.57,0.05,8.88,-0.0,0.0,0.04,27.07,Mov00
-0.57,0.05,8.88,-0.0,0.0,0.04,27.07,Mov00
-0.57,0.05,8.88,-0.0,0.0,0.04,27.07,Mov00
-0.57,0.05,8.88,-0.0,0.0,0.04,27.07,Mov00
-0.58,0.04,8.88,-0.0,0.0,0.04,27.06,Mov00
-0.58,0.05,8.88,-0.0,0.0,0.04,27.07,Mov00
-0.57,0.05,8.88,-0.0,0.0,0.04,27.07,Mov00
-0.57,0.04,8.89,-0.0,0.0,0.04,27.06,Mov00
-0.57,0.04,8.89,-0.0,0.0,0.04,27.06,Mov00
-0.57,0.05,8.89,-0.0,0.0,0.04,27.06,Mov00
-0.56,0.04,8.87,-0.0,0.0,0.04,27.06,Mov00
-0.57,0.05,8.88,-0.0,0.0,0.04,27.07,Mov00
-0.56,0.04,8.87,-0.0,0.0,0.04,27.07,Mov00
-0.57,0.04,8.88,-0.0,0.0,0.04,27.07,Mov00
-0.57,0.05,8.88,-0.0,0.0,0.04,27.07,Mov00
-0.57,0.05,8.9,-0.0,0.0,0.04,27.06,Mov00
-0.57,0.05,8.88,-0.0,0.0,0.04,27.06,Mov00
-0.57,0.05,8.88,-0.0,0.0,0.04,27.06,Mov00
-0.56,0.05,8.88,-0.0,0.0,0.04,27.06,Mov00
-0.56,0.06,8.88,-0.0,0.0,0.04,27.06,Mov00
-0.57,0.06,8.88,-0.0,0.0,0.04,27.07,Mov00
-0.57,0.05,8.89,-0.0,0.0,0.04,27.07,Mov00
-0.58,0.04,8.9,-0.0,0.0,0.04,27.06,Mov00
-0.58,0.04,8.9,-0.0,0.0,0.04,27.07,Mov00
-0.58,0.04,8.88,-0.0,0.0,0.04,27.06,Mov00
-0.57,0.04,8.88,-0.0,0.0,0.04,27.06,Mov00
-0.57,0.03,8.88,-0.0,0.0,0.04,27.06,Mov00
-0.57,0.03,8.89,-0.0,0.0,0.04,27.06,Mov00
-0.57,0.04,8.88,-0.0,0.0,0.04,27.06,Mov00
-0.57,0.05,8.88,-0.0,0.0,0.04,27.06,Mov00
-0.57,0.05,8.9,-0.0,0.0,0.04,27.06,Mov00
-0.57,0.05,8.89,-0.0,0.0,0.04,27.06,Mov00
-0.58,0.05,8.88,-0.0,0.0,0.04,27.05,Mov00
-0.57,0.05,8.89,-0.0,0.0,0.04,27.06,Mov00
-0.57,0.05,8.89,-0.0,0.0,0.04,27.06,Mov00
-0.57,0.05,8.88,-0.0,0.0,0.04,27.06,Mov00
-0.56,0.05,8.88,-0.0,0.0,0.04,27.06,Mov00
-0.57,0.05,8.88,-0.0,0.0,0.04,27.05,Mov00
-0.57,0.04,8.89,-0.0,0.0,0.04,27.05,Mov00
-0.57,0.04,8.88,-0.0,0.0,0.04,27.06,Mov00
-0.57,0.04,8.89,-0.0,0.0,0.04,27.06,Mov00
-0.57,0.05,8.88,-0.0,0.0,0.04,27.06,Mov00
-0.56,0.04,8.88,-0.0,0.0,0.04,27.06,Mov00
-0.56,0.05,8.89,-0.0,0.0,0.04,27.05,Mov00
-0.56,0.05,8.9,-0.0,0.0,0.04,27.05,Mov00
-0.57,0.05,8.89,-0.0,0.0,0.04,27.04,Mov00
-0.57,0.05,8.88,-0.0,0.0,0.04,27.05,Mov00
-0.57,0.05,8.88,-0.0,0.0,0.04,27.05,Mov00
-0.57,0.05,8.88,-0.0,0.0,0.04,27.05,Mov00
-0.57,0.05,8.89,-0.0,0.0,0.04,27.05,Mov00
-0.57,0.05,8.9,-0.0,0.0,0.04,27.05,Mov00
-0.57,0.05,8.89,-0.0,0.0,0.04,27.06,Mov00
-0.58,0.05,8.89,-0.0,0.0,0.04,27.06,Mov00
-0.57,0.05,8.89,-0.0,0.0,0.03,27.06,Mov00
-0.57,0.05,8.89,-0.0,0.0,0.04,27.06,Mov00
-0.57,0.05,8.88,-0.0,0.0,0.04,27.06,Mov00
-0.57,0.05,8.89,-0.0,0.0,0.04,27.06,Mov00
-0.57,0.04,8.89,-0.0,0.0,0.04,27.06,Mov00
-0.57,0.04,8.89,-0.0,0.0,0.04,27.06,Mov00
-0.57,0.05,8.89,-0.0,0.0,0.04,27.07,Mov00
-0.57,0.05,8.88,-0.0,0.0,0.04,27.07,Mov00
-0.57,0.05,8.88,-0.0,0.0,0.04,27.06,Mov00
-0.57,0.05,8.88,-0.0,0.0,0.04,27.06,Mov00
-0.57,0.04,8.88,-0.0,0.0,0.04,27.07,Mov00
-0.57,0.04,8.89,-0.0,0.0,0.04,27.07,Mov00
-0.56,0.04,8.9,-0.0,0.0,0.04,27.07,Mov00
-0.57,0.04,8.9,-0.0,0.0,0.04,27.07,Mov00
-0.56,0.04,8.9,-0.0,0.0,0.04,27.07,Mov00
-0.56,0.04,8.9,-0.0,0.0,0.04,27.06,Mov00
-0.57,0.05,8.9,-0.0,0.0,0.04,27.06,Mov00
-0.57,0.04,8.89,-0.0,0.0,0.04,27.07,Mov00
-0.57,0.04,8.89,-0.0,0.0,0.04,27.06,Mov00
-0.56,0.05,8.89,-0.0,0.0,0.04,27.06,Mov00
-0.57,0.06,8.89,-0.0,0.0,0.04,27.07,Mov00
-0.56,0.06,8.88,-0.0,0.0,0.04,27.07,Mov00
-0.56,0.06,8.89,-0.0,0.0,0.04,27.07,Mov00
-0.56,0.05,8.89,-0.0,0.0,0.04,27.06,Mov00
-0.57,0.05,8.89,-0.0,0.0,0.04,27.06,Mov00
-0.57,0.05,8.89,-0.0,0.0,0.04,27.06,Mov00
-0.58,0.05,8.88,-0.0,0.0,0.04,27.06,Mov00
-0.58,0.04,8.88,-0.0,0.0,0.04,27.07,Mov00
-0.57,0.04,8.88,-0.0,0.0,0.04,27.06,Mov00
-0.57,0.05,8.89,-0.0,0.0,0.04,27.07,Mov00
-0.57,0.04,8.9,-0.0,0.0,0.04,27.06,Mov00
-0.58,0.04,8.9,-0.0,0.0,0.04,27.06,Mov00
-0.58,0.05,8.89,-0.0,0.0,0.04,27.06,Mov00
-0.57,0.04,8.88,-0.0,0.0,0.04,27.05,Mov00
-0.57,0.04,8.89,-0.0,0.0,0.04,27.05,Mov00
-0.58,0.04,8.88,-0.0,0.0,0.04,27.06,Mov00
-0.57,0.04,8.89,-0.0,0.0,0.04,27.06,Mov00
-0.56,0.05,8.9,-0.0,0.0,0.04,27.06,Mov00
-0.57,0.05,8.9,-0.0,0.0,0.04,27.06,Mov00
-0.56,0.05,8.89,-0.0,0.0,0.04,27.06,Mov00
-0.57,0.05,8.89,-0.0,0.0,0.04,27.06,Mov00
-0.57,0.05,8.89,-0.0,0.0,0.04,27.07,Mov00
-0.56,0.05,8.9,-0.0,0.0,0.04,27.06,Mov00
-0.56,0.04,8.9,-0.0,0.0,0.04,27.06,Mov00
-0.57,0.04,8.9,-0.0,0.0,0.04,27.07,Mov00
-0.57,0.05,8.9,-0.0,0.0,0.04,27.07,Mov00
-0.57,0.04,8.89,-0.0,0.0,0.04,27.07,Mov00
-0.57,0.04,8.89,-0.0,0.0,0.04,27.07,Mov00
-0.57,0.04,8.89,-0.0,0.0,0.04,27.07,Mov00
-0.58,0.05,8.89,-0.0,0.0,0.04,27.06,Mov00
-0.57,0.05,8.89,-0.0,0.0,0.04,27.06,Mov00
-0.57,0.05,8.89,-0.0,0.0,0.04,27.07,Mov00
-0.57,0.05,8.89,-0.0,0.0,0.04,27.07,Mov00
-0.57,0.04,8.88,-0.0,0.0,0.04,27.06,Mov00
-0.57,0.04,8.89,-0.0,0.0,0.04,27.06,Mov00
-0.57,0.05,8.89,-0.0,0.0,0.04,27.05,Mov00
-0.57,0.05,8.89,-0.0,0.0,0.04,27.05,Mov00
-0.58,0.06,8.89,-0.0,0.0,0.04,27.06,Mov00
-0.58,0.06,8.89,-0.0,0.0,0.04,27.06,Mov00
-0.57,0.06,8.89,-0.0,0.0,0.04,27.06,Mov00
-0.58,0.05,8.88,-0.0,0.0,0.04,27.06,Mov00
-0.57,0.05,8.88,-0.0,0.0,0.04,27.06,Mov00
-0.57,0.05,8.89,-0.0,0.0,0.04,27.06,Mov00
-0.57,0.05,8.88,-0.0,0.0,0.04,27.06,Mov00
-0.57,0.06,8.89,-0.0,0.0,0.04,27.06,Mov00
-0.57,0.05,8.89,-0.0,0.0,0.04,27.06,Mov00
-0.57,0.05,8.9,-0.0,0.0,0.04,27.06,Mov00
-9.49,-0.26,-1.83,-0.0,-0.02,0.02,27.1,Mov03
-9.5,-0.23,-1.79,-0.01,-0.02,0.02,27.1,Mov03
-9.48,-0.23,-1.8,-0.01,0.0,0.03,27.1,Mov03
-9.39,-0.24,-1.83,-0.01,0.02,0.04,27.11,Mov03
-9.3,-0.23,-1.9,-0.01,0.01,0.05,27.11,Mov03
-9.34,-0.19,-1.91,-0.01,-0.0,0.07,27.11,Mov03
-9.46,-0.16,-1.88,-0.01,-0.02,0.05,27.11,Mov03
-9.51,-0.14,-1.87,-0.02,-0.02,0.03,27.11,Mov03
-9.54,-0.12,-1.87,-0.01,-0.02,0.03,27.11,Mov03
-9.55,-0.11,-1.84,0.0,-0.0,0.04,27.11,Mov03
-9.54,-0.16,-1.84,0.01,0.02,0.04,27.11,Mov03
-9.48,-0.2,-1.85,0.0,0.02,0.04,27.1,Mov03
-9.4,-0.18,-1.9,-0.0,0.02,0.03,27.1,Mov03
-9.31,-0.16,-1.97,0.0,0.02,0.02,27.1,Mov03
-9.33,-0.2,-1.96,0.0,-0.01,0.02,27.11,Mov03
-9.4,-0.21,-1.91,-0.0,-0.04,0.02,27.1,Mov03
-9.53,-0.19,-1.86,-0.0,-0.03,0.04,27.1,Mov03
-9.56,-0.17,-1.83,0.0,0.0,0.05,27.11,Mov03
-9.53,-0.17,-1.86,0.01,0.03,0.05,27.11,Mov03
-9.43,-0.18,-1.92,0.01,0.02,0.04,27.11,Mov03
-9.33,-0.21,-1.93,0.01,0.0,0.03,27.1,Mov03
-9.34,-0.25,-1.9,-0.01,-0.02,0.02,27.11,Mov03
-9.43,-0.24,-1.87,-0.02,-0.04,0.02,27.11,Mov03
-9.52,-0.2,-1.85,-0.02,-0.04,0.03,27.1,Mov03
-9.55,-0.12,-1.84,-0.01,-0.0,0.05,27.1,Mov03
-9.53,-0.11,-1.87,0.01,0.03,0.05,27.1,Mov03
-9.46,-0.17,-1.87,0.01,0.03,0.05,27.11,Mov03
-9.4,-0.24,-1.85,0.0,0.02,0.05,27.11,Mov03
-9.41,-0.24,-1.87,-0.01,0.0,0.04,27.11,Mov03
-9.41,-0.17,-1.91,-0.02,0.0,0.01,27.11,Mov03
-9.38,-0.12,-1.98,-0.02,-0.01,-0.0,27.1,Mov03
-9.36,-0.13,-2.0,0.0,-0.02,0.01,27.11,Mov03
-9.37,-0.16,-1.95,0.02,-0.02,0.04,27.12,Mov03
-9.49,-0.22,-1.87,0.02,-0.02,0.05,27.11,Mov03
-9.62,-0.26,-1.8,-0.0,-0.03,0.04,27.11,Mov03
-9.61,-0.27,-1.76,-0.02,-0.02,0.04,27.11,Mov03
-9.47,-0.25,-1.8,-0.02,0.03,0.04,27.1,Mov03
-9.32,-0.2,-1.9,-0.02,0.04,0.04,27.11,Mov03
-9.27,-0.16,-1.98,-0.01,0.01,0.03,27.11,Mov03
-9.36,-0.16,-1.92,0.0,-0.03,0.04,27.11,Mov03
-9.59,-0.2,-1.81,-0.01,-0.04,0.03,27.12,Mov03
-9.69,-0.2,-1.76,-0.02,-0.02,0.03,27.12,Mov03
-9.56,-0.18,-1.79,-0.02,0.03,0.03,27.11,Mov03
-9.37,-0.14,-1.89,-0.02,0.06,0.04,27.12,Mov03
-9.25,-0.12,-1.99,-0.0,0.04,0.03,27.11,Mov03
-9.29,-0.13,-1.98,0.01,-0.01,0.03,27.11,Mov03
-9.53,-0.2,-1.83,-0.0,-0.05,0.02,27.11,Mov03
-9.66,-0.28,-1.74,-0.03,-0.03,0.01,27.11,Mov03
-9.57,-0.25,-1.79,-0.04,0.01,0.01,27.11,Mov03
-9.38,-0.15,-1.92,-0.03,0.04,0.02,27.11,Mov03
-9.25,-0.08,-2.04,0.0,0.03,0.03,27.11,Mov03
-9.29,-0.09,-2.02,0.03,-0.0,0.04,27.12,Mov03
-9.53,-0.21,-1.84,0.04,-0.03,0.03,27.11,Mov03
-9.62,-0.31,-1.75,0.01,-0.01,0.01,27.11,Mov03
-9.48,-0.31,-1.78,-0.01,0.03,0.01,27.11,Mov03
-9.31,-0.27,-1.9,-0.02,0.04,0.02,27.1,Mov03
-9.25,-0.22,-1.99,-0.02,0.01,0.04,27.1,Mov03
-9.32,-0.19,-1.98,-0.0,-0.03,0.06,27.1,Mov03
-9.52,-0.18,-1.87,0.01,-0.04,0.07,27.1,Mov03
-9.69,-0.19,-1.77,0.01,-0.02,0.05,27.1,Mov03
-9.7,-0.23,-1.73,0.0,0.01,0.03,27.1,Mov03
-9.48,-0.23,-1.78,-0.01,0.04,0.02,27.1,Mov03
-9.24,-0.21,-1.9,-0.02,0.05,0.03,27.11,Mov03
-9.16,-0.18,-2.01,-0.01,0.02,0.04,27.11,Mov03
-9.31,-0.13,-2.01,0.0,-0.03,0.06,27.11,Mov03
-9.51,-0.14,-1.9,0.01,-0.04,0.05,27.11,Mov03
-9.68,-0.18,-1.81,0.02,-0.02,0.05,27.11,Mov03
-9.66,-0.21,-1.78,0.01,0.01,0.03,27.11,Mov03
-9.47,-0.23,-1.82,0.0,0.04,0.03,27.11,Mov03
-9.34,-0.22,-1.89,0.0,0.03,0.03,27.11,Mov03
-9.28,-0.2,-1.95,0.0,0.01,0.04,27.11,Mov03
-9.32,-0.2,-1.93,0.01,-0.02,0.05,27.11,Mov03
-9.44,-0.2,-1.88,0.01,-0.03,0.05,27.12,Mov03
-9.57,-0.21,-1.82,0.0,-0.03,0.04,27.12,Mov03
-9.59,-0.2,-1.8,-0.01,-0.0,0.03,27.12,Mov03
-9.47,-0.18,-1.84,-0.01,0.03,0.03,27.12,Mov03
-9.37,-0.17,-1.91,-0.0,0.03,0.03,27.12,Mov03
-9.36,-0.16,-1.96,0.01,0.01,0.04,27.12,Mov03
-9.4,-0.15,-1.94,0.02,-0.01,0.04,27.12,Mov03
-9.51,-0.16,-1.88,0.03,-0.01,0.05,27.11,Mov03
-9.62,-0.21,-1.79,0.02,-0.01,0.04,27.11,Mov03
-9.54,-0.26,-1.78,0.0,0.01,0.03,27.11,Mov03
-9.36,-0.25,-1.84,-0.01,0.03,0.04,27.11,Mov03
-9.28,-0.19,-1.93,-0.01,0.02,0.05,27.12,Mov03
-9.3,-0.12,-1.98,0.0,-0.01,0.04,27.11,Mov03
-9.39,-0.13,-1.96,0.02,-0.03,0.04,27.11,Mov03
-9.55,-0.19,-1.87,0.02,-0.04,0.04,27.11,Mov03
-9.62,-0.19,-1.81,0.01,-0.03,0.03,27.11,Mov03
-9.56,-0.16,-1.85,0.01,0.01,0.04,27.11,Mov03
-9.41,-0.16,-1.9,0.02,0.03,0.04,27.11,Mov03
-9.31,-0.16,-1.97,0.02,0.02,0.05,27.11,Mov03
-9.31,-0.19,-1.92,0.03,-0.01,0.06,27.11,Mov03
-9.41,-0.24,-1.83,0.01,-0.03,0.04,27.12,Mov03
-9.54,-0.24,-1.78,-0.01,-0.03,0.02,27.12,Mov03
-9.52,-0.21,-1.77,-0.01,-0.01,0.02,27.12,Mov03
-9.38,-0.19,-1.81,-0.01,0.03,0.01,27.12,Mov03
-9.36,-0.17,-1.89,-0.0,0.02,0.02,27.11,Mov03
-9.45,-0.24,-1.84,0.0,-0.01,0.03,27.11,Mov03
-9.52,-0.3,-1.79,-0.02,-0.02,0.03,27.12,Mov03
-9.5,-0.28,-1.84,-0.02,0.01,0.04,27.12,Mov03
-9.41,-0.2,-1.93,-0.02,0.03,0.05,27.12,Mov03
-9.4,-0.13,-1.99,-0.01,0.01,0.04,27.12,Mov03
-9.4,-0.13,-1.97,0.01,-0.0,0.03,27.13,Mov03
-9.38,-0.19,-1.92,0.02,0.0,0.03,27.12,Mov03
-9.41,-0.29,-1.84,0.02,0.0,0.03,27.12,Mov03
-9.54,-0.36,-1.76,-0.01,-0.02,0.03,27.13,Mov03
-9.59,-0.35,-1.73,-0.04,-0.01,0.03,27.13,Mov03
-9.5,-0.29,-1.77,-0.05,0.02,0.03,27.13,Mov03
-9.35,-0.19,-1.89,-0.05,0.05,0.03,27.14,Mov03
-9.28,-0.1,-2.01,-0.03,0.03,0.03,27.14,Mov03
-9.38,-0.12,-1.96,-0.01,-0.01,0.04,27.13,Mov03
-9.53,-0.22,-1.82,-0.02,-0.02,0.03,27.13,Mov03
-9.58,-0.28,-1.76,-0.05,-0.0,0.02,27.13,Mov03
-9.5,-0.26,-1.79,-0.07,0.01,0.01,27.13,Mov03
-9.33,-0.22,-1.87,-0.07,0.03,0.03,27.13,Mov03
-9.28,-0.19,-1.94,-0.07,0.02,0.04,27.13,Mov03
-9.34,-0.2,-1.96,-0.05,-0.01,0.04,27.13,Mov03
-9.5,-0.24,-1.88,-0.05,-0.04,0.04,27.13,Mov03
-9.61,-0.29,-1.79,-0.05,-0.03,0.04,27.13,Mov03
-9.55,-0.3,-1.78,-0.06,0.01,0.04,27.13,Mov03
-9.44,-0.25,-1.85,-0.07,0.04,0.05,27.12,Mov03
-9.37,-0.22,-1.9,-0.06,0.04,0.06,27.13,Mov03
-9.35,-0.16,-1.96,-0.05,0.03,0.07,27.13,Mov03
-9.34,-0.14,-2.0,-0.04,0.02,0.06,27.13,Mov03
-9.38,-0.19,-1.96,-0.03,-0.0,0.05,27.13,Mov03
-9.53,-0.26,-1.88,-0.04,-0.03,0.04,27.13,Mov03
-9.59,-0.28,-1.79,-0.06,-0.03,0.03,27.12,Mov03
-9.49,-0.26,-1.8,-0.08,0.01,0.04,27.13,Mov03
-9.42,-0.16,-1.89,-0.07,0.03,0.08,27.13,Mov03
-9.42,-0.05,-1.98,-0.05,0.04,0.1,27.13,Mov03
-9.37,0.04,-2.02,-0.02,0.03,0.1,27.13,Mov03
-9.35,0.02,-2.01,0.01,0.02,0.1,27.13,Mov03
-9.43,-0.05,-1.91,0.02,-0.0,0.08,27.14,Mov03
-9.53,-0.11,-1.84,-0.0,-0.02,0.04,27.14,Mov03
-9.55,-0.12,-1.81,-0.03,-0.0,0.01,27.13,Mov03
-9.46,-0.1,-1.87,-0.03,0.02,0.02,27.13,Mov03
-9.37,-0.06,-1.96,-0.02,0.03,0.04,27.12,Mov03
-9.32,-0.06,-2.02,0.0,0.02,0.07,27.13,Mov03
-9.3,-0.06,-2.03,0.02,-0.0,0.09,27.13,Mov03
-9.37,-0.14,-1.95,0.02,-0.02,0.09,27.13,Mov03
-9.5,-0.18,-1.88,0.0,-0.03,0.07,27.13,Mov03
-9.62,-0.11,-1.87,-0.02,-0.04,0.05,27.13,Mov03
-9.66,-0.01,-1.9,-0.01,-0.02,0.06,27.12,Mov03
-9.5,0.06,-1.99,0.01,-0.0,0.05,27.13,Mov03
-9.28,0.1,-2.08,0.03,-0.02,0.05,27.13,Mov03
-9.22,0.08,-2.09,0.06,-0.05,0.05,27.14,Mov03
-9.37,0.05,-2.01,0.07,-0.08,0.03,27.14,Mov03
-9.57,-0.08,-1.89,0.06,-0.12,-0.01,27.13,Mov03
-9.59,-0.28,-1.74,0.04,-0.16,-0.03,27.13,Mov03
-9.43,-0.45,-1.56,0.01,-0.16,-0.02,27.13,Mov03
-9.39,-0.49,-1.5,-0.01,-0.06,0.01,27.13,Mov03
-9.52,-0.32,-1.64,-0.03,-0.05,0.02,27.13,Mov03
-9.55,-0.07,-1.68,-0.02,-0.07,0.02,27.13,Mov03
-9.51,-0.0,-1.75,-0.01,-0.04,0.02,27.13,Mov03
-9.46,-0.05,-1.78,-0.01,0.01,0.03,27.13,Mov03
-9.44,-0.1,-1.8,-0.01,0.05,0.04,27.12,Mov03
-9.43,-0.1,-1.84,-0.02,0.07,0.05,27.14,Mov03
-9.38,-0.1,-1.87,-0.02,0.08,0.05,27.14,Mov03
-9.32,-0.17,-1.87,-0.01,0.08,0.06,27.14,Mov03
-9.4,-0.21,-1.87,-0.0,0.08,0.06,27.14,Mov03
-9.49,-0.17,-1.86,0.01,0.07,0.05,27.14,Mov03
-9.51,-0.14,-1.84,0.01,0.07,0.04,27.14,Mov03
-9.55,-0.12,-1.83,0.01,0.06,0.02,27.14,Mov03
-9.5,-0.11,-1.87,0.01,0.05,0.03,27.14,Mov03
-9.39,-0.1,-1.92,0.01,0.04,0.04,27.15,Mov03
-9.39,-0.14,-1.92,0.02,0.04,0.06,27.15,Mov03
-9.43,-0.11,-1.9,0.02,0.02,0.09,27.15,Mov03
-9.5,-0.11,-1.87,0.02,-0.0,0.1,27.15,Mov03
-9.56,-0.07,-1.88,0.01,-0.01,0.07,27.16,Mov03
-9.52,-0.07,-1.87,0.01,-0.0,0.03,27.15,Mov03
-9.46,-0.09,-1.89,0.01,0.01,0.02,27.15,Mov03
-9.42,-0.07,-1.9,0.01,0.01,0.0,27.15,Mov03
-9.36,-0.1,-1.88,0.01,0.03,-0.01,27.15,Mov03
-9.43,-0.13,-1.86,0.02,0.04,0.01,27.16,Mov03
-9.53,-0.11,-1.87,0.01,0.01,0.03,27.16,Mov03
-9.51,-0.04,-1.93,0.01,-0.01,0.05,27.16,Mov03
-9.39,-0.07,-1.93,0.02,-0.02,0.06,27.15,Mov03
-9.35,-0.13,-1.9,0.02,-0.02,0.07,27.15,Mov03
-9.43,-0.14,-1.88,0.01,-0.01,0.07,27.15,Mov03
-9.44,-0.14,-1.86,0.01,0.01,0.05,27.14,Mov03
-9.4,-0.17,-1.86,0.01,0.03,0.03,27.15,Mov03
-9.39,-0.17,-1.85,0.01,0.05,0.03,27.16,Mov03
-9.47,-0.13,-1.89,0.01,0.05,0.04,27.16,Mov03
-9.5,-0.09,-1.89,0.01,0.03,0.04,27.16,Mov03
-9.45,-0.09,-1.9,0.0,0.01,0.04,27.16,Mov03
-9.4,-0.11,-1.92,0.0,0.01,0.05,27.15,Mov03
-9.39,-0.12,-1.92,-0.0,0.0,0.06,27.15,Mov03
-9.37,-0.14,-1.93,-0.0,0.01,0.07,27.15,Mov03
-9.42,-0.15,-1.92,0.0,0.02,0.08,27.15,Mov03
-9.46,-0.13,-1.91,0.01,0.03,0.08,27.15,Mov03
-9.52,-0.08,-1.91,0.0,0.01,0.08,27.16,Mov03
-9.56,-0.01,-1.95,-0.0,-0.01,0.06,27.16,Mov03
-9.52,-0.03,-1.95,0.0,-0.02,0.05,27.16,Mov03
-9.44,-0.06,-1.92,-0.0,-0.01,0.03,27.15,Mov03
-9.38,-0.08,-1.92,-0.0,-0.01,0.03,27.15,Mov03
-9.38,-0.11,-1.92,0.0,0.0,0.04,27.15,Mov03
-9.4,-0.11,-1.9,0.0,0.01,0.04,27.15,Mov03
-9.46,-0.13,-1.88,-0.0,0.0,0.04,27.15,Mov03
-9.48,-0.1,-1.9,-0.0,-0.01,0.05,27.15,Mov03
-9.46,-0.04,-1.92,-0.0,-0.01,0.06,27.15,Mov03
-9.42,-0.01,-1.93,-0.0,-0.01,0.06,27.15,Mov03
-9.38,-0.03,-1.94,-0.0,0.01,0.05,27.15,Mov03
-9.38,-0.05,-1.93,-0.0,0.03,0.05,27.15,Mov03
-9.46,-0.06,-1.91,-0.0,0.04,0.05,27.15,Mov03
-9.56,-0.07,-1.89,-0.01,0.03,0.05,27.15,Mov03
-9.52,-0.08,-1.88,-0.01,0.02,0.04,27.15,Mov03
-9.45,-0.08,-1.91,-0.01,0.01,0.05,27.14,Mov03
-9.4,-0.06,-1.91,-0.01,0.02,0.04,27.15,Mov03
-9.36,-0.02,-1.93,-0.01,0.03,0.03,27.16,Mov03
-9.39,0.0,-1.94,-0.0,0.04,0.03,27.16,Mov03
-9.44,-0.05,-1.94,-0.01,0.04,0.03,27.17,Mov03
-9.46,-0.06,-1.93,-0.01,0.03,0.04,27.16,Mov03
-9.48,-0.05,-1.93,-0.01,0.03,0.05,27.17,Mov03
-9.47,-0.07,-1.93,-0.01,0.02,0.05,27.16,Mov03
-9.47,-0.05,-1.95,-0.01,0.02,0.04,27.16,Mov03
-9.48,-0.03,-1.97,-0.0,0.02,0.03,27.16,Mov03
-9.46,-0.03,-1.96,-0.01,0.0,0.02,27.15,Mov03
-9.45,-0.03,-1.96,-0.01,-0.0,0.01,27.15,Mov03
-9.43,-0.07,-1.95,-0.01,0.0,0.02,27.15,Mov03
-9.44,-0.08,-1.94,-0.0,0.0,0.03,27.15,Mov03
-9.42,-0.06,-1.94,0.0,0.01,0.04,27.16,Mov03
-9.37,-0.06,-1.97,0.0,0.02,0.05,27.16,Mov03
-9.39,-0.07,-1.96,0.01,0.03,0.06,27.15,Mov03
-9.49,-0.07,-1.95,0.0,0.02,0.06,27.15,Mov03
-9.54,-0.04,-1.97,-0.01,0.02,0.03,27.15,Mov03
-9.45,-0.03,-2.0,-0.01,0.01,0.02,27.15,Mov03
-9.37,-0.05,-2.0,-0.01,0.01,0.01,27.15,Mov03
-9.4,-0.05,-2.0,-0.0,0.01,0.02,27.16,Mov03
-9.4,-0.05,-1.98,0.01,0.01,0.03,27.17,Mov03
-9.44,-0.05,-1.97,0.01,-0.0,0.05,27.17,Mov03
-9.48,-0.07,-1.96,0.01,-0.01,0.05,27.17,Mov03
-9.49,-0.08,-1.96,0.0,-0.02,0.05,27.17,Mov03
-9.43,-0.05,-1.97,-0.0,-0.01,0.05,27.17,Mov03
-9.43,-0.02,-1.97,-0.0,0.01,0.04,27.17,Mov03
-9.45,-0.06,-1.97,-0.0,0.01,0.03,27.16,Mov03
-9.47,-0.07,-1.96,0.0,0.01,0.02,27.17,Mov03
-9.41,-0.06,-1.98,0.01,0.0,0.02,27.17,Mov03
-9.37,-0.06,-1.98,0.01,0.0,0.02,27.16,Mov03
-9.44,-0.04,-1.96,0.01,0.0,0.03,27.17,Mov03
-9.45,-0.04,-1.98,0.01,-0.01,0.04,27.17,Mov03
-9.42,-0.05,-1.97,0.0,-0.02,0.05,27.17,Mov03
-9.4,-0.07,-1.96,-0.0,-0.02,0.06,27.17,Mov03
-9.47,-0.08,-1.98,-0.0,-0.02,0.05,27.17,Mov03
-9.47,-0.08,-1.97,0.0,-0.01,0.04,27.17,Mov03
-9.42,-0.07,-1.96,0.01,-0.01,0.03,27.17,Mov03
-9.47,-0.07,-1.94,0.01,0.0,0.02,27.17,Mov03
-9.47,-0.05,-1.93,0.01,0.0,0.01,27.18,Mov03
-9.43,-0.01,-1.95,-0.0,0.0,0.01,27.18,Mov03
-9.39,-0.01,-1.98,-0.01,0.0,0.02,27.17,Mov03
-9.4,-0.02,-2.01,-0.01,0.0,0.04,27.17,Mov03
-9.44,-0.06,-2.0,-0.0,-0.01,0.06,27.16,Mov03
-9.43,-0.07,-1.98,0.01,-0.02,0.07,27.16,Mov03
-9.46,-0.07,-1.94,0.01,-0.01,0.06,27.15,Mov03
-9.48,-0.1,-1.9,0.01,0.0,0.03,27.16,Mov03
-9.49,-0.06,-1.93,-0.0,0.01,0.01,27.16,Mov03
-9.44,-0.02,-1.97,-0.01,0.01,0.01,27.16,Mov03
-9.37,-0.03,-2.0,-0.0,0.02,0.03,27.16,Mov03
-9.39,-0.04,-2.01,0.01,0.01,0.05,27.16,Mov03
-9.46,-0.1,-1.99,0.01,-0.0,0.06,27.17,Mov03
-9.51,-0.11,-1.95,0.01,-0.02,0.05,27.17,Mov03
-9.47,-0.07,-1.94,-0.0,-0.02,0.04,27.16,Mov03
-9.4,0.0,-1.99,-0.01,-0.0,0.03,27.17,Mov03
-9.38,0.01,-2.0,-0.01,0.02,0.02,27.17,Mov03
-9.41,-0.01,-2.0,-0.01,0.04,0.03,27.17,Mov03
-9.49,-0.06,-1.97,0.0,0.03,0.04,27.16,Mov03
-9.54,-0.1,-1.93,0.0,0.01,0.04,27.17,Mov03
-9.5,-0.1,-1.94,-0.0,-0.01,0.03,27.17,Mov03
-9.46,-0.07,-1.95,-0.01,-0.01,0.02,27.16,Mov03
-9.44,-0.03,-1.97,-0.01,-0.01,0.01,27.16,Mov03
-9.42,0.0,-2.01,-0.01,-0.0,0.02,27.16,Mov03
-9.38,-0.01,-2.03,-0.0,-0.0,0.03,27.17,Mov03
-9.38,-0.07,-1.98,0.0,-0.01,0.05,27.17,Mov03
-9.42,-0.1,-1.96,0.0,-0.01,0.05,27.17,Mov03
-9.43,-0.11,-1.96,-0.0,-0.01,0.05,27.17,Mov03
-9.43,-0.08,-1.95,-0.0,-0.01,0.05,27.17,Mov03
-9.45,-0.05,-1.96,-0.0,0.01,0.04,27.17,Mov03
-9.47,-0.05,-1.96,0.0,0.02,0.02,27.17,Mov03
-9.48,-0.05,-1.96,0.0,0.01,0.02,27.17,Mov03
-9.47,-0.07,-1.95,0.01,0.0,0.02,27.17,Mov03
-9.47,-0.09,-1.95,0.0,-0.01,0.02,27.17,Mov03
-9.45,-0.08,-1.95,-0.0,-0.02,0.03,27.18,Mov03
-9.4,-0.07,-1.96,-0.0,-0.02,0.04,27.18,Mov03
-9.37,-0.07,-1.97,-0.0,-0.0,0.04,27.18,Mov03
-9.34,-0.07,-1.98,0.0,0.01,0.04,27.19,Mov03
-9.33,-0.08,-1.97,0.0,0.03,0.04,27.18,Mov03
-9.42,-0.06,-1.97,0.0,0.04,0.04,27.18,Mov03
-9.56,-0.04,-1.96,0.0,0.03,0.04,27.19,Mov03
-9.63,-0.03,-1.97,-0.0,0.01,0.03,27.19,Mov03
-9.59,-0.01,-1.99,0.0,-0.02,0.04,27.19,Mov03
-9.47,-0.03,-2.0,0.01,-0.04,0.04,27.19,Mov03
-9.36,-0.06,-1.98,0.01,-0.03,0.04,27.19,Mov03
-9.28,-0.11,-1.95,0.01,-0.01,0.04,27.18,Mov03
-9.28,-0.15,-1.93,0.01,0.01,0.05,27.18,Mov03
-9.35,-0.1,-1.95,0.0,0.02,0.04,27.19,Mov03
-9.44,-0.07,-1.97,-0.0,0.02,0.04,27.19,Mov03
-9.53,-0.03,-1.98,-0.0,0.01,0.05,27.18,Mov03
-9.55,-0.01,-1.98,0.0,-0.01,0.05,27.18,Mov03
-9.48,-0.04,-1.97,0.01,-0.02,0.05,27.17,Mov03
-9.45,-0.05,-1.97,0.01,-0.03,0.05,27.18,Mov03
-9.46,-0.06,-1.96,0.0,-0.03,0.04,27.18,Mov03
-9.43,-0.08,-1.96,-0.0,-0.02,0.04,27.18,Mov03
-9.39,-0.06,-1.96,-0.01,-0.01,0.04,27.18,Mov03
-9.39,-0.05,-1.96,-0.01,0.01,0.04,27.18,Mov03
-9.42,-0.05,-1.97,-0.01,0.02,0.03,27.18,Mov03
-9.45,-0.03,-1.96,-0.0,0.01,0.03,27.18,Mov03
-9.44,-0.03,-1.97,0.0,-0.0,0.03,27.18,Mov03
-9.45,-0.05,-1.95,0.0,-0.01,0.04,27.18,Mov03
-9.48,-0.07,-1.96,-0.0,-0.02,0.04,27.18,Mov03
-9.49,-0.06,-1.97,-0.01,-0.03,0.04,27.18,Mov03
-9.47,-0.07,-1.95,-0.01,-0.04,0.03,27.18,Mov03
-9.4,-0.08,-1.94,-0.01,-0.04,0.03,27.18,Mov03
-9.37,-0.06,-1.93,0.0,-0.02,0.03,27.18,Mov03
-9.41,-0.04,-1.92,0.01,-0.0,0.03,27.18,Mov03
-9.44,-0.04,-1.91,0.01,0.01,0.03,27.19,Mov03
-9.42,-0.04,-1.92,0.0,0.01,0.03,27.18,Mov03
-9.45,-0.04,-1.93,0.0,-0.0,0.04,27.18,Mov03
-9.49,-0.04,-1.93,-0.0,-0.02,0.04,27.18,Mov03
-9.44,-0.07,-1.95,-0.01,-0.03,0.05,27.18,Mov03
-9.38,-0.09,-1.95,-0.01,-0.03,0.05,27.19,Mov03
-9.38,-0.09,-1.94,-0.0,-0.01,0.04,27.19,Mov03
-9.46,-0.08,-1.91,-0.0,0.0,0.03,27.19,Mov03
-9.5,-0.04,-1.89,-0.01,0.01,0.03,27.19,Mov03
-9.5,-0.02,-1.89,-0.01,0.01,0.04,27.19,Mov03
-9.5,-0.02,-1.9,-0.01,0.0,0.04,27.18,Mov03
-9.48,-0.01,-1.92,-0.01,-0.01,0.05,27.18,Mov03
-9.41,-0.05,-1.93,-0.0,-0.02,0.05,27.19,Mov03
-9.35,-0.07,-1.92,0.0,-0.02,0.05,27.19,Mov03
-9.37,-0.08,-1.9,0.0,-0.02,0.05,27.19,Mov03
-9.41,-0.08,-1.89,-0.0,-0.01,0.03,27.19,Mov03
-9.45,-0.05,-1.89,-0.01,-0.0,0.03,27.18,Mov03
-9.5,-0.03,-1.88,-0.01,-0.0,0.03,27.18,Mov03
-9.51,-0.03,-1.89,-0.01,-0.0,0.04,27.18,Mov03
-9.46,-0.03,-1.91,-0.01,-0.0,0.04,27.18,Mov03
-9.42,-0.05,-1.92,0.0,0.0,0.03,27.19,Mov03
-9.41,-0.06,-1.91,0.01,0.01,0.03,27.19,Mov03
-9.44,-0.06,-1.91,0.0,0.0,0.03,27.19,Mov03
-9.41,-0.06,-1.89,-0.0,-0.0,0.02,27.2,Mov03
-9.41,-0.05,-1.9,-0.01,-0.0,0.03,27.19,Mov03
-9.45,-0.04,-1.91,-0.01,-0.01,0.03,27.19,Mov03
-9.49,-0.03,-1.94,-0.0,-0.01,0.04,27.2,Mov03
-9.49,-0.03,-1.93,0.0,-0.01,0.05,27.19,Mov03
-9.47,-0.05,-1.93,0.01,-0.01,0.04,27.2,Mov03
-9.46,-0.05,-1.9,0.01,-0.01,0.03,27.2,Mov03
-9.43,-0.04,-1.91,-0.0,-0.01,0.03,27.2,Mov03
-9.39,-0.04,-1.91,-0.01,0.0,0.03,27.2,Mov03
-9.4,-0.05,-1.93,-0.01,0.01,0.03,27.2,Mov03
-9.44,-0.07,-1.92,-0.01,0.01,0.03,27.21,Mov03
-9.46,-0.07,-1.91,0.0,0.01,0.03,27.21,Mov03
-9.49,-0.1,-1.9,0.01,-0.01,0.03,27.21,Mov03
-9.47,-0.06,-1.9,0.01,-0.01,0.02,27.2,Mov03
-9.47,-0.04,-1.88,-0.0,-0.01,0.02,27.21,Mov03
-9.42,-0.03,-1.89,-0.01,0.0,0.02,27.2,Mov03
-9.4,-0.02,-1.91,-0.02,0.01,0.03,27.2,Mov03
-9.4,-0.03,-1.92,-0.01,0.01,0.03,27.2,Mov03
-9.45,-0.06,-1.93,-0.0,0.0,0.03,27.21,Mov03
-9.5,-0.09,-1.91,0.01,-0.02,0.04,27.21,Mov03
-9.5,-0.1,-1.87,0.01,-0.04,0.04,27.21,Mov03
-9.47,-0.08,-1.85,0.01,-0.04,0.03,27.21,Mov03
-9.4,-0.05,-1.87,-0.0,-0.02,0.02,27.21,Mov03
-9.37,-0.05,-1.9,-0.01,0.01,0.02,27.21,Mov03
-9.37,-0.06,-1.91,-0.01,0.02,0.03,27.21,Mov03
-9.4,-0.06,-1.92,-0.01,0.01,0.04,27.22,Mov03
-9.45,-0.08,-1.9,0.0,-0.0,0.05,27.21,Mov03
-9.5,-0.07,-1.87,0.0,-0.02,0.04,27.21,Mov03
-9.52,-0.05,-1.87,0.0,-0.03,0.04,27.2,Mov03
-9.45,-0.03,-1.89,0.0,-0.03,0.04,27.2,Mov03
-9.36,-0.04,-1.88,0.0,-0.01,0.04,27.2,Mov03
-9.36,-0.07,-1.88,0.0,0.01,0.04,27.2,Mov03
-9.45,-0.08,-1.89,0.0,0.0,0.05,27.2,Mov03
-9.47,-0.08,-1.87,0.01,-0.0,0.05,27.2,Mov03
-9.5,-0.06,-1.85,0.0,-0.01,0.04,27.19,Mov03
-9.51,-0.02,-1.86,-0.0,-0.0,0.03,27.2,Mov03
-9.48,-0.01,-1.88,-0.0,-0.0,0.03,27.21,Mov03
-9.44,-0.01,-1.88,0.0,-0.0,0.03,27.21,Mov03
-9.4,-0.05,-1.88,0.0,-0.0,0.02,27.2,Mov03
-9.38,-0.08,-1.88,0.0,-0.01,0.02,27.21,Mov03
-9.39,-0.11,-1.87,0.01,-0.01,0.02,27.21,Mov03
-9.45,-0.11,-1.86,-0.0,-0.02,0.02,27.21,Mov03
-9.48,-0.09,-1.87,-0.01,-0.02,0.02,27.21,Mov03
-9.49,-0.04,-1.9,-0.01,-0.02,0.03,27.2,Mov03
-9.48,-0.04,-1.9,-0.01,-0.01,0.04,27.21,Mov03
-9.46,-0.05,-1.89,-0.0,0.0,0.03,27.21,Mov03
-9.45,-0.09,-1.87,0.01,0.01,0.04,27.21,Mov03
-9.45,-0.1,-1.85,0.01,0.01,0.04,27.21,Mov03
-9.46,-0.07,-1.84,0.0,0.01,0.03,27.21,Mov03
-9.49,-0.04,-1.86,-0.01,0.01,0.03,27.21,Mov03
-9.45,-0.01,-1.88,-0.01,0.01,0.03,27.22,Mov03
-9.43,-0.03,-1.89,-0.01,0.01,0.02,27.21,Mov03
-9.44,-0.08,-1.89,-0.01,0.0,0.03,27.21,Mov03
-9.45,-0.12,-1.87,0.0,-0.01,0.03,27.22,Mov03
-9.44,-0.13,-1.86,0.0,-0.01,0.03,27.21,Mov03
-9.43,-0.1,-1.85,-0.0,-0.01,0.02,27.21,Mov03
-9.43,-0.06,-1.86,-0.01,0.0,0.02,27.21,Mov03
-9.41,-0.05,-1.89,-0.01,0.01,0.03,27.21,Mov03
-9.4,-0.07,-1.9,-0.01,0.02,0.04,27.21,Mov03
-9.46,-0.09,-1.89,-0.01,0.01,0.05,27.21,Mov03
-9.51,-0.11,-1.89,0.0,-0.01,0.06,27.22,Mov03
-9.51,-0.11,-1.88,0.0,-0.02,0.05,27.22,Mov03
-9.48,-0.08,-1.86,0.0,-0.02,0.04,27.22,Mov03
-9.46,-0.04,-1.86,-0.01,-0.01,0.03,27.22,Mov03
-9.41,-0.03,-1.86,-0.01,-0.0,0.02,27.21,Mov03
-9.37,-0.04,-1.88,-0.01,0.01,0.02,27.21,Mov03
-9.39,-0.07,-1.87,-0.01,0.01,0.03,27.22,Mov03
-9.43,-0.1,-1.85,0.0,0.01,0.04,27.23,Mov03
-9.48,-0.11,-1.84,0.01,-0.01,0.05,27.22,Mov03
-9.51,-0.09,-1.83,0.0,-0.02,0.05,27.22,Mov03
-9.49,-0.06,-1.85,-0.0,-0.02,0.05,27.21,Mov03
-9.45,-0.05,-1.87,-0.0,-0.01,0.04,27.21,Mov03
-9.42,-0.04,-1.87,-0.0,-0.01,0.04,27.22,Mov03
-9.46,-0.03,-1.87,-0.0,-0.01,0.04,27.23,Mov03
-9.46,-0.06,-1.86,0.0,-0.01,0.03,27.23,Mov03
-9.43,-0.06,-1.86,0.0,-0.01,0.03,27.22,Mov03
-9.39,-0.07,-1.86,0.01,-0.01,0.04,27.22,Mov03
-9.4,-0.1,-1.84,0.01,-0.01,0.05,27.22,Mov03
-9.43,-0.07,-1.84,-0.0,-0.0,0.04,27.22,Mov03
-9.45,-0.06,-1.85,-0.01,0.01,0.04,27.23,Mov03
-9.51,-0.01,-1.87,-0.01,0.0,0.04,27.22,Mov03
-9.52,-0.03,-1.85,-0.01,-0.0,0.03,27.23,Mov03
-9.48,-0.04,-1.85,-0.0,-0.01,0.03,27.24,Mov03
-9.46,-0.07,-1.84,0.0,-0.02,0.03,27.24,Mov03
-9.42,-0.11,-1.83,0.01,-0.03,0.04,27.24,Mov03
-9.43,-0.1,-1.8,0.0,-0.02,0.04,27.23,Mov03
-9.41,-0.07,-1.82,-0.01,-0.01,0.04,27.22,Mov03
-9.4,-0.03,-1.84,-0.01,0.01,0.04,27.22,Mov03
-9.42,-0.03,-1.86,-0.01,0.01,0.04,27.22,Mov03
-9.43,-0.06,-1.86,-0.0,0.01,0.04,27.23,Mov03
-9.5,-0.09,-1.82,0.0,-0.01,0.04,27.23,Mov03
-9.47,-0.09,-1.83,0.0,-0.02,0.04,27.23,Mov03
-9.44,-0.07,-1.83,0.0,-0.02,0.04,27.23,Mov03
-9.43,-0.04,-1.84,-0.0,-0.01,0.03,27.23,Mov03
-9.44,-0.02,-1.84,-0.0,-0.0,0.03,27.22,Mov03
-9.41,-0.04,-1.84,-0.0,0.01,0.03,27.22,Mov03
-9.44,-0.06,-1.83,-0.0,0.02,0.04,27.22,Mov03
-9.49,-0.06,-1.82,-0.0,0.01,0.04,27.22,Mov03
-9.5,-0.06,-1.84,-0.0,-0.0,0.04,27.23,Mov03
-9.5,-0.04,-1.83,-0.0,-0.01,0.04,27.23,Mov03
-9.46,-0.01,-1.83,-0.0,-0.02,0.03,27.22,Mov03
-9.41,-0.04,-1.84,-0.0,-0.01,0.02,27.22,Mov03
-9.35,-0.08,-1.84,0.0,-0.0,0.03,27.22,Mov03
-9.36,-0.11,-1.82,0.0,0.0,0.03,27.22,Mov03
-9.42,-0.11,-1.81,0.0,0.0,0.02,27.23,Mov03
-9.44,-0.11,-1.82,-0.0,0.01,0.03,27.23,Mov03
-9.49,-0.08,-1.83,-0.01,0.01,0.04,27.23,Mov03
-9.51,-0.05,-1.84,-0.01,0.01,0.04,27.23,Mov03
-9.49,-0.03,-1.85,-0.0,0.01,0.04,27.24,Mov03
-9.45,-0.04,-1.86,0.0,0.02,0.05,27.24,Mov03
-9.46,-0.06,-1.85,0.0,0.01,0.05,27.24,Mov03
-9.46,-0.07,-1.83,0.0,0.0,0.04,27.24,Mov03
-9.45,-0.08,-1.81,-0.0,0.0,0.03,27.23,Mov03
-9.43,-0.06,-1.82,-0.0,0.01,0.03,27.23,Mov03
-9.41,-0.03,-1.83,-0.01,0.02,0.02,27.23,Mov03
-9.44,-0.04,-1.86,-0.01,0.02,0.02,27.22,Mov03
-9.42,-0.07,-1.85,-0.0,0.02,0.03,27.22,Mov03
-9.42,-0.1,-1.86,0.0,0.01,0.04,27.22,Mov03
-9.44,-0.11,-1.84,0.0,-0.0,0.05,27.22,Mov03
-9.48,-0.1,-1.83,0.0,-0.01,0.05,27.23,Mov03
-9.48,-0.06,-1.85,-0.0,-0.01,0.04,27.23,Mov03
-9.43,-0.03,-1.86,-0.01,0.0,0.04,27.24,Mov03
-9.41,-0.04,-1.86,-0.01,0.01,0.03,27.23,Mov03
-9.44,-0.05,-1.87,-0.01,0.01,0.03,27.24,Mov03
-9.48,-0.09,-1.85,-0.0,0.0,0.04,27.24,Mov03
-9.47,-0.11,-1.83,0.0,-0.01,0.04,27.24,Mov03
-9.44,-0.08,-1.83,0.01,-0.02,0.04,27.24,Mov03
-9.45,-0.08,-1.82,0.01,-0.01,0.04,27.24,Mov03
-9.45,-0.07,-1.83,-0.0,-0.01,0.04,27.24,Mov03
-9.42,-0.05,-1.84,-0.01,-0.0,0.04,27.24,Mov03
-9.42,-0.06,-1.85,-0.01,0.01,0.05,27.23,Mov03
-9.42,-0.08,-1.85,-0.01,0.01,0.04,27.23,Mov03
-9.44,-0.08,-1.85,-0.01,0.01,0.04,27.23,Mov03
-9.46,-0.07,-1.84,-0.0,0.01,0.04,27.23,Mov03
-9.48,-0.06,-1.85,0.0,-0.0,0.04,27.24,Mov03
-9.52,-0.04,-1.84,0.0,-0.02,0.04,27.24,Mov03
-9.5,-0.03,-1.85,-0.0,-0.02,0.04,27.23,Mov03
-9.45,-0.04,-1.86,-0.0,-0.02,0.05,27.23,Mov03
-9.42,-0.06,-1.86,-0.0,-0.01,0.05,27.23,Mov03
-9.4,-0.07,-1.84,-0.0,0.0,0.05,27.24,Mov03
-9.36,-0.07,-1.84,0.0,0.01,0.04,27.24,Mov03
-9.39,-0.07,-1.81,0.01,0.01,0.04,27.24,Mov03
-9.46,-0.06,-1.8,0.01,0.01,0.04,27.24,Mov03
-9.51,-0.05,-1.79,0.0,0.0,0.04,27.24,Mov03
-9.5,-0.03,-1.82,-0.0,-0.01,0.04,27.24,Mov03
-9.47,-0.02,-1.84,-0.01,-0.0,0.04,27.24,Mov03
-9.42,-0.02,-1.85,-0.0,0.0,0.04,27.24,Mov03
-9.4,-0.04,-1.84,-0.0,0.01,0.04,27.24,Mov03
-9.43,-0.06,-1.83,-0.0,0.0,0.05,27.24,Mov03
-9.47,-0.08,-1.81,-0.01,-0.01,0.05,27.24,Mov03
-9.46,-0.06,-1.81,-0.01,-0.01,0.04,27.24,Mov03
-9.44,-0.02,-1.82,-0.01,0.0,0.03,27.25,Mov03
-9.46,-0.02,-1.85,-0.01,0.01,0.03,27.25,Mov03
-9.45,-0.02,-1.86,-0.01,0.02,0.03,27.25,Mov03
-9.44,-0.04,-1.86,-0.0,0.01,0.04,27.25,Mov03
-9.4,-0.06,-1.85,-0.0,0.01,0.04,27.25,Mov03
-9.42,-0.06,-1.85,-0.0,0.01,0.05,27.25,Mov03
-9.47,-0.05,-1.84,-0.01,0.01,0.05,27.25,Mov03
-9.48,-0.02,-1.84,-0.01,0.0,0.04,27.24,Mov03
-9.49,-0.03,-1.84,-0.01,-0.0,0.04,27.24,Mov03
-9.51,-0.04,-1.84,-0.0,-0.01,0.04,27.25,Mov03
-9.45,-0.05,-1.85,0.0,-0.01,0.04,27.26,Mov03
-9.41,-0.05,-1.83,0.01,-0.01,0.03,27.26,Mov03
-9.38,-0.05,-1.83,0.0,0.01,0.02,27.25,Mov03
-9.39,-0.05,-1.83,-0.01,0.02,0.02,27.25,Mov03
-9.42,-0.05,-1.84,-0.01,0.02,0.03,27.26,Mov03
-9.45,-0.06,-1.84,-0.01,0.02,0.04,27.25,Mov03
-9.46,-0.06,-1.85,-0.01,0.01,0.05,27.25,Mov03
-9.46,-0.06,-1.86,-0.0,0.0,0.05,27.25,Mov03
-9.52,-0.04,-1.85,0.0,0.0,0.05,27.25,Mov03
-9.54,-0.03,-1.84,0.0,0.0,0.04,27.25,Mov03
-9.5,-0.01,-1.84,-0.0,0.0,0.04,27.25,Mov03
-9.47,-0.0,-1.85,-0.01,0.01,0.03,27.25,Mov03
-9.41,-0.03,-1.86,-0.01,0.02,0.03,27.25,Mov03
-9.38,-0.05,-1.86,-0.01,0.02,0.03,27.26,Mov03
-9.43,-0.06,-1.85,0.0,0.02,0.04,27.25,Mov03
-9.46,-0.04,-1.84,0.01,0.01,0.04,27.26,Mov03
-9.49,-0.02,-1.84,0.0,-0.0,0.04,27.25,Mov03
-9.48,0.0,-1.85,-0.0,-0.01,0.04,27.25,Mov03
-9.46,-0.01,-1.87,-0.01,-0.01,0.03,27.25,Mov03
-9.44,-0.03,-1.88,-0.01,-0.01,0.03,27.25,Mov03
-9.42,-0.04,-1.88,-0.01,-0.0,0.03,27.25,Mov03
-9.41,-0.06,-1.87,0.0,0.0,0.03,27.25,Mov03
-9.46,-0.06,-1.84,0.0,0.01,0.03,27.25,Mov03
-9.5,-0.05,-1.84,0.0,0.0,0.03,27.25,Mov03
-9.48,-0.04,-1.85,0.0,-0.01,0.03,27.25,Mov03
-9.43,-0.02,-1.88,-0.0,-0.01,0.03,27.26,Mov03
-9.4,-0.03,-1.87,-0.0,-0.0,0.03,27.26,Mov03
-9.4,-0.05,-1.87,-0.0,0.0,0.04,27.26,Mov03
-9.44,-0.09,-1.84,0.0,0.0,0.03,27.26,Mov03
-9.48,-0.06,-1.84,-0.0,0.0,0.03,27.26,Mov03
-9.53,-0.03,-1.83,-0.01,-0.01,0.02,27.26,Mov03
-9.54,-0.0,-1.85,-0.01,-0.01,0.01,27.26,Mov03
-9.5,0.0,-1.88,-0.01,-0.02,0.02,27.27,Mov03
-9.42,-0.03,-1.89,-0.01,-0.02,0.03,27.26,Mov03
-9.37,-0.06,-1.85,0.0,-0.01,0.03,27.26,Mov03
-9.34,-0.1,-1.84,0.01,-0.01,0.03,27.26,Mov03
-9.37,-0.13,-1.81,0.01,-0.0,0.03,27.26,Mov03
-9.44,-0.11,-1.8,-0.0,0.0,0.03,27.27,Mov03
-9.5,-0.06,-1.82,-0.01,0.0,0.03,27.26,Mov03
-9.52,-0.03,-1.84,-0.01,-0.0,0.03,27.26,Mov03
-9.5,-0.0,-1.85,-0.01,-0.01,0.03,27.27,Mov03
-9.46,-0.03,-1.85,-0.0,-0.01,0.04,27.26,Mov03
-9.4,-0.06,-1.85,0.0,-0.01,0.04,27.26,Mov03
-9.41,-0.08,-1.81,0.01,-0.01,0.04,27.25,Mov03
-9.44,-0.08,-1.79,0.0,-0.01,0.04,27.25,Mov03
-9.42,-0.05,-1.81,-0.01,-0.0,0.03,27.26,Mov03
-9.4,-0.02,-1.82,-0.01,0.01,0.04,27.26,Mov03
-9.44,-0.01,-1.85,-0.01,0.01,0.04,27.26,Mov03
-9.46,-0.05,-1.84,-0.01,0.0,0.05,27.26,Mov03
-9.44,-0.09,-1.84,-0.01,-0.0,0.05,27.27,Mov03
-9.45,-0.08,-1.8,-0.01,-0.01,0.05,27.27,Mov03
-9.49,-0.07,-1.82,-0.01,-0.0,0.04,27.27,Mov03
-9.52,-0.03,-1.82,-0.01,0.0,0.04,27.27,Mov03
-9.48,0.01,-1.83,-0.01,0.0,0.05,27.26,Mov03
-9.44,0.01,-1.85,-0.01,0.01,0.05,27.26,Mov03
-9.39,-0.03,-1.86,-0.0,0.01,0.05,27.26,Mov03
-9.4,-0.07,-1.84,0.0,0.0,0.06,27.27,Mov03
-9.44,-0.08,-1.82,-0.0,0.0,0.04,27.26,Mov03
-9.46,-0.07,-1.83,-0.01,0.01,0.02,27.26,Mov03
-9.48,-0.03,-1.85,-0.01,0.02,0.02,27.26,Mov03
-9.49,0.01,-1.87,-0.01,0.02,0.02,27.26,Mov03
-9.45,-0.01,-1.88,-0.01,0.02,0.03,27.27,Mov03
-9.43,-0.03,-1.88,-0.0,0.01,0.04,27.27,Mov03
-9.45,-0.08,-1.84,0.0,0.0,0.05,27.27,Mov03
-9.47,-0.09,-1.83,0.0,-0.0,0.05,27.27,Mov03
-9.46,-0.07,-1.83,-0.01,0.0,0.05,27.27,Mov03
-9.45,-0.02,-1.85,-0.01,0.01,0.04,27.26,Mov03
-9.48,0.01,-1.87,-0.01,0.01,0.03,27.25,Mov03
-9.49,-0.02,-1.87,-0.01,0.01,0.03,27.26,Mov03
-9.47,-0.05,-1.86,-0.0,0.01,0.03,27.26,Mov03
-9.44,-0.07,-1.84,-0.0,0.01,0.03,27.26,Mov03
-9.45,-0.08,-1.84,-0.0,0.01,0.03,27.26,Mov03
-9.44,-0.06,-1.85,-0.0,0.02,0.04,27.25,Mov03
-9.43,-0.01,-1.86,-0.01,0.02,0.04,27.26,Mov03
-9.42,0.0,-1.87,-0.01,0.02,0.04,27.26,Mov03
-9.46,-0.01,-1.88,-0.0,0.01,0.04,27.26,Mov03
-9.46,-0.04,-1.86,-0.0,0.0,0.04,27.26,Mov03
-9.43,-0.06,-1.85,-0.0,0.0,0.04,27.26,Mov03
-9.44,-0.06,-1.84,-0.0,0.0,0.03,27.27,Mov03
-9.46,-0.05,-1.83,-0.01,0.01,0.03,27.27,Mov03
-9.44,-0.04,-1.85,-0.01,0.01,0.02,27.26,Mov03
-9.44,-0.03,-1.87,-0.01,0.02,0.03,27.26,Mov03
-9.43,-0.02,-1.87,-0.01,0.02,0.03,27.26,Mov03
-9.45,-0.05,-1.87,-0.0,0.02,0.04,27.27,Mov03
-9.44,-0.07,-1.87,-0.0,0.01,0.04,27.27,Mov03
-9.46,-0.06,-1.86,-0.0,0.0,0.04,27.27,Mov03
-9.51,-0.04,-1.86,-0.0,-0.0,0.04,27.27,Mov03
-9.51,-0.02,-1.88,-0.01,-0.01,0.03,27.27,Mov03
-9.46,-0.02,-1.89,-0.01,-0.0,0.03,27.27,Mov03
-9.42,-0.03,-1.9,-0.01,0.0,0.03,27.27,Mov03
-9.41,-0.04,-1.9,-0.0,0.01,0.03,27.27,Mov03
-9.42,-0.06,-1.88,-0.0,0.01,0.04,27.28,Mov03
-9.45,-0.05,-1.86,0.0,0.0,0.04,27.27,Mov03
-9.51,-0.02,-1.85,-0.0,-0.0,0.04,27.27,Mov03
-9.5,-0.01,-1.86,-0.01,-0.01,0.03,27.28,Mov03
-9.44,-0.02,-1.88,-0.01,-0.0,0.04,27.28,Mov03
-9.4,-0.02,-1.88,-0.0,0.0,0.04,27.27,Mov03
-9.42,-0.04,-1.88,-0.0,0.01,0.03,27.27,Mov03
-9.45,-0.04,-1.87,-0.0,0.01,0.03,27.27,Mov03
-9.49,-0.04,-1.86,-0.0,-0.0,0.03,27.27,Mov03
-9.52,-0.03,-1.87,-0.01,-0.01,0.03,27.28,Mov03
-9.48,-0.03,-1.9,-0.01,-0.01,0.04,27.27,Mov03
-9.42,-0.01,-1.9,-0.0,-0.01,0.05,27.27,Mov03
-9.38,-0.03,-1.87,-0.0,-0.0,0.04,27.27,Mov03
-9.38,-0.06,-1.87,-0.0,0.01,0.04,27.28,Mov03
-9.4,-0.07,-1.87,-0.0,0.01,0.03,27.28,Mov03
-9.42,-0.05,-1.86,-0.01,0.02,0.03,27.28,Mov03
-9.47,-0.03,-1.88,-0.01,0.02,0.03,27.28,Mov03
-9.49,-0.02,-1.88,-0.01,0.02,0.03,27.28,Mov03
-9.5,-0.01,-1.89,-0.01,0.01,0.04,27.28,Mov03
-9.48,-0.01,-1.91,-0.0,-0.01,0.03,27.28,Mov03
-9.45,-0.04,-1.9,0.0,-0.01,0.03,27.28,Mov03
-9.42,-0.06,-1.87,0.0,-0.01,0.04,27.28,Mov03
-9.41,-0.05,-1.86,0.0,0.0,0.03,27.28,Mov03
-9.41,-0.04,-1.88,-0.0,0.01,0.03,27.28,Mov03
-9.42,-0.03,-1.87,-0.01,0.02,0.04,27.27,Mov03
-9.43,-0.02,-1.88,-0.01,0.02,0.04,27.28,Mov03
-9.45,-0.03,-1.88,-0.01,0.01,0.04,27.28,Mov03
-9.47,-0.04,-1.88,-0.0,0.0,0.04,27.29,Mov03
-9.45,-0.05,-1.88,0.0,-0.0,0.04,27.29,Mov03
-9.43,-0.05,-1.88,0.0,-0.0,0.04,27.28,Mov03
-9.47,-0.03,-1.86,-0.0,0.0,0.04,27.28,Mov03
-9.47,-0.02,-1.87,-0.01,0.01,0.03,27.28,Mov03
-9.41,-0.04,-1.87,-0.01,0.01,0.03,27.28,Mov03
-9.39,-0.04,-1.89,-0.01,0.01,0.04,27.29,Mov03
-9.45,-0.05,-1.9,-0.01,0.01,0.04,27.28,Mov03
-9.45,-0.07,-1.9,-0.0,0.0,0.04,27.28,Mov03
-9.47,-0.05,-1.89,-0.0,-0.0,0.04,27.28,Mov03
-9.49,-0.02,-1.9,-0.0,0.01,0.03,27.28,Mov03
-9.49,0.01,-1.89,-0.0,0.01,0.03,27.28,Mov03
-9.47,0.01,-1.9,-0.01,0.01,0.04,27.28,Mov03
-9.42,-0.01,-1.9,-0.01,0.02,0.04,27.28,Mov03
-9.4,-0.05,-1.91,-0.01,0.02,0.04,27.28,Mov03
-9.4,-0.07,-1.9,-0.01,0.02,0.04,27.28,Mov03
-9.44,-0.07,-1.89,-0.0,0.02,0.03,27.29,Mov03
-9.44,-0.04,-1.91,-0.0,0.01,0.03,27.28,Mov03
-9.46,-0.02,-1.91,-0.0,0.01,0.03,27.29,Mov03
-9.48,-0.03,-1.92,-0.01,-0.0,0.03,27.29,Mov03
-9.45,-0.06,-1.91,-0.01,-0.01,0.04,27.3,Mov03
-9.42,-0.07,-1.91,-0.01,-0.01,0.04,27.3,Mov03
-9.4,-0.06,-1.91,-0.01,-0.01,0.04,27.3,Mov03
-9.39,-0.05,-1.92,-0.01,0.0,0.03,27.3,Mov03
-9.4,-0.04,-1.92,-0.0,0.01,0.03,27.3,Mov03
-9.43,-0.03,-1.9,-0.0,0.01,0.03,27.29,Mov03
-9.47,-0.03,-1.88,-0.0,0.01,0.03,27.29,Mov03
-9.46,-0.0,-1.91,-0.01,0.01,0.04,27.3,Mov03
-9.48,0.01,-1.93,-0.01,0.0,0.04,27.29,Mov03
-9.49,-0.01,-1.92,-0.0,-0.0,0.04,27.29,Mov03
-9.44,-0.03,-1.93,-0.0,0.0,0.04,27.29,Mov03
-9.43,-0.04,-1.94,-0.0,0.01,0.03,27.29,Mov03
-9.41,-0.05,-1.92,0.0,0.01,0.04,27.29,Mov03
-9.4,-0.05,-1.92,0.01,0.01,0.04,27.29,Mov03
-9.42,-0.04,-1.91,0.0,0.01,0.04,27.29,Mov03
-9.45,-0.03,-1.9,0.0,0.0,0.04,27.29,Mov03
-9.46,-0.03,-1.91,-0.0,-0.01,0.04,27.3,Mov03
-9.47,-0.04,-1.91,-0.0,-0.0,0.03,27.3,Mov03
-9.49,-0.03,-1.92,-0.01,0.0,0.03,27.29,Mov03
-9.48,-0.03,-1.92,-0.0,0.0,0.02,27.29,Mov03
-9.47,-0.04,-1.92,0.0,0.0,0.03,27.3,Mov03
-9.43,-0.04,-1.91,0.0,-0.0,0.03,27.3,Mov03
-9.39,-0.04,-1.91,0.0,0.0,0.03,27.29,Mov03
-9.39,-0.03,-1.91,-0.0,-0.0,0.03,27.3,Mov03
-9.41,-0.05,-1.9,-0.01,-0.0,0.04,27.29,Mov03
-9.42,-0.06,-1.9,-0.01,0.0,0.03,27.29,Mov03
-9.44,-0.06,-1.9,-0.01,0.01,0.03,27.29,Mov03
-9.45,-0.03,-1.9,-0.01,0.01,0.03,27.3,Mov03
-9.47,-0.02,-1.91,-0.01,0.01,0.03,27.3,Mov03
-9.47,-0.02,-1.92,-0.01,0.01,0.03,27.29,Mov03
-9.44,-0.01,-1.92,-0.0,0.0,0.03,27.29,Mov03
-9.42,-0.04,-1.91,-0.0,-0.0,0.04,27.29,Mov03
-9.42,-0.06,-1.91,-0.01,0.0,0.04,27.3,Mov03
-9.43,-0.05,-1.92,-0.01,0.0,0.04,27.29,Mov03
-9.42,-0.04,-1.92,-0.01,0.01,0.04,27.29,Mov03
-9.45,-0.04,-1.91,-0.01,0.01,0.04,27.3,Mov03
-9.46,-0.04,-1.9,-0.0,0.01,0.04,27.3,Mov03
-9.45,-0.04,-1.89,-0.0,0.01,0.03,27.3,Mov03
-9.42,-0.03,-1.9,-0.01,0.01,0.02,27.3,Mov03
-9.45,-0.01,-1.92,-0.01,0.01,0.02,27.3,Mov03
-9.49,-0.03,-1.93,-0.01,0.0,0.03,27.3,Mov03
-9.47,-0.04,-1.94,-0.01,-0.0,0.03,27.29,Mov03
-9.46,-0.04,-1.93,-0.01,-0.0,0.04,27.29,Mov03
-9.44,-0.06,-1.92,-0.0,-0.0,0.04,27.3,Mov03
-9.43,-0.06,-1.91,-0.0,-0.01,0.03,27.29,Mov03
-9.43,-0.07,-1.9,-0.0,-0.02,0.03,27.3,Mov03
-9.4,-0.06,-1.9,-0.0,-0.02,0.03,27.3,Mov03
-9.41,-0.06,-1.9,-0.01,-0.01,0.03,27.31,Mov03
-9.43,-0.06,-1.92,-0.01,0.0,0.04,27.3,Mov03
-9.44,-0.06,-1.93,-0.01,0.01,0.04,27.3,Mov03
-9.46,-0.02,-1.93,-0.0,0.0,0.04,27.3,Mov03
-9.48,-0.03,-1.9,0.0,-0.01,0.05,27.31,Mov03
-9.5,-0.05,-1.88,0.0,-0.02,0.04,27.31,Mov03
-9.48,-0.03,-1.9,-0.01,-0.02,0.03,27.31,Mov03
-9.43,-0.03,-1.91,-0.01,-0.0,0.02,27.3,Mov03
-9.36,-0.03,-1.9,-0.01,0.01,0.02,27.31,Mov03
-9.34,-0.06,-1.91,-0.01,0.02,0.03,27.31,Mov03
-9.34,-0.09,-1.92,-0.01,0.02,0.04,27.3,Mov03
-9.42,-0.1,-1.92,-0.0,0.0,0.05,27.3,Mov03
-9.49,-0.07,-1.92,-0.0,-0.01,0.05,27.31,Mov03
-9.52,-0.02,-1.94,-0.01,-0.02,0.05,27.31,Mov03
-9.46,-0.02,-1.95,-0.01,-0.02,0.05,27.31,Mov03
-9.42,-0.04,-1.95,-0.0,-0.0,0.05,27.31,Mov03
-9.37,-0.06,-1.93,0.0,0.01,0.04,27.31,Mov03
-9.36,-0.07,-1.94,0.01,0.02,0.04,27.31,Mov03
-9.41,-0.03,-1.92,0.01,0.02,0.04,27.31,Mov03
-9.57,0.0,-1.91,0.01,0.01,0.03,27.32,Mov03
-9.62,0.0,-1.93,0.01,-0.01,0.03,27.31,Mov03
-9.61,-0.01,-1.94,0.01,-0.03,0.03,27.3,Mov03
-9.54,-0.03,-1.93,0.01,-0.03,0.03,27.31,Mov03
-9.44,-0.08,-1.91,0.01,-0.02,0.02,27.31,Mov03
-9.37,-0.09,-1.9,0.01,-0.01,0.03,27.31,Mov03
-9.34,-0.06,-1.87,0.0,-0.0,0.03,27.31,Mov03
-9.37,-0.04,-1.86,-0.0,0.01,0.03,27.31,Mov03
-9.45,-0.02,-1.87,-0.01,0.0,0.04,27.32,Mov03
-9.49,-0.0,-1.86,-0.01,-0.0,0.04,27.31,Mov03
-9.51,-0.0,-1.87,-0.02,-0.01,0.04,27.31,Mov03
-9.46,-0.03,-1.89,-0.02,-0.01,0.04,27.3,Mov03
-9.43,-0.04,-1.9,-0.02,-0.01,0.04,27.31,Mov03
-9.42,-0.05,-1.91,-0.01,0.0,0.04,27.31,Mov03
-9.44,-0.04,-1.9,-0.01,0.01,0.03,27.32,Mov03
-9.45,-0.03,-1.92,-0.01,0.0,0.03,27.31,Mov03
-9.41,-0.05,-1.91,-0.01,0.01,0.03,27.31,Mov03
-9.41,-0.05,-1.92,-0.01,0.01,0.03,27.31,Mov03
-9.43,-0.05,-1.92,-0.01,0.01,0.03,27.31,Mov03
-9.45,-0.06,-1.93,-0.01,0.01,0.04,27.32,Mov03
-9.5,-0.06,-1.91,-0.01,0.0,0.04,27.32,Mov03
-9.48,-0.04,-1.92,-0.01,-0.01,0.03,27.32,Mov03
-9.44,-0.06,-1.92,-0.01,-0.02,0.03,27.31,Mov03
-9.42,-0.07,-1.9,-0.01,-0.01,0.04,27.31,Mov03
-9.41,-0.05,-1.89,-0.01,-0.01,0.04,27.31,Mov03
-9.41,-0.05,-1.9,-0.01,0.0,0.03,27.31,Mov03
-9.44,-0.05,-1.9,-0.0,0.01,0.03,27.31,Mov03
-9.53,-0.03,-1.9,-0.0,-0.0,0.03,27.31,Mov03
-9.56,-0.03,-1.91,-0.0,-0.02,0.03,27.32,Mov03
-9.51,-0.0,-1.91,-0.0,-0.03,0.02,27.32,Mov03
-9.47,-0.01,-1.92,-0.0,-0.03,0.02,27.31,Mov03
-9.47,-0.04,-1.93,0.0,-0.03,0.03,27.31,Mov03
-9.45,-0.08,-1.89,0.01,-0.03,0.03,27.31,Mov03
-9.37,-0.08,-1.88,0.01,-0.03,0.03,27.31,Mov03
-9.36,-0.09,-1.85,0.01,-0.03,0.03,27.31,Mov03
-9.39,-0.06,-1.85,0.0,-0.01,0.03,27.31,Mov03
-9.41,-0.03,-1.87,-0.0,-0.0,0.04,27.31,Mov03
-9.43,-0.03,-1.87,-0.0,-0.0,0.04,27.31,Mov03
-9.45,-0.04,-1.86,-0.0,-0.0,0.05,27.32,Mov03
-9.5,-0.08,-1.84,0.0,-0.01,0.04,27.31,Mov03
-9.52,-0.1,-1.84,0.0,-0.02,0.04,27.31,Mov03
-9.46,-0.09,-1.83,0.0,-0.02,0.04,27.31,Mov03
-9.42,-0.07,-1.85,-0.0,-0.01,0.04,27.31,Mov03
-9.4,-0.03,-1.88,-0.01,0.0,0.05,27.31,Mov03
-9.4,-0.04,-1.88,-0.01,0.01,0.04,27.31,Mov03
-9.42,-0.03,-1.9,-0.01,0.02,0.04,27.31,Mov03
-9.42,-0.02,-1.88,-0.01,0.02,0.04,27.31,Mov03
-9.41,-0.04,-1.87,-0.01,0.01,0.04,27.31,Mov03
-9.43,-0.04,-1.87,-0.01,0.01,0.05,27.31,Mov03
-9.47,-0.05,-1.87,-0.01,0.0,0.05,27.31,Mov03
-9.5,-0.05,-1.88,-0.01,0.0,0.05,27.3,Mov03
-9.51,-0.03,-1.89,-0.01,-0.01,0.05,27.31,Mov03
-9.48,-0.02,-1.9,-0.01,-0.01,0.04,27.31,Mov03
-9.42,0.0,-1.91,-0.01,-0.01,0.05,27.32,Mov03
-9.4,-0.03,-1.9,-0.01,-0.01,0.06,27.32,Mov03
-9.39,-0.05,-1.87,-0.0,0.0,0.05,27.32,Mov03
-9.41,-0.05,-1.86,-0.0,0.01,0.04,27.32,Mov03
-9.45,-0.04,-1.86,-0.0,0.01,0.03,27.32,Mov03
-9.47,-0.03,-1.86,-0.01,0.01,0.03,27.32,Mov03
-9.51,-0.02,-1.87,-0.01,-0.0,0.03,27.32,Mov03
-9.5,-0.02,-1.89,-0.01,-0.01,0.03,27.31,Mov03
-9.44,-0.02,-1.89,-0.01,-0.01,0.03,27.32,Mov03
-9.4,-0.03,-1.88,-0.0,-0.01,0.04,27.32,Mov03
-9.38,-0.05,-1.87,0.0,0.0,0.04,27.32,Mov03
-9.42,-0.05,-1.84,0.01,0.0,0.04,27.32,Mov03
-9.46,-0.05,-1.83,-0.0,0.0,0.03,27.32,Mov03
-9.43,-0.03,-1.84,-0.01,0.0,0.03,27.32,Mov03
-9.44,-0.02,-1.86,-0.01,0.01,0.03,27.32,Mov03
-9.45,-0.03,-1.87,-0.01,0.01,0.03,27.32,Mov03
-9.43,-0.05,-1.88,-0.0,-0.0,0.03,27.32,Mov03
-9.45,-0.06,-1.88,0.01,-0.01,0.04,27.31,Mov03
-9.5,-0.05,-1.84,0.01,-0.02,0.04,27.32,Mov03
-9.49,-0.03,-1.84,0.0,-0.02,0.04,27.32,Mov03
-9.42,0.0,-1.84,-0.01,-0.01,0.04,27.32,Mov03
-9.38,0.02,-1.85,-0.01,0.01,0.04,27.33,Mov03
-9.37,-0.01,-1.87,-0.01,0.02,0.04,27.33,Mov03
-9.39,-0.05,-1.86,-0.01,0.02,0.04,27.33,Mov03
-9.43,-0.06,-1.87,-0.0,0.01,0.04,27.33,Mov03
-9.5,-0.05,-1.86,0.0,0.0,0.04,27.33,Mov03
-9.55,-0.01,-1.86,-0.0,-0.0,0.04,27.33,Mov03
-9.56,0.04,-1.87,-0.0,-0.01,0.04,27.32,Mov03
-9.54,0.03,-1.87,-0.0,-0.02,0.03,27.33,Mov03
-9.47,-0.01,-1.88,-0.0,-0.02,0.03,27.33,Mov03
-9.42,-0.04,-1.87,0.0,-0.01,0.03,27.33,Mov03
-9.37,-0.07,-1.86,-0.0,0.0,0.02,27.32,Mov03
-9.35,-0.07,-1.85,-0.0,0.02,0.02,27.33,Mov03
-9.36,-0.08,-1.83,-0.0,0.03,0.02,27.33,Mov03
-9.43,-0.05,-1.85,-0.01,0.03,0.02,27.33,Mov03
-9.49,-0.03,-1.86,-0.01,0.02,0.03,27.33,Mov03
-9.52,-0.03,-1.87,-0.01,-0.0,0.03,27.33,Mov03
-9.51,-0.04,-1.88,-0.0,-0.02,0.04,27.33,Mov03
-9.46,-0.04,-1.86,-0.0,-0.02,0.04,27.33,Mov03
-9.43,-0.05,-1.85,0.0,-0.02,0.04,27.33,Mov03
-9.39,-0.07,-1.83,-0.0,-0.01,0.03,27.32,Mov03
-9.39,-0.07,-1.82,-0.01,0.0,0.03,27.32,Mov03
-9.4,-0.04,-1.85,-0.01,0.01,0.03,27.32,Mov03
-9.41,-0.03,-1.87,-0.02,0.02,0.03,27.32,Mov03
-9.47,-0.02,-1.88,-0.01,0.03,0.04,27.32,Mov03
-9.5,-0.03,-1.89,-0.01,0.02,0.04,27.32,Mov03
-9.49,-0.04,-1.9,-0.01,0.01,0.04,27.32,Mov03
-9.47,-0.06,-1.89,-0.0,-0.0,0.04,27.33,Mov03
-9.46,-0.05,-1.87,-0.01,-0.01,0.04,27.33,Mov03
-9.45,-0.03,-1.88,-0.01,-0.01,0.04,27.33,Mov03
-9.41,-0.01,-1.89,-0.01,-0.01,0.04,27.33,Mov03
-9.43,-0.01,-1.89,-0.01,0.0,0.03,27.33,Mov03
-9.47,-0.04,-1.88,-0.0,0.01,0.03,27.33,Mov03
-9.49,-0.06,-1.86,0.0,0.0,0.03,27.33,Mov03
-9.46,-0.06,-1.85,0.0,-0.01,0.04,27.33,Mov03
-9.45,-0.05,-1.84,0.0,-0.02,0.04,27.33,Mov03
-9.44,-0.03,-1.84,0.0,-0.02,0.04,27.33,Mov03
-9.41,-0.03,-1.84,-0.0,-0.01,0.04,27.32,Mov03
-9.39,-0.02,-1.85,-0.01,-0.0,0.04,27.32,Mov03
-9.4,-0.02,-1.87,-0.01,0.0,0.04,27.32,Mov03
-9.41,-0.04,-1.87,-0.01,0.01,0.03,27.33,Mov03
-9.49,-0.05,-1.87,-0.01,0.01,0.04,27.33,Mov03
-9.53,-0.04,-1.85,-0.01,-0.01,0.03,27.33,Mov03
-9.51,-0.03,-1.85,-0.0,-0.02,0.03,27.32,Mov03
-9.46,-0.02,-1.87,-0.0,-0.02,0.03,27.32,Mov03
-9.39,-0.02,-1.89,-0.0,-0.01,0.03,27.32,Mov03
-9.39,-0.05,-1.87,-0.0,0.0,0.03,27.32,Mov03
-9.4,-0.08,-1.85,-0.0,0.01,0.03,27.32,Mov03
-9.43,-0.06,-1.86,-0.0,0.02,0.03,27.32,Mov03
-9.46,-0.03,-1.86,-0.0,0.02,0.03,27.32,Mov03
-9.48,-0.01,-1.88,-0.0,0.01,0.03,27.32,Mov03
-9.5,-0.01,-1.89,0.0,-0.0,0.04,27.32,Mov03
-9.5,-0.04,-1.89,0.0,-0.02,0.05,27.33,Mov03
-9.46,-0.04,-1.88,0.0,-0.02,0.04,27.32,Mov03
-9.45,-0.03,-1.86,-0.0,-0.02,0.03,27.32,Mov03
-9.45,-0.02,-1.85,-0.01,-0.01,0.03,27.32,Mov03
-9.42,-0.02,-1.85,-0.01,0.01,0.03,27.32,Mov03
-9.39,-0.04,-1.85,-0.01,0.01,0.03,27.32,Mov03
-9.42,-0.05,-1.84,-0.01,0.01,0.03,27.32,Mov03
-9.49,-0.07,-1.84,-0.01,-0.0,0.04,27.32,Mov03
-9.5,-0.06,-1.85,-0.01,-0.01,0.04,27.32,Mov03
-9.51,-0.02,-1.84,-0.01,-0.02,0.04,27.33,Mov03
-9.5,-0.02,-1.87,-0.01,-0.02,0.04,27.33,Mov03
-9.43,-0.03,-1.89,-0.01,-0.01,0.04,27.32,Mov03
-9.4,-0.02,-1.87,-0.01,-0.0,0.04,27.32,Mov03
-9.39,-0.04,-1.86,-0.0,0.01,0.03,27.32,Mov03
-9.41,-0.05,-1.86,0.0,0.01,0.03,27.32,Mov03
-9.44,-0.05,-1.87,0.01,0.01,0.03,27.33,Mov03
-9.5,-0.04,-1.84,0.0,0.01,0.02,27.32,Mov03
-9.53,-0.01,-1.84,-0.0,0.0,0.03,27.33,Mov03
-9.5,0.01,-1.86,-0.01,-0.0,0.03,27.33,Mov03
-9.45,-0.0,-1.85,-0.0,-0.01,0.04,27.32,Mov03
-9.43,-0.03,-1.84,-0.0,-0.01,0.04,27.33,Mov03
-9.41,-0.05,-1.83,0.0,-0.01,0.04,27.33,Mov03
-9.42,-0.06,-1.82,-0.0,-0.01,0.04,27.33,Mov03
-9.42,-0.08,-1.82,-0.0,-0.01,0.04,27.32,Mov03
-9.45,-0.06,-1.83,-0.01,-0.01,0.04,27.32,Mov03
-9.46,-0.03,-1.85,-0.01,-0.01,0.04,27.32,Mov03
-9.47,-0.01,-1.85,-0.01,-0.01,0.04,27.33,Mov03
-9.47,-0.0,-1.85,-0.01,-0.01,0.04,27.32,Mov03
-9.48,-0.01,-1.83,-0.01,-0.0,0.04,27.32,Mov03
-9.52,-0.03,-1.81,-0.01,-0.0,0.03,27.33,Mov03
-9.46,-0.05,-1.81,-0.01,-0.0,0.03,27.32,Mov03
-9.39,-0.02,-1.83,-0.01,-0.0,0.03,27.33,Mov03
-9.37,-0.02,-1.84,-0.01,0.01,0.03,27.32,Mov03
-9.39,-0.05,-1.85,-0.01,0.01,0.03,27.33,Mov03
-9.42,-0.07,-1.84,-0.0,0.01,0.03,27.34,Mov03
-9.45,-0.07,-1.84,-0.01,0.0,0.03,27.34,Mov03
-9.48,-0.08,-1.82,-0.01,-0.0,0.03,27.33,Mov03
-9.48,-0.06,-1.83,-0.01,-0.01,0.04,27.33,Mov03
-9.48,-0.04,-1.83,-0.01,-0.01,0.05,27.33,Mov03
-9.45,-0.01,-1.84,-0.0,-0.01,0.05,27.32,Mov03
-9.44,-0.01,-1.84,0.0,-0.01,0.04,27.33,Mov03
-9.44,-0.03,-1.84,0.0,-0.0,0.04,27.33,Mov03
-9.48,-0.04,-1.81,0.0,-0.01,0.04,27.33,Mov03
-9.49,-0.03,-1.81,-0.0,-0.01,0.03,27.33,Mov03
-9.45,-0.02,-1.82,-0.01,-0.01,0.04,27.33,Mov03
-9.43,0.0,-1.84,-0.0,-0.0,0.04,27.33,Mov03
-9.44,0.01,-1.84,0.0,-0.0,0.04,27.34,Mov03
-9.45,-0.04,-1.82,0.01,-0.01,0.03,27.34,Mov03
-9.46,-0.06,-1.81,0.01,-0.02,0.03,27.34,Mov03
-9.48,-0.06,-1.81,0.01,-0.02,0.03,27.33,Mov03
-9.52,-0.05,-1.81,0.0,-0.02,0.02,27.34,Mov03
-9.47,-0.03,-1.82,-0.0,-0.01,0.02,27.33,Mov03
-9.4,-0.04,-1.83,-0.0,0.01,0.03,27.34,Mov03
-9.35,-0.03,-1.82,-0.0,0.01,0.04,27.34,Mov03
-9.35,-0.04,-1.8,0.0,0.01,0.04,27.34,Mov03
-9.42,-0.06,-1.8,0.01,0.0,0.05,27.34,Mov03
-9.5,-0.06,-1.79,0.01,-0.01,0.05,27.34,Mov03
-9.56,-0.02,-1.79,-0.0,-0.02,0.04,27.34,Mov03
-9.57,-0.0,-1.82,-0.01,-0.02,0.04,27.34,Mov03
-9.48,0.01,-1.84,-0.01,-0.01,0.04,27.33,Mov03
-9.4,0.0,-1.86,-0.01,0.01,0.03,27.33,Mov03
-9.38,-0.02,-1.87,-0.0,0.02,0.03,27.34,Mov03
-9.4,-0.07,-1.82,-0.0,0.02,0.03,27.34,Mov03
-9.47,-0.09,-1.79,-0.01,0.01,0.03,27.34,Mov03
-9.5,-0.07,-1.78,-0.02,0.01,0.03,27.34,Mov03
-9.47,-0.03,-1.81,-0.02,0.0,0.04,27.34,Mov03
-9.41,-0.04,-1.82,-0.02,0.0,0.04,27.34,Mov03
-9.38,-0.04,-1.85,-0.01,-0.0,0.05,27.35,Mov03
-9.39,-0.06,-1.85,-0.0,-0.02,0.06,27.34,Mov03
-9.46,-0.06,-1.86,0.0,-0.03,0.06,27.34,Mov03
-9.52,-0.03,-1.85,0.0,-0.03,0.05,27.34,Mov03
-9.54,-0.01,-1.83,0.0,-0.02,0.04,27.35,Mov03
-9.5,-0.0,-1.84,0.0,-0.0,0.03,27.35,Mov03
-9.44,-0.01,-1.83,0.0,0.01,0.03,27.35,Mov03
-9.39,-0.03,-1.82,0.01,0.02,0.03,27.35,Mov03
-9.39,-0.04,-1.8,0.01,0.02,0.03,27.35,Mov03
-9.45,-0.04,-1.78,0.01,0.0,0.03,27.35,Mov03
-9.49,-0.03,-1.79,0.01,-0.01,0.04,27.35,Mov03
-9.52,-0.02,-1.78,0.0,-0.02,0.04,27.34,Mov03
-9.49,0.0,-1.79,-0.0,-0.03,0.04,27.34,Mov03
-9.46,-0.01,-1.8,-0.01,-0.02,0.04,27.34,Mov03
-9.44,-0.03,-1.79,-0.01,-0.01,0.04,27.34,Mov03
-9.42,-0.05,-1.79,-0.0,0.0,0.03,27.34,Mov03
-9.41,-0.04,-1.8,-0.0,0.02,0.03,27.34,Mov03
-9.46,-0.01,-1.8,-0.0,0.02,0.03,27.35,Mov03
-9.51,-0.01,-1.81,-0.0,0.02,0.03,27.35,Mov03
-9.51,-0.03,-1.83,-0.01,0.01,0.04,27.35,Mov03
-9.48,-0.06,-1.81,-0.01,0.0,0.04,27.35,Mov03
-9.46,-0.06,-1.82,-0.01,-0.0,0.04,27.35,Mov03
-9.4,-0.05,-1.82,-0.01,-0.01,0.04,27.35,Mov03
-9.38,-0.02,-1.82,-0.01,-0.0,0.04,27.34,Mov03
-9.41,-0.01,-1.8,-0.01,0.01,0.03,27.35,Mov03
-9.45,-0.03,-1.79,-0.01,0.01,0.03,27.35,Mov03
-9.48,-0.03,-1.79,-0.01,0.01,0.03,27.35,Mov03
-9.48,-0.04,-1.81,-0.01,0.01,0.04,27.36,Mov03
-9.47,-0.03,-1.82,-0.01,0.0,0.05,27.36,Mov03
-9.42,-0.03,-1.82,-0.0,0.0,0.04,27.37,Mov03
-9.44,-0.02,-1.82,0.0,0.0,0.04,27.36,Mov03
-9.47,-0.03,-1.81,0.0,-0.0,0.03,27.35,Mov03
-9.51,-0.02,-1.81,0.0,-0.01,0.03,27.35,Mov03
-9.51,-0.04,-1.81,-0.0,-0.01,0.03,27.36,Mov03
-9.46,-0.05,-1.83,-0.01,-0.01,0.03,27.36,Mov03
-9.42,-0.07,-1.82,-0.01,-0.0,0.03,27.36,Mov03
-9.42,-0.07,-1.81,-0.01,0.0,0.04,27.35,Mov03
-9.44,-0.06,-1.8,-0.0,-0.0,0.05,27.36,Mov03
-9.49,-0.03,-1.8,-0.0,-0.01,0.05,27.35,Mov03
-9.5,-0.02,-1.8,-0.0,-0.02,0.04,27.35,Mov03
-9.47,-0.0,-1.8,-0.0,-0.02,0.04,27.35,Mov03
-9.48,0.0,-1.8,-0.0,-0.01,0.03,27.35,Mov03
-9.48,-0.03,-1.81,-0.0,-0.01,0.03,27.36,Mov03
-9.44,-0.07,-1.81,-0.0,-0.01,0.03,27.36,Mov03
-9.39,-0.08,-1.78,0.0,0.0,0.03,27.37,Mov03
-9.42,-0.06,-1.78,0.0,0.01,0.03,27.37,Mov03
-9.46,-0.03,-1.78,-0.0,0.0,0.04,27.37,Mov03
-9.48,-0.03,-1.79,-0.0,-0.01,0.04,27.37,Mov03
-9.45,-0.03,-1.81,-0.0,-0.01,0.03,27.37,Mov03
-9.41,-0.01,-1.82,-0.0,-0.0,0.03,27.37,Mov03
-9.39,-0.02,-1.82,0.0,0.01,0.03,27.37,Mov03
-9.42,-0.04,-1.8,0.0,0.02,0.02,27.37,Mov03
-9.43,-0.06,-1.79,0.0,0.02,0.02,27.36,Mov03
-9.47,-0.08,-1.8,-0.0,0.02,0.03,27.36,Mov03
-9.49,-0.07,-1.82,-0.0,0.01,0.04,27.36,Mov03
-9.49,-0.05,-1.82,-0.0,-0.01,0.05,27.36,Mov03
-9.5,-0.03,-1.83,0.0,-0.01,0.05,27.35,Mov03
-9.48,-0.02,-1.81,0.0,-0.02,0.05,27.35,Mov03
-9.47,-0.02,-1.8,0.0,-0.02,0.04,27.35,Mov03
-9.45,-0.03,-1.79,-0.0,-0.01,0.03,27.36,Mov03
-9.44,-0.03,-1.78,-0.01,0.0,0.03,27.36,Mov03
-9.41,-0.03,-1.78,-0.01,0.01,0.03,27.36,Mov03
-9.4,-0.03,-1.81,-0.01,0.01,0.03,27.37,Mov03
-9.45,-0.05,-1.81,-0.01,0.01,0.04,27.37,Mov03
-9.53,-0.04,-1.78,-0.0,0.0,0.05,27.36,Mov03
-9.54,-0.03,-1.77,-0.01,-0.01,0.05,27.36,Mov03
-9.5,-0.02,-1.79,-0.01,-0.02,0.04,27.37,Mov03
-9.44,-0.01,-1.82,-0.01,-0.01,0.03,27.37,Mov03
-9.4,-0.01,-1.82,-0.01,-0.0,0.03,27.36,Mov03
-9.37,-0.05,-1.8,-0.01,0.01,0.03,27.37,Mov03
-9.38,-0.08,-1.8,-0.01,0.01,0.03,27.36,Mov03
-9.42,-0.07,-1.79,-0.01,0.01,0.04,27.36,Mov03
-9.45,-0.05,-1.81,-0.01,0.01,0.05,27.36,Mov03
-9.51,-0.03,-1.8,-0.01,0.0,0.05,27.36,Mov03
-9.55,-0.0,-1.82,-0.01,-0.01,0.05,27.37,Mov03
-9.54,0.0,-1.84,-0.01,-0.01,0.04,27.36,Mov03
-9.48,-0.01,-1.84,-0.01,-0.01,0.04,27.37,Mov03
-9.43,-0.03,-1.82,-0.01,-0.0,0.03,27.37,Mov03
-9.42,-0.07,-1.81,-0.01,0.01,0.03,27.37,Mov03
-9.41,-0.06,-1.81,-0.0,0.02,0.03,27.36,Mov03
-9.41,-0.07,-1.8,-0.0,0.02,0.03,27.37,Mov03
-9.42,-0.05,-1.81,-0.01,0.02,0.04,27.37,Mov03
-9.45,-0.0,-1.81,-0.01,0.01,0.04,27.37,Mov03
-9.5,-0.02,-1.8,-0.0,-0.0,0.04,27.37,Mov03
-9.51,-0.04,-1.79,-0.0,-0.02,0.04,27.37,Mov03
-9.48,-0.02,-1.79,-0.0,-0.02,0.04,27.38,Mov03
-9.45,-0.04,-1.8,-0.0,-0.02,0.04,27.38,Mov03
-9.45,-0.03,-1.8,-0.0,-0.01,0.04,27.38,Mov03
-9.44,-0.04,-1.8,-0.0,-0.0,0.04,27.37,Mov03
-9.43,-0.03,-1.8,-0.01,-0.0,0.04,27.38,Mov03
-9.41,-0.03,-1.8,-0.01,0.01,0.04,27.38,Mov03
-9.43,-0.03,-1.79,-0.0,0.02,0.03,27.38,Mov03
-9.47,-0.03,-1.8,-0.0,0.02,0.03,27.39,Mov03
-9.52,-0.02,-1.79,-0.0,0.01,0.03,27.38,Mov03
-9.53,-0.0,-1.8,-0.0,-0.01,0.04,27.37,Mov03
-9.49,-0.0,-1.82,-0.0,-0.03,0.05,27.37,Mov03
-9.46,-0.01,-1.81,-0.0,-0.03,0.05,27.37,Mov03
-9.46,-0.03,-1.78,-0.0,-0.02,0.04,27.37,Mov03
-9.44,-0.03,-1.8,-0.01,-0.01,0.04,27.37,Mov03
-9.41,-0.04,-1.78,-0.01,0.0,0.03,27.37,Mov03
-9.4,-0.03,-1.8,-0.01,0.01,0.03,27.37,Mov03
-9.42,-0.02,-1.79,-0.0,0.01,0.04,27.37,Mov03
-9.46,-0.03,-1.8,0.0,0.0,0.05,27.37,Mov03
-9.49,-0.02,-1.77,-0.0,-0.01,0.05,27.37,Mov03
-9.51,-0.01,-1.77,-0.0,-0.02,0.04,27.37,Mov03
-9.48,0.01,-1.79,-0.01,-0.02,0.04,27.37,Mov03
-9.44,0.02,-1.8,-0.01,-0.01,0.04,27.37,Mov03
-9.41,0.0,-1.79,-0.01,0.0,0.03,27.37,Mov03
-9.41,-0.02,-1.77,-0.0,0.01,0.03,27.37,Mov03
-9.42,-0.03,-1.77,-0.0,0.01,0.03,27.37,Mov03
-9.45,-0.04,-1.77,-0.0,0.0,0.04,27.37,Mov03
-9.49,-0.05,-1.76,-0.0,-0.0,0.04,27.37,Mov03
-9.49,-0.0,-1.8,-0.01,0.0,0.04,27.37,Mov03
-9.46,0.02,-1.81,-0.01,0.01,0.04,27.37,Mov03
-9.44,0.0,-1.82,-0.01,0.01,0.03,27.37,Mov03
-9.44,-0.01,-1.8,-0.0,0.01,0.04,27.37,Mov03
-9.44,-0.04,-1.78,0.0,-0.0,0.04,27.37,Mov03
-9.45,-0.04,-1.77,0.0,-0.01,0.04,27.37,Mov03
-9.45,-0.05,-1.77,0.0,-0.01,0.04,27.37,Mov03
-9.48,-0.03,-1.77,-0.0,-0.01,0.04,27.38,Mov03
-9.47,0.01,-1.79,-0.01,-0.0,0.03,27.38,Mov03
-9.44,0.01,-1.8,-0.01,0.0,0.04,27.38,Mov03
-9.44,0.0,-1.78,-0.01,0.01,0.04,27.38,Mov03
-9.44,-0.01,-1.78,-0.0,0.01,0.04,27.38,Mov03
-9.46,-0.02,-1.79,0.0,0.0,0.05,27.38,Mov03
-9.48,-0.03,-1.77,0.01,-0.01,0.05,27.38,Mov03
-9.48,0.0,-1.77,0.0,-0.01,0.04,27.38,Mov03
-9.51,0.01,-1.77,-0.0,-0.01,0.04,27.38,Mov03
-9.48,0.03,-1.78,-0.01,-0.01,0.03,27.37,Mov03
-9.42,0.01,-1.79,-0.01,-0.0,0.03,27.38,Mov03
-9.4,-0.02,-1.79,-0.01,0.01,0.03,27.37,Mov03
-9.42,-0.03,-1.79,-0.0,0.01,0.04,27.37,Mov03
-9.44,-0.03,-1.78,0.0,0.01,0.04,27.37,Mov03
-9.48,-0.01,-1.76,0.0,0.0,0.04,27.37,Mov03
-9.53,0.02,-1.76,-0.01,0.01,0.04,27.37,Mov03
-9.52,0.04,-1.78,-0.01,0.01,0.04,27.37,Mov03
-9.44,0.03,-1.8,-0.01,0.01,0.04,27.37,Mov03
-9.41,0.0,-1.8,-0.01,0.01,0.04,27.37,Mov03
-9.4,-0.04,-1.78,-0.0,0.0,0.04,27.37,Mov03
-9.4,-0.05,-1.78,0.0,-0.0,0.04,27.37,Mov03
-9.44,-0.02,-1.78,0.0,-0.0,0.04,27.37,Mov03
-9.49,0.01,-1.79,0.0,-0.0,0.04,27.37,Mov03
-9.51,0.04,-1.8,-0.01,-0.0,0.04,27.37,Mov03
-9.48,0.02,-1.79,-0.01,0.0,0.04,27.38,Mov03
-9.47,0.0,-1.79,-0.01,-0.0,0.04,27.38,Mov03
-9.46,-0.02,-1.79,-0.0,-0.0,0.04,27.39,Mov03
-9.48,-0.01,-1.79,-0.0,-0.01,0.03,27.38,Mov03
-9.46,-0.01,-1.79,0.0,-0.0,0.03,27.38,Mov03
-9.44,0.01,-1.78,-0.0,0.01,0.02,27.38,Mov03
-9.42,0.0,-1.79,-0.01,0.01,0.02,27.38,Mov03
-9.39,-0.03,-1.79,-0.01,0.02,0.03,27.38,Mov03
-9.4,-0.05,-1.78,-0.01,0.02,0.04,27.38,Mov03
-9.42,-0.06,-1.79,-0.01,0.02,0.04,27.39,Mov03
-9.4,-0.04,-1.8,-0.01,0.02,0.04,27.38,Mov03
-9.46,-0.0,-1.78,-0.0,0.02,0.05,27.39,Mov03
-9.59,0.01,-1.76,-0.0,0.01,0.05,27.39,Mov03
-9.55,0.02,-1.78,-0.0,-0.01,0.05,27.39,Mov03
-9.45,0.03,-1.81,-0.0,-0.01,0.04,27.38,Mov03
-9.4,0.01,-1.81,0.0,0.01,0.03,27.39,Mov03
-9.42,-0.02,-1.81,0.0,0.01,0.03,27.39,Mov03
-9.41,-0.04,-1.79,0.0,0.01,0.03,27.38,Mov03
-9.43,-0.05,-1.8,0.0,0.01,0.03,27.38,Mov03
-9.5,-0.02,-1.79,0.0,-0.0,0.04,27.38,Mov03
-9.56,-0.0,-1.79,-0.0,-0.01,0.04,27.39,Mov03
-9.55,0.03,-1.81,-0.0,-0.02,0.04,27.39,Mov03
-9.48,0.04,-1.83,-0.0,-0.02,0.04,27.39,Mov03
-9.43,0.02,-1.83,0.0,-0.02,0.04,27.39,Mov03
-9.4,-0.01,-1.81,0.0,-0.01,0.04,27.39,Mov03
-9.34,-0.02,-1.82,0.01,-0.0,0.04,27.39,Mov03
-9.37,-0.04,-1.77,0.0,0.01,0.03,27.39,Mov03
-9.42,-0.04,-1.77,-0.0,0.02,0.03,27.39,Mov03
-9.47,-0.0,-1.78,-0.01,0.02,0.04,27.39,Mov03
-9.51,0.03,-1.79,-0.01,0.01,0.04,27.39,Mov03
-9.48,0.04,-1.8,-0.01,0.0,0.04,27.39,Mov03
-9.48,0.03,-1.8,-0.01,-0.0,0.04,27.39,Mov03
-9.45,0.02,-1.8,-0.0,-0.0,0.04,27.39,Mov03
-9.42,-0.0,-1.8,0.0,-0.0,0.04,27.4,Mov03
-9.42,-0.01,-1.78,0.0,0.01,0.04,27.39,Mov03
-9.44,0.0,-1.78,-0.0,0.01,0.03,27.4,Mov03
-0.73,-0.03,8.88,-0.0,0.0,0.04,27.42,Mov00
-0.73,-0.03,8.89,-0.0,0.0,0.04,27.42,Mov00
-0.73,-0.02,8.88,-0.0,-0.0,0.04,27.42,Mov00
-0.71,-0.02,8.86,-0.01,0.01,0.04,27.43,Mov00
-0.74,-0.02,8.89,-0.0,-0.0,0.04,27.42,Mov00
-0.72,-0.02,8.89,-0.0,-0.01,0.04,27.42,Mov00
-0.72,-0.03,8.88,-0.01,0.0,0.04,27.42,Mov00
-0.72,-0.03,8.87,-0.0,0.0,0.04,27.42,Mov00
-0.73,-0.03,8.87,-0.0,-0.0,0.04,27.42,Mov00
-0.73,-0.04,8.87,-0.0,0.0,0.04,27.41,Mov00
-0.73,-0.04,8.87,-0.0,0.0,0.04,27.41,Mov00
-0.74,-0.04,8.87,-0.0,0.0,0.04,27.42,Mov00
-0.74,-0.03,8.86,-0.0,-0.0,0.04,27.42,Mov00
-0.72,-0.03,8.86,-0.0,0.0,0.04,27.4,Mov00
-0.73,-0.03,8.87,-0.0,0.0,0.04,27.41,Mov00
-0.73,-0.03,8.87,-0.0,-0.0,0.04,27.41,Mov00
-0.72,-0.02,8.88,-0.0,-0.0,0.04,27.41,Mov00
-0.71,-0.03,8.88,-0.0,0.0,0.04,27.41,Mov00
-0.71,-0.03,8.88,-0.0,0.0,0.04,27.41,Mov00
-0.72,-0.03,8.89,-0.0,-0.0,0.04,27.41,Mov00
-0.72,-0.03,8.88,-0.0,0.0,0.04,27.41,Mov00
-0.71,-0.03,8.87,-0.01,0.0,0.04,27.41,Mov00
-0.72,-0.03,8.86,-0.01,0.0,0.04,27.4,Mov00
-0.72,-0.03,8.87,-0.0,-0.0,0.04,27.41,Mov00
-0.72,-0.03,8.88,-0.0,-0.0,0.04,27.4,Mov00
-0.72,-0.03,8.86,-0.0,0.0,0.04,27.4,Mov00
-0.73,-0.03,8.87,-0.0,0.0,0.04,27.4,Mov00
-0.72,-0.04,8.87,-0.0,-0.0,0.04,27.4,Mov00
-0.72,-0.03,8.87,-0.0,0.0,0.04,27.4,Mov00
-0.73,-0.03,8.87,-0.0,0.0,0.04,27.4,Mov00
-0.73,-0.03,8.89,-0.0,0.0,0.04,27.41,Mov00
-0.73,-0.03,8.89,-0.0,0.0,0.04,27.41,Mov00
-0.73,-0.03,8.88,-0.0,0.0,0.04,27.41,Mov00
-0.73,-0.02,8.88,-0.0,0.0,0.04,27.41,Mov00
-0.73,-0.03,8.88,-0.0,0.0,0.04,27.4,Mov00
-0.73,-0.03,8.88,-0.0,0.0,0.04,27.4,Mov00
-0.73,-0.03,8.88,-0.0,0.0,0.04,27.4,Mov00
-0.72,-0.03,8.88,-0.0,0.0,0.04,27.41,Mov00
-0.72,-0.03,8.9,-0.0,0.0,0.04,27.4,Mov00
-0.72,-0.03,8.89,-0.0,0.0,0.04,27.41,Mov00
-0.72,-0.03,8.89,-0.0,0.0,0.04,27.41,Mov00
-0.73,-0.02,8.88,-0.0,0.0,0.04,27.41,Mov00
-0.72,-0.03,8.87,-0.0,0.0,0.04,27.4,Mov00
-0.72,-0.03,8.88,-0.0,-0.0,0.04,27.41,Mov00
-0.72,-0.03,8.87,-0.0,0.0,0.04,27.41,Mov00
-0.72,-0.03,8.86,-0.0,0.0,0.04,27.4,Mov00
-0.73,-0.03,8.86,-0.0,0.0,0.04,27.4,Mov00
-0.73,-0.03,8.86,-0.0,0.0,0.04,27.4,Mov00
-0.73,-0.03,8.86,-0.0,0.0,0.04,27.41,Mov00
-0.72,-0.03,8.87,-0.0,0.0,0.04,27.41,Mov00
-0.73,-0.04,8.87,-0.0,0.0,0.04,27.42,Mov00
-0.73,-0.04,8.87,-0.0,0.0,0.04,27.42,Mov00
-0.73,-0.03,8.87,-0.0,0.0,0.04,27.41,Mov00
-0.73,-0.03,8.86,-0.01,0.0,0.04,27.41,Mov00
-0.74,-0.04,8.88,-0.0,-0.0,0.04,27.41,Mov00
-0.74,-0.03,8.88,-0.0,-0.0,0.04,27.41,Mov00
-0.74,-0.03,8.9,-0.0,0.0,0.04,27.41,Mov00
-0.72,-0.03,8.89,-0.0,0.0,0.04,27.41,Mov00
-0.71,-0.03,8.9,-0.0,-0.0,0.04,27.41,Mov00
-0.72,-0.03,8.91,-0.0,0.0,0.04,27.4,Mov00
-0.72,-0.03,8.89,0.0,0.01,0.04,27.41,Mov00
-0.72,-0.03,8.86,-0.0,0.01,0.04,27.41,Mov00
-0.74,-0.03,8.85,-0.0,0.01,0.04,27.41,Mov00
-0.73,-0.02,8.85,0.0,0.0,0.04,27.41,Mov00
-0.73,-0.02,8.86,0.0,-0.0,0.04,27.41,Mov00
-0.71,-0.02,8.86,-0.0,0.0,0.04,27.41,Mov00
-0.72,-0.01,8.86,-0.0,0.01,0.04,27.41,Mov00
-0.73,-0.02,8.86,-0.0,0.0,0.04,27.42,Mov00
-0.73,-0.02,8.86,-0.0,-0.0,0.04,27.42,Mov00
-0.73,-0.02,8.88,-0.0,-0.0,0.04,27.41,Mov00
-0.73,-0.02,8.87,-0.0,0.0,0.04,27.41,Mov00
-0.72,-0.02,8.88,-0.0,0.0,0.04,27.41,Mov00
-0.73,-0.02,8.88,-0.0,0.0,0.04,27.41,Mov00
-0.73,-0.02,8.87,-0.0,0.0,0.04,27.41,Mov00
-0.73,-0.01,8.86,-0.0,0.0,0.04,27.4,Mov00
-0.73,-0.02,8.87,-0.0,0.0,0.04,27.4,Mov00
-0.73,-0.03,8.87,-0.0,0.0,0.04,27.41,Mov00
-0.73,-0.02,8.86,-0.0,0.0,0.04,27.41,Mov00
-0.74,-0.02,8.87,-0.0,0.0,0.04,27.4,Mov00
-0.74,-0.02,8.87,-0.0,0.0,0.04,27.41,Mov00
-0.74,-0.02,8.87,-0.0,0.0,0.04,27.41,Mov00
-0.73,-0.02,8.87,-0.0,0.0,0.04,27.41,Mov00
-0.73,-0.01,8.88,-0.0,0.0,0.04,27.41,Mov00
-0.73,-0.02,8.89,-0.0,-0.0,0.04,27.42,Mov00
-0.73,-0.02,8.87,-0.0,0.0,0.04,27.41,Mov00
-0.74,-0.02,8.87,-0.0,0.0,0.04,27.41,Mov00
-0.74,-0.03,8.87,-0.0,-0.0,0.04,27.4,Mov00
-0.73,-0.02,8.88,-0.0,-0.0,0.04,27.4,Mov00
-0.73,-0.02,8.87,-0.0,0.0,0.04,27.4,Mov00
-0.73,-0.02,8.87,-0.0,0.0,0.04,27.4,Mov00
-0.73,-0.03,8.87,-0.0,0.0,0.04,27.4,Mov00
-0.73,-0.02,8.88,-0.0,0.0,0.04,27.39,Mov00
-0.73,-0.02,8.88,-0.0,0.0,0.04,27.39,Mov00
-0.73,-0.03,8.87,-0.0,0.0,0.04,27.39,Mov00
-0.73,-0.02,8.87,-0.0,-0.0,0.04,27.39,Mov00
-0.73,-0.02,8.88,-0.0,-0.0,0.04,27.39,Mov00
-0.73,-0.02,8.9,-0.0,-0.0,0.04,27.4,Mov00
-0.73,-0.02,8.9,-0.0,-0.0,0.04,27.4,Mov00
-0.73,-0.03,8.89,-0.0,0.0,0.04,27.4,Mov00
-0.74,-0.03,8.87,-0.0,0.0,0.04,27.4,Mov00
-0.74,-0.03,8.87,-0.0,-0.0,0.04,27.41,Mov00
-0.74,-0.03,8.87,-0.0,-0.0,0.04,27.41,Mov00
-0.73,-0.03,8.86,-0.0,-0.0,0.04,27.41,Mov00
-0.73,-0.03,8.84,-0.0,0.0,0.04,27.4,Mov00
-0.73,-0.03,8.85,-0.0,-0.0,0.04,27.4,Mov00
-0.73,-0.02,8.85,-0.0,-0.0,0.04,27.41,Mov00
-0.73,-0.02,8.87,-0.0,-0.0,0.04,27.41,Mov00
-0.72,-0.02,8.86,-0.0,-0.0,0.04,27.4,Mov00
-0.72,-0.02,8.86,-0.0,0.0,0.04,27.41,Mov00
-0.72,-0.03,8.88,-0.0,0.0,0.04,27.41,Mov00
-0.72,-0.02,8.87,-0.0,0.0,0.04,27.4,Mov00
-0.73,-0.02,8.89,-0.0,0.0,0.04,27.4,Mov00
-0.74,-0.03,8.88,-0.0,0.0,0.04,27.4,Mov00
-0.72,-0.03,8.87,-0.0,-0.0,0.04,27.4,Mov00
-0.73,-0.02,8.87,-0.0,-0.0,0.04,27.41,Mov00
-0.72,-0.02,8.88,-0.0,0.0,0.04,27.41,Mov00
-0.72,-0.02,8.88,-0.0,0.0,0.04,27.41,Mov00
-0.73,-0.03,8.87,-0.0,0.0,0.04,27.4,Mov00
-0.74,-0.03,8.87,-0.0,0.0,0.04,27.41,Mov00
-0.74,-0.02,8.87,-0.0,-0.0,0.04,27.41,Mov00
-0.73,-0.02,8.87,-0.0,0.0,0.04,27.4,Mov00
-0.73,-0.02,8.86,-0.0,0.0,0.04,27.4,Mov00
-0.74,-0.02,8.86,-0.0,0.0,0.04,27.4,Mov00
-0.74,-0.02,8.87,-0.0,0.0,0.04,27.41,Mov00
-0.73,-0.02,8.87,-0.0,0.0,0.04,27.41,Mov00
-0.73,-0.02,8.86,-0.0,0.0,0.04,27.41,Mov00
-0.74,-0.02,8.86,-0.0,0.0,0.04,27.41,Mov00
-0.74,-0.02,8.87,-0.0,0.0,0.04,27.41,Mov00
-0.74,-0.01,8.86,-0.0,0.0,0.04,27.4,Mov00
-0.74,-0.01,8.88,-0.0,0.0,0.04,27.4,Mov00
-0.73,-0.01,8.88,-0.0,0.0,0.04,27.4,Mov00
-0.74,-0.01,8.87,-0.0,0.0,0.04,27.4,Mov00
-0.73,-0.02,8.87,-0.0,0.0,0.04,27.39,Mov00
-0.74,-0.02,8.87,-0.0,0.0,0.04,27.39,Mov00
-0.74,-0.02,8.87,-0.0,0.0,0.04,27.4,Mov00
-0.74,-0.02,8.87,-0.0,0.0,0.04,27.4,Mov00
-0.74,-0.01,8.88,-0.0,0.0,0.04,27.4,Mov00
-0.74,-0.01,8.89,-0.0,0.0,0.04,27.4,Mov00
-0.73,-0.02,8.88,-0.0,0.0,0.04,27.4,Mov00
-0.73,-0.02,8.89,-0.0,0.0,0.04,27.39,Mov00
-0.72,-0.02,8.88,-0.0,0.0,0.04,27.39,Mov00
-0.73,-0.02,8.89,-0.0,0.0,0.04,27.4,Mov00
-0.73,-0.02,8.88,-0.0,0.0,0.04,27.4,Mov00
-0.73,-0.02,8.87,-0.0,0.0,0.04,27.4,Mov00
-0.72,-0.02,8.87,-0.0,0.0,0.04,27.39,Mov00
-0.74,-0.02,8.87,-0.0,0.0,0.04,27.39,Mov00
-0.73,-0.02,8.87,-0.0,0.0,0.04,27.4,Mov00
-0.74,-0.02,8.88,-0.0,0.0,0.04,27.4,Mov00
-0.73,-0.02,8.88,-0.0,0.0,0.04,27.4,Mov00
-0.73,-0.02,8.88,-0.0,0.0,0.04,27.4,Mov00
-0.73,-0.02,8.88,-0.0,0.0,0.04,27.4,Mov00
-0.73,-0.01,8.88,-0.0,0.0,0.04,27.4,Mov00
-0.72,-0.02,8.87,-0.0,0.0,0.04,27.4,Mov00
-0.72,-0.02,8.87,-0.0,0.0,0.04,27.4,Mov00
-0.72,-0.03,8.87,-0.0,0.0,0.04,27.41,Mov00
-0.73,-0.03,8.88,-0.0,0.0,0.04,27.4,Mov00
-0.73,-0.03,8.87,-0.0,0.0,0.04,27.4,Mov00
-0.73,-0.02,8.88,-0.0,0.0,0.04,27.4,Mov00
-0.74,-0.03,8.88,-0.0,0.0,0.04,27.4,Mov00
-0.73,-0.02,8.88,-0.0,0.0,0.04,27.4,Mov00
-0.73,-0.01,8.87,-0.0,0.0,0.04,27.4,Mov00
-0.73,-0.02,8.87,-0.0,0.0,0.04,27.4,Mov00
-0.74,-0.02,8.87,-0.0,0.0,0.04,27.4,Mov00
-0.74,-0.02,8.87,-0.0,0.0,0.04,27.4,Mov00
-0.74,-0.03,8.88,-0.0,0.0,0.04,27.4,Mov00
-0.74,-0.02,8.88,-0.0,0.0,0.04,27.4,Mov00
-0.74,-0.01,8.87,-0.0,0.0,0.04,27.41,Mov00
-0.73,-0.01,8.88,-0.0,0.0,0.04,27.4,Mov00
-0.74,-0.01,8.87,-0.0,0.0,0.04,27.41,Mov00
-0.73,-0.01,8.88,-0.0,0.0,0.04,27.41,Mov00
-0.73,-0.01,8.88,-0.0,0.0,0.04,27.41,Mov00
-0.73,-0.02,8.88,-0.0,0.0,0.04,27.41,Mov00
-0.73,-0.01,8.87,-0.0,0.0,0.04,27.4,Mov00
-0.73,-0.01,8.86,-0.0,0.0,0.04,27.4,Mov00
-0.73,-0.01,8.87,-0.0,0.0,0.04,27.4,Mov00
-0.73,-0.01,8.87,-0.0,0.0,0.04,27.4,Mov00
-0.73,-0.01,8.88,-0.0,0.0,0.04,27.4,Mov00
-0.73,-0.01,8.87,-0.0,0.0,0.04,27.4,Mov00
-0.72,-0.02,8.87,-0.0,0.0,0.04,27.39,Mov00
-0.72,-0.02,8.88,-0.0,0.0,0.04,27.39,Mov00
-0.73,-0.02,8.87,-0.0,0.0,0.04,27.39,Mov00
-0.72,-0.02,8.87,-0.0,0.0,0.04,27.39,Mov00
-0.73,-0.02,8.87,-0.0,0.0,0.04,27.39,Mov00
-0.72,-0.02,8.88,-0.0,0.0,0.04,27.4,Mov00
-0.73,-0.02,8.88,-0.0,0.0,0.04,27.39,Mov00
-0.72,-0.03,8.88,-0.0,0.0,0.04,27.39,Mov00
-0.73,-0.03,8.88,-0.0,0.0,0.04,27.39,Mov00
-0.73,-0.03,8.87,-0.0,0.0,0.04,27.4,Mov00
-0.73,-0.02,8.88,-0.0,0.0,0.04,27.4,Mov00
-0.73,-0.02,8.88,-0.0,0.0,0.04,27.39,Mov00
-0.73,-0.03,8.87,-0.0,0.0,0.04,27.39,Mov00
-0.73,-0.04,8.87,-0.0,0.0,0.04,27.39,Mov00
-0.74,-0.03,8.87,-0.0,0.0,0.04,27.39,Mov00
-0.74,-0.03,8.88,-0.0,0.0,0.04,27.4,Mov00
-0.74,-0.03,8.88,-0.0,0.0,0.04,27.39,Mov00
-0.73,-0.03,8.86,-0.0,0.0,0.04,27.39,Mov00
-0.74,-0.03,8.87,-0.0,0.0,0.04,27.39,Mov00
-0.74,-0.02,8.87,-0.0,0.0,0.04,27.39,Mov00
-0.74,-0.02,8.87,-0.0,0.0,0.04,27.39,Mov00
-0.74,-0.01,8.86,-0.0,0.0,0.04,27.39,Mov00
-0.73,-0.02,8.86,-0.0,0.0,0.04,27.39,Mov00
-0.73,-0.02,8.87,-0.0,0.0,0.04,27.39,Mov00
-0.74,-0.02,8.87,-0.0,0.0,0.04,27.39,Mov00
-0.74,-0.02,8.86,-0.0,0.0,0.04,27.39,Mov00
-0.73,-0.02,8.87,-0.0,0.0,0.04,27.39,Mov00
-0.73,-0.01,8.87,-0.0,0.0,0.03,27.39,Mov00
-0.73,-0.01,8.87,-0.0,0.0,0.04,27.39,Mov00
-0.73,-0.02,8.87,-0.0,0.0,0.04,27.39,Mov00
-0.73,-0.01,8.86,-0.0,0.0,0.04,27.39,Mov00
-0.74,-0.02,8.86,-0.0,0.0,0.04,27.39,Mov00
-0.74,-0.02,8.87,-0.0,0.0,0.04,27.39,Mov00
-0.74,-0.02,8.87,-0.0,0.0,0.04,27.39,Mov00
-0.74,-0.01,8.88,-0.0,0.0,0.04,27.39,Mov00
-0.74,-0.02,8.88,-0.0,0.0,0.04,27.39,Mov00
-0.73,-0.01,8.88,-0.0,0.0,0.04,27.39,Mov00
-0.73,-0.02,8.88,-0.0,0.0,0.04,27.39,Mov00
-0.73,-0.02,8.88,-0.0,0.0,0.04,27.39,Mov00
-0.73,-0.02,8.88,-0.0,0.0,0.04,27.39,Mov00
-0.73,-0.02,8.89,-0.0,0.0,0.04,27.39,Mov00
-0.73,-0.02,8.88,-0.0,0.0,0.04,27.39,Mov00
-0.73,-0.02,8.88,-0.0,0.0,0.04,27.39,Mov00
-0.72,-0.01,8.87,-0.0,0.0,0.04,27.39,Mov00
-0.72,-0.02,8.87,-0.0,0.0,0.04,27.39,Mov00
-0.72,-0.02,8.88,-0.0,-0.0,0.04,27.39,Mov00
-0.73,-0.02,8.88,-0.0,0.0,0.04,27.39,Mov00
-0.73,-0.02,8.86,-0.0,0.0,0.04,27.39,Mov00
-0.73,-0.02,8.87,-0.0,0.0,0.04,27.39,Mov00
-0.73,-0.02,8.88,-0.0,-0.0,0.04,27.39,Mov00
-0.72,-0.02,8.87,-0.0,-0.0,0.04,27.39,Mov00
-0.72,-0.02,8.88,-0.0,0.0,0.04,27.39,Mov00
-0.72,-0.01,8.87,-0.0,0.0,0.04,27.38,Mov00
-0.74,-0.01,8.88,-0.0,0.0,0.04,27.38,Mov00
-0.74,-0.01,8.86,-0.0,-0.0,0.04,27.38,Mov00
-0.74,-0.01,8.86,-0.0,-0.0,0.04,27.38,Mov00
-0.73,-0.02,8.87,-0.0,0.0,0.04,27.39,Mov00
-0.73,-0.02,8.87,-0.0,0.0,0.04,27.39,Mov00
-0.73,-0.02,8.87,-0.0,0.0,0.04,27.39,Mov00
-0.73,-0.02,8.86,-0.0,0.0,0.04,27.39,Mov00
-0.73,-0.02,8.86,-0.0,0.0,0.04,27.39,Mov00
-0.73,-0.02,8.87,-0.0,0.0,0.04,27.39,Mov00
-0.73,-0.02,8.88,-0.0,0.0,0.04,27.39,Mov00
-0.73,-0.02,8.88,-0.0,0.0,0.04,27.39,Mov00
-0.73,-0.02,8.88,-0.0,0.0,0.04,27.39,Mov00
-0.73,-0.02,8.87,-0.0,0.0,0.04,27.39,Mov00
-0.73,-0.02,8.86,-0.0,0.0,0.04,27.38,Mov00
-0.73,-0.02,8.87,-0.0,-0.0,0.04,27.39,Mov00
-0.72,-0.02,8.88,-0.0,0.0,0.04,27.39,Mov00
-0.72,-0.02,8.88,-0.0,0.0,0.04,27.39,Mov00
-0.72,-0.01,8.88,-0.0,0.0,0.04,27.39,Mov00
-0.72,-0.02,8.88,-0.0,0.0,0.04,27.39,Mov00
-0.73,-0.02,8.86,-0.0,0.0,0.04,27.39,Mov00
-0.73,-0.02,8.88,-0.0,0.0,0.04,27.39,Mov00
-0.73,-0.02,8.89,-0.0,0.0,0.04,27.39,Mov00
-0.73,-0.02,8.88,-0.0,0.0,0.04,27.39,Mov00
-0.72,-0.01,8.86,-0.0,0.0,0.04,27.39,Mov00
-0.73,-0.01,8.86,-0.0,0.0,0.04,27.39,Mov00
-0.73,-0.01,8.87,-0.0,0.0,0.04,27.39,Mov00
-0.72,-0.01,8.87,-0.0,0.0,0.04,27.39,Mov00
-0.73,-0.01,8.86,-0.0,0.0,0.04,27.39,Mov00
-0.73,-0.01,8.87,-0.0,0.0,0.04,27.39,Mov00
-0.73,-0.01,8.88,-0.0,0.0,0.04,27.39,Mov00
-0.74,-0.02,8.88,-0.0,0.0,0.04,27.39,Mov00
-0.73,-0.02,8.87,-0.0,0.0,0.04,27.39,Mov00
-0.74,-0.02,8.87,-0.0,0.0,0.04,27.39,Mov00
-0.74,-0.02,8.87,-0.0,0.0,0.04,27.39,Mov00
-0.74,-0.01,8.87,-0.0,0.0,0.04,27.4,Mov00
-0.73,-0.02,8.87,-0.0,0.0,0.04,27.39,Mov00
-0.73,-0.02,8.86,-0.0,0.0,0.04,27.4,Mov00
-0.73,-0.02,8.87,-0.0,0.0,0.04,27.39,Mov00
-0.74,-0.02,8.87,-0.0,-0.0,0.04,27.39,Mov00
-0.73,-0.01,8.87,-0.0,-0.0,0.04,27.39,Mov00
-0.73,-0.02,8.86,-0.0,0.0,0.04,27.39,Mov00
-0.72,-0.02,8.86,-0.0,0.0,0.04,27.39,Mov00
-0.73,-0.02,8.86,-0.0,0.0,0.04,27.39,Mov00
-0.73,-0.02,8.86,-0.0,0.0,0.04,27.39,Mov00
-0.73,-0.03,8.86,-0.0,0.0,0.04,27.39,Mov00
-0.72,-0.03,8.87,-0.0,-0.0,0.04,27.39,Mov00
-0.72,-0.02,8.87,-0.0,-0.0,0.04,27.39,Mov00
-0.71,-0.02,8.88,-0.0,0.0,0.04,27.39,Mov00
-0.73,-0.02,8.88,-0.0,0.0,0.04,27.39,Mov00
-0.73,-0.02,8.87,-0.0,0.0,0.04,27.39,Mov00
-0.73,-0.02,8.86,-0.0,0.0,0.04,27.39,Mov00
-0.73,-0.03,8.87,-0.0,0.0,0.04,27.39,Mov00
-0.73,-0.02,8.87,-0.0,0.0,0.04,27.39,Mov00
-0.73,-0.02,8.86,-0.0,0.0,0.04,27.38,Mov00
-0.73,-0.02,8.87,-0.0,0.0,0.04,27.38,Mov00
-0.73,-0.02,8.87,-0.0,0.0,0.04,27.38,Mov00
-0.74,-0.02,8.86,-0.0,0.0,0.04,27.38,Mov00
-0.73,-0.02,8.87,-0.0,-0.0,0.04,27.39,Mov00
-0.72,-0.02,8.87,-0.0,0.0,0.04,27.39,Mov00
-0.73,-0.02,8.88,-0.0,0.0,0.04,27.39,Mov00
-0.74,-0.01,8.88,-0.0,0.0,0.04,27.39,Mov00
-0.74,-0.02,8.87,-0.0,0.0,0.04,27.39,Mov00
-0.73,-0.02,8.87,-0.0,0.0,0.04,27.38,Mov00
-0.73,-0.02,8.88,-0.0,0.0,0.04,27.38,Mov00
-0.73,-0.02,8.88,-0.0,0.0,0.03,27.38,Mov00
-0.73,-0.02,8.89,-0.0,0.0,0.04,27.38,Mov00
-0.73,-0.01,8.88,-0.0,0.0,0.04,27.38,Mov00
-0.73,-0.01,8.87,-0.0,0.0,0.04,27.38,Mov00
-0.73,-0.01,8.87,-0.0,0.0,0.04,27.38,Mov00
-0.73,-0.02,8.87,-0.0,0.0,0.04,27.39,Mov00
-0.73,-0.02,8.87,-0.0,0.0,0.04,27.38,Mov00
-0.73,-0.01,8.86,-0.0,0.0,0.04,27.38,Mov00
-0.73,-0.02,8.86,-0.0,0.0,0.04,27.38,Mov00
-0.73,-0.02,8.87,-0.0,0.0,0.04,27.39,Mov00
-0.73,-0.02,8.87,-0.0,0.0,0.04,27.39,Mov00
-0.73,-0.02,8.87,-0.0,0.0,0.04,27.39,Mov00
-0.73,-0.01,8.88,-0.0,0.0,0.04,27.4,Mov00
-0.73,-0.01,8.88,-0.0,0.0,0.04,27.39,Mov00
-0.74,-0.02,8.87,-0.0,0.0,0.04,27.39,Mov00
-0.74,-0.01,8.87,-0.0,0.0,0.04,27.39,Mov00
-0.74,-0.01,8.87,-0.0,0.0,0.04,27.39,Mov00
-0.73,-0.02,8.88,-0.0,0.0,0.04,27.38,Mov00
-0.73,-0.02,8.87,-0.0,0.0,0.04,27.38,Mov00
-0.74,-0.01,8.87,-0.0,0.0,0.04,27.38,Mov00
-0.74,-0.01,8.88,-0.0,0.0,0.04,27.38,Mov00
-0.74,-0.01,8.87,-0.0,0.0,0.04,27.38,Mov00
-0.74,-0.01,8.88,-0.0,0.0,0.04,27.38,Mov00
-0.73,-0.02,8.88,-0.0,0.0,0.04,27.38,Mov00
-0.73,-0.03,8.86,-0.0,0.0,0.04,27.38,Mov00
-0.73,-0.02,8.86,-0.0,0.0,0.04,27.38,Mov00
-0.73,-0.03,8.87,-0.0,0.0,0.04,27.38,Mov00
-0.73,-0.02,8.86,-0.0,0.0,0.04,27.38,Mov00
-0.73,-0.03,8.85,-0.0,0.0,0.04,27.38,Mov00
-0.74,-0.03,8.85,-0.0,0.0,0.04,27.38,Mov00
-0.74,-0.03,8.86,-0.0,0.0,0.04,27.37,Mov00
-0.73,-0.02,8.86,-0.0,0.0,0.04,27.37,Mov00
-0.73,-0.02,8.87,-0.0,0.0,0.04,27.37,Mov00
-0.73,-0.02,8.88,-0.0,0.0,0.04,27.37,Mov00
-0.73,-0.01,8.89,-0.0,0.0,0.04,27.37,Mov00
-0.72,-0.02,8.87,-0.0,0.0,0.04,27.37,Mov00
-0.72,-0.02,8.87,-0.0,0.0,0.04,27.37,Mov00
-0.72,-0.02,8.87,-0.0,0.0,0.04,27.37,Mov00
-0.73,-0.02,8.88,-0.0,0.0,0.04,27.37,Mov00
-0.72,-0.02,8.88,-0.0,0.0,0.04,27.37,Mov00
-0.73,-0.02,8.88,-0.0,0.0,0.04,27.37,Mov00
-0.74,-0.02,8.88,-0.0,0.0,0.04,27.38,Mov00
-0.74,-0.01,8.88,-0.0,0.0,0.04,27.37,Mov00
-0.73,-0.01,8.87,-0.0,0.0,0.04,27.37,Mov00
-0.73,-0.01,8.87,-0.0,0.0,0.04,27.37,Mov00
-0.73,-0.02,8.87,-0.0,0.0,0.04,27.37,Mov00
-0.74,-0.02,8.86,-0.0,0.0,0.04,27.37,Mov00
-0.73,-0.02,8.87,-0.0,0.0,0.04,27.37,Mov00
-0.73,-0.01,8.87,-0.0,0.0,0.04,27.37,Mov00
-0.74,-0.02,8.88,-0.0,0.0,0.04,27.38,Mov00
-0.74,-0.03,8.87,-0.0,0.0,0.04,27.37,Mov00
-0.74,-0.03,8.88,-0.0,0.0,0.04,27.37,Mov00
-0.73,-0.02,8.88,-0.0,0.0,0.04,27.37,Mov00
-0.73,-0.02,8.87,-0.0,0.0,0.04,27.37,Mov00
-0.73,-0.03,8.88,-0.0,0.0,0.04,27.37,Mov00
-0.73,-0.03,8.89,-0.0,0.0,0.04,27.37,Mov00
-0.73,-0.02,8.88,-0.0,0.0,0.04,27.37,Mov00
-0.73,-0.02,8.87,-0.0,0.0,0.04,27.37,Mov00
-0.73,-0.02,8.87,-0.0,0.0,0.04,27.37,Mov00
-0.73,-0.02,8.87,-0.0,0.0,0.04,27.37,Mov00
-0.73,-0.02,8.87,-0.0,0.0,0.04,27.37,Mov00
-0.74,-0.02,8.86,-0.0,0.0,0.04,27.37,Mov00
-0.73,-0.02,8.87,-0.0,0.0,0.04,27.37,Mov00
-0.73,-0.02,8.87,-0.01,0.0,0.04,27.38,Mov00
-0.73,-0.01,8.87,-0.0,0.0,0.04,27.38,Mov00
-0.73,-0.01,8.86,-0.0,0.0,0.04,27.38,Mov00
-0.72,-0.02,8.87,-0.0,0.0,0.04,27.38,Mov00
-0.73,-0.02,8.87,-0.0,0.0,0.04,27.37,Mov00
-0.73,-0.02,8.88,-0.0,0.0,0.04,27.37,Mov00
-0.73,-0.01,8.88,-0.0,0.0,0.04,27.38,Mov00
-0.73,-0.01,8.87,-0.0,0.0,0.04,27.37,Mov00
-0.72,-0.02,8.87,-0.0,0.0,0.04,27.37,Mov00
-0.73,-0.02,8.87,-0.0,0.0,0.04,27.38,Mov00
-0.73,-0.02,8.87,-0.0,0.0,0.04,27.38,Mov00
-0.74,-0.02,8.88,-0.0,0.0,0.04,27.38,Mov00
-0.74,-0.02,8.87,-0.0,0.0,0.04,27.38,Mov00
-0.74,-0.02,8.88,-0.0,0.0,0.04,27.37,Mov00
-0.74,-0.02,8.88,-0.0,0.0,0.04,27.37,Mov00
-0.75,-0.02,8.88,-0.0,0.0,0.04,27.38,Mov00
-0.74,-0.02,8.88,-0.0,0.0,0.04,27.38,Mov00
-0.74,-0.02,8.89,-0.0,0.0,0.04,27.37,Mov00
-0.74,-0.02,8.88,-0.0,0.0,0.04,27.37,Mov00
-0.74,-0.03,8.88,-0.0,0.0,0.04,27.38,Mov00
-0.73,-0.02,8.88,-0.0,0.0,0.04,27.38,Mov00
-0.73,-0.02,8.87,-0.0,-0.0,0.04,27.38,Mov00
-0.74,-0.02,8.87,-0.0,0.0,0.04,27.38,Mov00
-0.74,-0.02,8.87,-0.0,0.0,0.04,27.37,Mov00
-0.74,-0.02,8.87,-0.0,0.0,0.04,27.37,Mov00
-0.74,-0.02,8.87,-0.0,-0.0,0.04,27.37,Mov00
-0.73,-0.02,8.88,-0.0,-0.0,0.04,27.37,Mov00
-0.74,-0.02,8.88,-0.0,0.0,0.04,27.37,Mov00
-0.73,-0.01,8.88,-0.0,0.0,0.04,27.37,Mov00
-0.72,-0.01,8.89,-0.0,0.0,0.04,27.37,Mov00
-0.73,-0.01,8.88,-0.0,0.0,0.04,27.37,Mov00
-0.72,-0.02,8.87,-0.0,0.0,0.04,27.37,Mov00
-0.73,-0.01,8.88,-0.0,0.0,0.04,27.37,Mov00
-0.72,-0.02,8.87,-0.0,0.0,0.04,27.38,Mov00
-0.73,-0.03,8.86,-0.0,0.0,0.04,27.37,Mov00
-0.72,-0.03,8.86,-0.0,0.0,0.04,27.36,Mov00
-0.72,-0.02,8.86,-0.0,0.0,0.03,27.37,Mov00
-0.72,-0.02,8.86,-0.0,0.0,0.03,27.37,Mov00
-0.72,-0.02,8.86,-0.0,0.0,0.04,27.37,Mov00
-0.73,-0.02,8.86,-0.0,0.0,0.04,27.37,Mov00
-0.73,-0.02,8.87,-0.0,0.0,0.04,27.37,Mov00
-0.73,-0.03,8.88,-0.0,0.0,0.04,27.37,Mov00
-0.74,-0.02,8.88,-0.0,0.0,0.04,27.37,Mov00
-0.74,-0.02,8.87,-0.0,0.0,0.04,27.37,Mov00
-0.74,-0.02,8.88,-0.0,0.0,0.04,27.37,Mov00
-0.74,-0.02,8.88,-0.0,0.0,0.04,27.37,Mov00
-0.73,-0.03,8.87,-0.0,0.0,0.04,27.37,Mov00
-0.73,-0.02,8.87,-0.0,0.0,0.04,27.37,Mov00
-0.73,-0.02,8.88,-0.0,0.0,0.04,27.37,Mov00
-0.73,-0.02,8.88,-0.0,0.0,0.04,27.37,Mov00
-0.73,-0.02,8.88,-0.0,0.0,0.04,27.37,Mov00
-0.73,-0.02,8.88,-0.0,0.0,0.04,27.37,Mov00
-0.73,-0.02,8.87,-0.0,0.0,0.04,27.37,Mov00
-0.74,-0.01,8.87,-0.0,0.0,0.04,27.38,Mov00
-0.73,-0.02,8.87,-0.0,0.0,0.04,27.37,Mov00
-0.73,-0.02,8.87,-0.0,0.0,0.04,27.37,Mov00
-0.73,-0.02,8.88,-0.0,0.0,0.04,27.37,Mov00
-0.72,-0.02,8.88,-0.0,0.0,0.04,27.37,Mov00
-0.73,-0.02,8.88,-0.0,0.0,0.04,27.37,Mov00
-0.72,-0.02,8.88,-0.0,0.0,0.04,27.37,Mov00
-0.72,-0.02,8.88,-0.0,0.0,0.04,27.37,Mov00
-0.73,-0.02,8.89,-0.0,0.0,0.04,27.37,Mov00
-0.72,-0.02,8.88,-0.0,0.0,0.04,27.36,Mov00
-0.72,-0.02,8.88,-0.0,0.0,0.04,27.37,Mov00
-0.73,-0.02,8.89,-0.0,0.0,0.04,27.37,Mov00
-0.73,-0.01,8.89,-0.0,0.0,0.04,27.37,Mov00
-0.73,-0.02,8.87,-0.0,0.0,0.04,27.37,Mov00
-0.72,-0.02,8.88,-0.0,0.0,0.04,27.37,Mov00
-0.72,-0.02,8.88,-0.0,0.0,0.04,27.37,Mov00
-0.73,-0.02,8.88,-0.0,0.0,0.04,27.37,Mov00
-0.72,-0.02,8.88,-0.0,0.0,0.04,27.37,Mov00
-0.72,-0.02,8.88,-0.0,0.0,0.04,27.37,Mov00
-0.72,-0.02,8.89,-0.0,0.0,0.04,27.37,Mov00
-0.72,-0.02,8.89,-0.0,0.0,0.04,27.37,Mov00
-0.73,-0.01,8.9,-0.0,0.0,0.04,27.37,Mov00
-0.73,-0.02,8.89,-0.0,0.0,0.04,27.37,Mov00
-0.74,-0.02,8.88,-0.0,0.0,0.04,27.36,Mov00
-0.74,-0.01,8.88,-0.0,0.0,0.04,27.36,Mov00
-0.74,-0.01,8.89,-0.0,0.0,0.04,27.36,Mov00
-0.74,-0.01,8.89,-0.0,0.0,0.04,27.36,Mov00
-0.73,-0.02,8.89,-0.0,0.0,0.04,27.37,Mov00
-0.74,-0.02,8.89,-0.0,0.0,0.04,27.37,Mov00
-0.74,-0.02,8.89,-0.0,0.0,0.04,27.37,Mov00
-0.74,-0.02,8.88,-0.0,0.0,0.04,27.37,Mov00
-0.73,-0.03,8.89,-0.0,0.0,0.04,27.37,Mov00
-0.72,-0.03,8.89,-0.0,0.0,0.04,27.37,Mov00
-0.72,-0.02,8.87,-0.0,0.0,0.04,27.37,Mov00
-0.73,-0.02,8.88,-0.0,0.0,0.04,27.37,Mov00
-0.73,-0.01,8.88,-0.0,0.0,0.04,27.37,Mov00
-0.73,-0.01,8.88,-0.0,0.0,0.04,27.37,Mov00
-0.73,-0.01,8.88,-0.0,0.0,0.04,27.37,Mov00
-0.73,-0.01,8.87,-0.0,0.0,0.04,27.37,Mov00
-0.73,-0.01,8.86,-0.0,0.0,0.04,27.36,Mov00
-0.74,-0.01,8.85,-0.0,0.0,0.04,27.37,Mov00
-0.74,-0.01,8.85,-0.0,0.0,0.04,27.37,Mov00
-0.73,-0.02,8.86,-0.0,0.0,0.04,27.35,Mov00
-0.73,-0.01,8.85,-0.0,0.0,0.04,27.35,Mov00
-0.73,-0.03,8.87,-0.0,0.0,0.04,27.36,Mov00
-0.73,-0.02,8.86,-0.0,0.0,0.04,27.36,Mov00
-0.73,-0.02,8.87,-0.0,0.0,0.04,27.37,Mov00
-0.73,-0.02,8.87,-0.0,0.0,0.04,27.37,Mov00
-0.73,-0.03,8.88,-0.0,0.0,0.04,27.37,Mov00
-0.73,-0.03,8.88,-0.0,0.0,0.04,27.37,Mov00
-0.73,-0.03,8.87,-0.0,0.0,0.04,27.37,Mov00
-0.73,-0.03,8.87,-0.0,0.0,0.04,27.37,Mov00
-0.74,-0.02,8.87,-0.0,0.0,0.04,27.37,Mov00
-0.73,-0.02,8.87,-0.0,0.0,0.04,27.37,Mov00
-0.74,-0.02,8.87,-0.0,0.0,0.04,27.36,Mov00
-0.74,-0.02,8.86,-0.0,0.0,0.04,27.36,Mov00
-0.73,-0.01,8.86,-0.0,0.0,0.04,27.36,Mov00
-0.73,-0.01,8.87,-0.0,0.0,0.04,27.37,Mov00
-0.73,-0.02,8.88,-0.0,0.0,0.04,27.38,Mov00
-0.73,-0.01,8.88,-0.0,0.0,0.04,27.38,Mov00
-0.73,-0.01,8.88,-0.0,0.0,0.04,27.37,Mov00
-0.72,-0.02,8.88,-0.0,0.0,0.04,27.37,Mov00
-0.73,-0.02,8.87,-0.0,0.0,0.04,27.36,Mov00
-0.73,-0.02,8.86,-0.0,0.0,0.04,27.36,Mov00
-0.73,-0.02,8.86,-0.0,0.0,0.04,27.36,Mov00
-0.72,-0.02,8.87,-0.0,0.0,0.04,27.37,Mov00
-0.73,-0.02,8.87,-0.0,0.0,0.04,27.37,Mov00
-0.73,-0.02,8.87,-0.0,0.0,0.04,27.36,Mov00
-0.73,-0.02,8.88,-0.0,0.0,0.04,27.36,Mov00
-0.72,-0.03,8.88,-0.0,0.0,0.04,27.36,Mov00
-0.74,-0.03,8.88,-0.0,0.0,0.04,27.36,Mov00
-0.74,-0.03,8.87,-0.0,0.0,0.04,27.37,Mov00
-0.74,-0.03,8.87,-0.0,0.0,0.04,27.37,Mov00
-0.73,-0.02,8.87,-0.0,0.0,0.04,27.36,Mov00
-0.74,-0.02,8.87,-0.0,0.0,0.04,27.37,Mov00
-0.73,-0.02,8.88,-0.0,0.0,0.04,27.36,Mov00
-0.73,-0.02,8.87,-0.0,0.0,0.04,27.37,Mov00
-0.74,-0.01,8.87,-0.0,0.0,0.04,27.37,Mov00
-0.73,-0.01,8.88,-0.0,0.0,0.04,27.37,Mov00
-0.73,-0.01,8.88,-0.0,0.0,0.04,27.36,Mov00
-0.73,-0.02,8.88,-0.0,0.0,0.04,27.36,Mov00
-0.73,-0.02,8.88,-0.0,0.0,0.04,27.37,Mov00
-0.74,-0.02,8.87,-0.0,0.0,0.04,27.37,Mov00
-0.74,-0.02,8.87,-0.0,0.0,0.04,27.36,Mov00
-0.74,-0.03,8.86,-0.0,0.0,0.04,27.36,Mov00
-0.74,-0.02,8.87,-0.0,0.0,0.04,27.36,Mov00
-0.73,-0.02,8.87,-0.0,0.0,0.04,27.35,Mov00
-0.73,-0.01,8.86,-0.0,0.0,0.04,27.36,Mov00
-0.72,-0.01,8.86,-0.0,0.0,0.04,27.37,Mov00
-0.73,-0.01,8.86,-0.0,0.0,0.04,27.38,Mov00
-0.74,-0.02,8.86,-0.0,0.0,0.04,27.37,Mov00
-0.74,-0.02,8.86,-0.0,0.0,0.04,27.37,Mov00
-0.74,-0.02,8.86,-0.0,0.0,0.04,27.36,Mov00
-0.73,-0.02,8.86,-0.0,0.0,0.04,27.36,Mov00
-0.73,-0.03,8.86,-0.0,0.0,0.04,27.36,Mov00
-0.73,-0.03,8.87,-0.0,0.0,0.04,27.35,Mov00
-0.72,-0.03,8.87,-0.0,0.0,0.04,27.35,Mov00
-0.73,-0.02,8.87,-0.0,0.0,0.04,27.35,Mov00
-0.73,-0.02,8.88,-0.0,0.0,0.04,27.36,Mov00
-0.72,-0.02,8.89,-0.0,0.0,0.04,27.36,Mov00
-0.73,-0.01,8.88,-0.0,0.0,0.04,27.37,Mov00
-0.73,-0.01,8.88,-0.0,0.0,0.04,27.36,Mov00
-0.73,-0.01,8.88,-0.0,0.0,0.04,27.36,Mov00
-0.73,-0.01,8.88,-0.0,0.0,0.04,27.36,Mov00
-0.74,-0.02,8.88,-0.0,0.0,0.04,27.36,Mov00
-0.74,-0.02,8.87,-0.0,0.0,0.04,27.35,Mov00
-0.74,-0.01,8.87,-0.0,0.0,0.04,27.35,Mov00
-0.73,-0.02,8.87,-0.0,0.0,0.04,27.35,Mov00
-0.73,-0.03,8.87,-0.0,0.0,0.04,27.35,Mov00
-0.73,-0.02,8.87,-0.0,0.0,0.04,27.35,Mov00
-0.73,-0.02,8.87,-0.0,0.0,0.04,27.35,Mov00
-0.72,-0.02,8.86,-0.0,0.0,0.04,27.36,Mov00
-0.73,-0.02,8.87,-0.0,0.0,0.04,27.35,Mov00
-0.73,-0.02,8.87,-0.0,0.0,0.04,27.35,Mov00
-0.72,-0.01,8.86,-0.0,0.0,0.04,27.36,Mov00
-0.72,-0.02,8.87,-0.0,0.0,0.04,27.35,Mov00
-0.72,-0.01,8.88,-0.0,0.0,0.04,27.36,Mov00
-0.73,-0.02,8.88,-0.0,-0.0,0.04,27.35,Mov00
-0.73,-0.02,8.87,-0.0,0.0,0.04,27.36,Mov00
-0.73,-0.03,8.88,-0.0,0.0,0.04,27.36,Mov00
-0.73,-0.03,8.88,-0.0,0.0,0.04,27.35,Mov00
-0.74,-0.02,8.87,-0.0,0.0,0.04,27.35,Mov00
-0.73,-0.03,8.87,-0.0,0.0,0.04,27.35,Mov00
-0.73,-0.02,8.87,-0.0,0.0,0.04,27.35,Mov00
-0.73,-0.02,8.87,-0.0,0.0,0.04,27.35,Mov00
-0.73,-0.02,8.87,-0.0,0.0,0.04,27.35,Mov00
-0.73,-0.03,8.87,-0.0,0.0,0.04,27.35,Mov00
-0.73,-0.03,8.87,-0.0,0.0,0.04,27.35,Mov00
-0.73,-0.03,8.87,-0.0,0.0,0.04,27.35,Mov00
-0.73,-0.02,8.86,-0.0,0.0,0.04,27.34,Mov00
-0.72,-0.02,8.88,-0.0,0.0,0.04,27.35,Mov00
-0.71,-0.01,8.87,-0.0,0.0,0.04,27.35,Mov00
-0.72,-0.02,8.88,-0.0,0.0,0.04,27.35,Mov00
-0.73,-0.02,8.88,-0.0,0.0,0.04,27.36,Mov00
-0.73,-0.01,8.88,-0.0,0.0,0.04,27.36,Mov00
-0.73,-0.02,8.88,-0.0,0.0,0.04,27.37,Mov00
-0.72,-0.02,8.87,-0.0,0.0,0.04,27.36,Mov00
-0.73,-0.02,8.87,-0.0,0.0,0.04,27.35,Mov00
-0.73,-0.02,8.88,-0.0,0.0,0.04,27.35,Mov00
-0.73,-0.02,8.87,-0.0,0.0,0.04,27.36,Mov00
-0.74,-0.02,8.86,-0.0,0.0,0.04,27.36,Mov00
-0.74,-0.02,8.87,-0.0,0.0,0.04,27.35,Mov00
-0.73,-0.02,8.88,-0.0,0.0,0.04,27.35,Mov00
-0.73,-0.02,8.88,-0.0,0.0,0.04,27.35,Mov00
-0.73,-0.01,8.87,-0.0,0.0,0.04,27.35,Mov00
-0.72,-0.01,8.87,-0.0,0.0,0.04,27.35,Mov00
-0.73,-0.02,8.88,-0.0,0.0,0.04,27.35,Mov00
-0.73,-0.02,8.88,-0.0,0.0,0.04,27.35,Mov00
-0.73,-0.02,8.87,-0.0,0.0,0.04,27.36,Mov00
-0.72,-0.02,8.87,-0.0,0.0,0.04,27.36,Mov00
-0.73,-0.02,8.88,-0.0,0.0,0.04,27.36,Mov00
-0.73,-0.02,8.88,-0.0,0.0,0.04,27.35,Mov00
-0.72,-0.02,8.89,-0.0,0.0,0.04,27.35,Mov00
-0.72,-0.02,8.89,-0.0,0.0,0.04,27.36,Mov00
-0.73,-0.02,8.89,-0.0,0.0,0.04,27.34,Mov00
-0.73,-0.02,8.87,-0.0,0.0,0.04,27.35,Mov00
-0.72,-0.01,8.87,-0.0,0.0,0.04,27.35,Mov00
-0.72,-0.01,8.87,-0.0,0.0,0.04,27.35,Mov00
-0.72,-0.01,8.87,-0.0,0.0,0.04,27.35,Mov00
-0.73,0.0,8.88,-0.0,0.0,0.04,27.35,Mov00
-0.73,-0.0,8.87,-0.0,0.0,0.04,27.35,Mov00
-0.73,-0.01,8.87,-0.0,0.0,0.04,27.35,Mov00
-0.73,-0.01,8.88,-0.0,0.0,0.04,27.36,Mov00
-0.74,-0.01,8.88,-0.0,0.0,0.04,27.35,Mov00
-0.74,-0.02,8.88,-0.0,0.0,0.04,27.35,Mov00
-0.73,-0.02,8.88,-0.0,0.0,0.04,27.34,Mov00
-0.73,-0.02,8.86,-0.0,0.0,0.04,27.34,Mov00
-0.73,-0.03,8.87,-0.0,0.0,0.04,27.34,Mov00
-0.74,-0.03,8.88,-0.0,0.0,0.04,27.35,Mov00
-0.73,-0.03,8.87,-0.0,0.0,0.04,27.35,Mov00
-0.73,-0.03,8.87,-0.0,0.0,0.04,27.34,Mov00
-0.73,-0.03,8.87,-0.0,0.0,0.04,27.34,Mov00
-0.72,-0.02,8.87,-0.0,0.0,0.04,27.35,Mov00
-0.73,-0.02,8.86,-0.0,0.0,0.04,27.35,Mov00
-0.73,-0.02,8.87,-0.0,0.0,0.04,27.35,Mov00
-0.72,-0.02,8.88,-0.0,0.0,0.04,27.35,Mov00
-0.72,-0.02,8.89,-0.0,0.0,0.04,27.35,Mov00
-0.73,-0.03,8.89,-0.0,0.0,0.04,27.35,Mov00
-0.72,-0.02,8.88,-0.0,0.0,0.04,27.36,Mov00
-0.73,-0.03,8.88,-0.0,0.0,0.04,27.36,Mov00
-0.72,-0.02,8.87,-0.0,0.0,0.04,27.35,Mov00
-0.73,-0.02,8.86,-0.0,0.0,0.04,27.35,Mov00
-0.73,-0.02,8.86,-0.0,0.0,0.04,27.35,Mov00
-0.73,-0.02,8.86,-0.0,0.0,0.04,27.35,Mov00
-0.73,-0.02,8.86,-0.0,0.0,0.04,27.34,Mov00
-0.73,-0.02,8.87,-0.0,0.0,0.04,27.35,Mov00
-0.73,-0.02,8.87,-0.0,0.0,0.04,27.35,Mov00
-0.73,-0.02,8.86,-0.0,0.0,0.04,27.35,Mov00
-0.73,-0.02,8.86,-0.0,0.0,0.04,27.36,Mov00
-0.73,-0.03,8.85,-0.0,0.0,0.04,27.35,Mov00
-0.73,-0.02,8.88,-0.0,0.0,0.04,27.35,Mov00
-0.73,-0.01,8.88,-0.0,0.0,0.04,27.35,Mov00
-0.73,-0.02,8.88,-0.0,0.0,0.04,27.35,Mov00
-0.74,-0.03,8.88,-0.0,0.0,0.04,27.36,Mov00
-0.73,-0.02,8.88,-0.0,0.0,0.04,27.35,Mov00
-0.73,-0.02,8.88,-0.0,0.0,0.04,27.35,Mov00
-0.73,-0.02,8.87,-0.0,0.0,0.04,27.35,Mov00
-0.73,-0.02,8.87,-0.0,0.0,0.04,27.35,Mov00
-0.72,-0.02,8.87,-0.0,0.0,0.04,27.35,Mov00
-0.73,-0.02,8.87,-0.0,0.0,0.04,27.35,Mov00
-0.73,-0.03,8.86,-0.0,0.0,0.04,27.35,Mov00
-0.73,-0.02,8.85,-0.0,0.0,0.04,27.35,Mov00
-0.72,-0.02,8.86,-0.0,0.0,0.04,27.35,Mov00
-0.73,-0.01,8.89,-0.0,0.0,0.04,27.35,Mov00
-0.73,-0.01,8.89,-0.0,0.0,0.04,27.35,Mov00
-0.73,-0.01,8.88,-0.0,0.0,0.04,27.35,Mov00
-0.73,-0.01,8.87,-0.0,0.0,0.04,27.35,Mov00
-0.73,-0.01,8.87,-0.0,0.0,0.04,27.35,Mov00
-0.73,-0.01,8.87,-0.0,0.0,0.04,27.35,Mov00
-0.74,-0.01,8.88,-0.0,0.0,0.04,27.35,Mov00
-0.74,-0.02,8.88,-0.0,0.0,0.04,27.35,Mov00
-0.73,-0.01,8.87,-0.0,0.0,0.04,27.35,Mov00
-0.73,-0.01,8.88,-0.0,0.0,0.04,27.35,Mov00
-0.73,-0.01,8.88,-0.0,0.0,0.04,27.35,Mov00
-0.73,-0.02,8.89,-0.0,0.0,0.04,27.35,Mov00
-0.73,-0.02,8.88,-0.0,0.0,0.04,27.35,Mov00
-0.73,-0.03,8.87,-0.0,0.0,0.04,27.35,Mov00
-0.73,-0.02,8.88,-0.0,0.0,0.04,27.34,Mov00
-0.72,-0.02,8.88,-0.0,0.0,0.04,27.34,Mov00
-0.73,-0.03,8.88,-0.0,0.0,0.04,27.35,Mov00
-0.73,-0.02,8.86,-0.0,0.0,0.04,27.35,Mov00
-0.73,-0.02,8.86,-0.0,0.0,0.04,27.35,Mov00
-0.73,-0.03,8.87,-0.0,0.0,0.04,27.35,Mov00
-0.73,-0.02,8.88,-0.0,0.0,0.04,27.36,Mov00
-0.73,-0.02,8.87,-0.0,0.0,0.04,27.35,Mov00
-0.74,-0.01,8.86,-0.0,0.0,0.04,27.35,Mov00
-0.73,-0.01,8.86,-0.0,0.0,0.04,27.35,Mov00
-0.73,-0.0,8.85,-0.0,0.0,0.04,27.34,Mov00
-0.73,-0.0,8.87,-0.0,0.0,0.04,27.35,Mov00
-0.74,-0.01,8.88,-0.0,0.0,0.04,27.34,Mov00
-0.73,-0.02,8.87,-0.0,0.0,0.04,27.34,Mov00
-0.73,-0.02,8.88,-0.0,0.0,0.04,27.34,Mov00
-0.72,-0.02,8.88,-0.0,0.0,0.04,27.34,Mov00
-0.72,-0.02,8.87,-0.0,0.0,0.04,27.34,Mov00
-0.73,-0.02,8.87,-0.0,0.0,0.04,27.34,Mov00
-0.73,-0.02,8.88,-0.0,0.0,0.04,27.33,Mov00
-0.72,-0.02,8.86,-0.0,0.0,0.04,27.34,Mov00
-0.73,-0.02,8.86,-0.0,0.0,0.04,27.34,Mov00
-0.73,-0.01,8.87,-0.0,0.0,0.04,27.34,Mov00
-0.73,-0.01,8.88,-0.0,0.0,0.04,27.34,Mov00
-0.73,-0.02,8.87,-0.0,0.0,0.04,27.34,Mov00
-0.73,-0.02,8.88,-0.0,0.0,0.04,27.34,Mov00
-0.73,-0.03,8.88,-0.0,0.0,0.04,27.34,Mov00
-0.73,-0.03,8.87,-0.0,0.0,0.04,27.34,Mov00
-0.73,-0.03,8.88,-0.0,0.0,0.04,27.34,Mov00
-0.73,-0.03,8.88,-0.0,0.0,0.04,27.33,Mov00
-0.73,-0.02,8.88,-0.0,0.0,0.04,27.34,Mov00
-0.73,-0.02,8.87,-0.0,0.0,0.04,27.34,Mov00
-0.73,-0.02,8.88,-0.0,0.0,0.04,27.34,Mov00
-0.73,-0.01,8.88,-0.0,0.0,0.04,27.34,Mov00
-0.72,-0.02,8.89,-0.0,0.0,0.04,27.34,Mov00
-0.72,-0.02,8.87,-0.0,0.0,0.04,27.34,Mov00
-0.73,-0.02,8.87,-0.0,0.0,0.04,27.35,Mov00
-0.73,-0.02,8.88,-0.0,0.0,0.04,27.34,Mov00
-0.72,-0.02,8.87,-0.0,0.0,0.04,27.34,Mov00
-0.72,-0.02,8.87,-0.0,0.0,0.04,27.34,Mov00
-0.73,-0.02,8.88,-0.0,0.0,0.04,27.34,Mov00
-0.73,-0.02,8.87,-0.0,0.0,0.04,27.34,Mov00
-0.74,-0.02,8.87,-0.0,0.0,0.04,27.34,Mov00
-0.74,-0.02,8.87,-0.0,0.0,0.04,27.34,Mov00
-0.74,-0.02,8.88,-0.0,0.0,0.04,27.34,Mov00
-0.74,-0.02,8.88,-0.0,0.0,0.04,27.33,Mov00
-0.72,-0.01,8.87,-0.0,0.0,0.04,27.34,Mov00
-0.73,-0.02,8.88,-0.0,0.0,0.04,27.34,Mov00
-0.73,-0.02,8.89,-0.0,0.0,0.04,27.34,Mov00
-0.74,-0.03,8.88,-0.0,0.0,0.04,27.34,Mov00
-0.73,-0.02,8.87,-0.0,0.0,0.04,27.34,Mov00
-0.72,-0.02,8.86,-0.0,0.0,0.04,27.33,Mov00
-0.72,-0.02,8.87,-0.0,0.0,0.04,27.34,Mov00
-0.72,-0.03,8.88,-0.0,0.0,0.04,27.34,Mov00
-0.72,-0.02,8.89,-0.0,0.0,0.04,27.33,Mov00
-0.72,-0.02,8.88,-0.0,0.0,0.04,27.34,Mov00
-0.73,-0.02,8.89,-0.0,0.0,0.04,27.34,Mov00
-0.73,-0.02,8.89,-0.0,0.0,0.04,27.34,Mov00
-0.73,-0.02,8.89,-0.0,0.0,0.04,27.33,Mov00
-0.73,-0.02,8.88,-0.0,0.0,0.04,27.33,Mov00
-0.73,-0.02,8.89,-0.0,0.0,0.04,27.33,Mov00
-0.73,-0.02,8.89,-0.0,0.0,0.04,27.33,Mov00
-0.74,-0.02,8.88,-0.0,0.0,0.04,27.33,Mov00
-0.73,-0.02,8.88,-0.0,0.0,0.04,27.33,Mov00
-0.73,-0.02,8.88,-0.0,0.0,0.04,27.33,Mov00
-0.73,-0.02,8.88,-0.0,0.0,0.04,27.33,Mov00
-0.73,-0.02,8.88,-0.0,0.0,0.04,27.32,Mov00
-0.72,-0.02,8.88,-0.0,0.0,0.04,27.33,Mov00
-0.72,-0.02,8.88,-0.0,0.0,0.04,27.33,Mov00
-0.72,-0.02,8.88,-0.0,0.0,0.04,27.33,Mov00
-0.73,-0.02,8.88,-0.0,0.0,0.04,27.33,Mov00
-0.73,-0.02,8.87,-0.0,0.0,0.04,27.33,Mov00
-0.73,-0.02,8.88,-0.0,0.0,0.04,27.33,Mov00
-0.73,-0.01,8.88,-0.0,0.0,0.04,27.33,Mov00
-0.73,-0.01,8.87,-0.0,0.0,0.04,27.33,Mov00
-0.73,-0.01,8.87,-0.0,0.0,0.04,27.34,Mov00
-0.73,-0.02,8.88,-0.0,0.0,0.04,27.33,Mov00
-0.73,-0.02,8.87,-0.0,0.0,0.04,27.33,Mov00
-0.72,-0.02,8.88,-0.0,0.0,0.04,27.33,Mov00
-0.73,-0.02,8.88,-0.0,0.0,0.04,27.34,Mov00
-0.73,-0.02,8.88,-0.0,0.0,0.04,27.34,Mov00
-0.74,-0.02,8.87,-0.0,0.0,0.04,27.34,Mov00
-0.73,-0.01,8.86,-0.0,0.0,0.04,27.34,Mov00
-0.73,-0.02,8.87,-0.0,0.0,0.04,27.34,Mov00
-0.73,-0.02,8.87,-0.0,0.0,0.04,27.34,Mov00
-0.72,-0.03,8.86,-0.0,0.0,0.04,27.34,Mov00
-0.72,-0.03,8.87,-0.0,0.0,0.04,27.34,Mov00
-0.73,-0.02,8.87,-0.0,0.0,0.04,27.34,Mov00
-0.74,-0.02,8.87,-0.0,0.0,0.04,27.34,Mov00
-0.73,-0.02,8.87,-0.0,0.0,0.04,27.35,Mov00
-0.73,-0.02,8.87,-0.0,0.0,0.04,27.35,Mov00
-0.73,-0.02,8.87,-0.0,0.0,0.04,27.34,Mov00
-0.73,-0.02,8.87,-0.0,0.0,0.04,27.34,Mov00
-0.73,-0.02,8.87,-0.0,0.0,0.04,27.35,Mov00
-0.73,-0.01,8.87,-0.0,0.0,0.04,27.34,Mov00
-0.73,-0.02,8.88,-0.0,0.0,0.04,27.34,Mov00
-0.73,-0.01,8.87,-0.0,0.0,0.04,27.34,Mov00
-0.73,-0.01,8.88,-0.0,0.0,0.04,27.33,Mov00
-0.73,-0.01,8.87,-0.0,0.0,0.04,27.34,Mov00
-0.73,-0.0,8.88,-0.0,0.0,0.04,27.34,Mov00
-0.74,-0.01,8.87,-0.0,0.0,0.04,27.34,Mov00
-0.73,-0.01,8.87,-0.0,0.0,0.04,27.34,Mov00
-0.72,-0.0,8.87,-0.0,0.0,0.04,27.34,Mov00
-0.72,-0.0,8.88,-0.0,0.0,0.04,27.34,Mov00
-0.72,-0.0,8.88,-0.0,0.0,0.04,27.34,Mov00
-0.72,-0.02,8.86,-0.0,0.0,0.04,27.34,Mov00
-0.72,-0.02,8.86,-0.0,0.0,0.04,27.34,Mov00
-0.71,-0.02,8.87,-0.0,0.0,0.04,27.34,Mov00
-0.72,-0.02,8.89,-0.0,0.0,0.04,27.33,Mov00
-0.72,-0.02,8.88,-0.0,0.0,0.04,27.33,Mov00
-0.72,-0.02,8.88,-0.0,0.0,0.04,27.34,Mov00
-0.72,-0.02,8.88,-0.0,0.0,0.04,27.33,Mov00
-0.72,-0.01,8.88,-0.0,0.0,0.04,27.33,Mov00
-0.72,-0.02,8.88,-0.0,0.0,0.04,27.33,Mov00
-0.72,-0.03,8.89,-0.0,0.0,0.04,27.33,Mov00
-0.73,-0.02,8.88,-0.0,0.0,0.04,27.33,Mov00
-0.73,-0.02,8.88,-0.0,0.0,0.04,27.34,Mov00
-0.73,-0.03,8.87,-0.0,0.0,0.04,27.34,Mov00
-0.73,-0.03,8.88,-0.0,0.0,0.04,27.33,Mov00
-0.73,-0.03,8.88,-0.0,0.0,0.04,27.33,Mov00
-0.73,-0.03,8.87,-0.0,0.0,0.04,27.33,Mov00
-0.73,-0.03,8.88,-0.0,0.0,0.04,27.34,Mov00
-0.73,-0.02,8.88,-0.0,0.0,0.04,27.34,Mov00
-0.74,-0.02,8.88,-0.0,0.0,0.04,27.34,Mov00
-0.73,-0.02,8.88,-0.0,0.0,0.04,27.34,Mov00
-0.73,-0.02,8.88,-0.0,0.0,0.04,27.34,Mov00
-0.73,-0.02,8.87,-0.0,0.0,0.04,27.34,Mov00
-0.73,-0.01,8.87,-0.0,0.0,0.04,27.34,Mov00
-0.72,-0.02,8.87,-0.0,0.0,0.04,27.34,Mov00
-0.72,-0.02,8.88,-0.0,0.0,0.04,27.33,Mov00
-0.72,-0.01,8.87,-0.0,0.0,0.04,27.34,Mov00
-0.72,-0.03,8.88,-0.0,0.0,0.04,27.33,Mov00
-0.73,-0.02,8.87,-0.0,0.0,0.04,27.33,Mov00
-0.72,-0.03,8.87,-0.0,0.0,0.04,27.33,Mov00
-0.73,-0.03,8.87,-0.0,0.0,0.04,27.33,Mov00
-0.73,-0.02,8.88,-0.0,0.0,0.04,27.34,Mov00
-0.73,-0.02,8.88,-0.0,0.0,0.04,27.33,Mov00
-0.73,-0.02,8.88,-0.0,0.0,0.04,27.33,Mov00
-0.73,-0.02,8.89,-0.0,0.0,0.04,27.32,Mov00
-0.72,-0.02,8.88,-0.0,0.0,0.04,27.33,Mov00
-0.73,-0.02,8.88,-0.0,0.0,0.04,27.33,Mov00
-0.73,-0.02,8.87,-0.0,0.0,0.04,27.33,Mov00
-0.72,-0.02,8.88,-0.0,0.0,0.04,27.33,Mov00
-0.73,-0.02,8.87,-0.0,0.0,0.04,27.33,Mov00
-0.73,-0.01,8.88,-0.0,0.0,0.04,27.32,Mov00
-0.73,-0.03,8.88,-0.0,0.0,0.04,27.33,Mov00
-0.73,-0.02,8.88,-0.0,0.0,0.04,27.32,Mov00
-0.73,-0.02,8.87,-0.0,0.0,0.04,27.32,Mov00
-0.72,-0.02,8.88,-0.0,0.0,0.04,27.32,Mov00
-0.73,-0.01,8.88,-0.0,0.0,0.04,27.32,Mov00
-0.72,-0.02,8.88,-0.0,0.0,0.04,27.32,Mov00
-0.72,-0.02,8.87,-0.0,0.0,0.04,27.32,Mov00
-0.73,-0.02,8.87,-0.0,0.0,0.04,27.33,Mov00
-0.72,-0.02,8.87,-0.0,0.0,0.04,27.33,Mov00
-0.73,-0.01,8.87,-0.0,0.0,0.04,27.33,Mov00
-0.73,-0.01,8.87,-0.0,0.0,0.04,27.32,Mov00
-0.73,-0.01,8.87,-0.0,0.0,0.04,27.32,Mov00
-0.73,-0.02,8.86,-0.0,0.0,0.04,27.32,Mov00
-0.73,-0.01,8.86,-0.0,0.0,0.04,27.32,Mov00
-0.73,-0.01,8.87,-0.0,0.0,0.04,27.32,Mov00
-0.73,-0.01,8.87,-0.0,0.0,0.04,27.33,Mov00
-0.73,-0.02,8.88,-0.0,0.0,0.04,27.32,Mov00
-0.73,-0.02,8.88,-0.0,0.0,0.04,27.32,Mov00
-0.73,-0.02,8.88,-0.0,0.0,0.04,27.32,Mov00
-0.73,-0.02,8.87,-0.0,0.0,0.04,27.33,Mov00
-0.72,-0.02,8.87,-0.0,0.0,0.04,27.34,Mov00
-0.72,-0.02,8.87,-0.0,0.0,0.04,27.34,Mov00
-0.73,-0.02,8.86,-0.0,0.0,0.04,27.34,Mov00
-0.73,-0.02,8.88,-0.0,0.0,0.04,27.33,Mov00
-0.72,-0.02,8.88,-0.0,0.0,0.04,27.33,Mov00
-0.73,-0.01,8.87,-0.0,0.0,0.04,27.33,Mov00
-0.73,-0.02,8.87,-0.0,0.0,0.04,27.34,Mov00
-0.73,-0.01,8.87,-0.0,0.0,0.04,27.33,Mov00
-0.72,-0.01,8.88,-0.0,0.0,0.04,27.33,Mov00
-0.72,-0.01,8.88,-0.0,0.0,0.04,27.33,Mov00
-0.72,-0.02,8.87,-0.0,0.0,0.04,27.33,Mov00
-0.72,-0.02,8.87,-0.0,0.0,0.04,27.33,Mov00
-0.73,-0.01,8.87,-0.0,0.0,0.04,27.33,Mov00
-0.72,-0.02,8.86,-0.0,0.0,0.04,27.33,Mov00
-0.72,-0.02,8.87,-0.0,0.0,0.04,27.33,Mov00
-0.72,-0.01,8.88,-0.0,0.0,0.04,27.32,Mov00
-0.73,-0.01,8.88,-0.0,0.0,0.04,27.32,Mov00
-0.73,-0.01,8.88,-0.0,0.0,0.04,27.33,Mov00
-0.73,-0.01,8.87,-0.0,0.0,0.04,27.33,Mov00
-0.73,-0.01,8.87,-0.0,0.0,0.04,27.33,Mov00
-0.72,-0.01,8.88,-0.0,0.0,0.04,27.32,Mov00
-0.72,-0.02,8.88,-0.0,0.0,0.04,27.32,Mov00
-0.72,-0.02,8.89,-0.0,0.0,0.04,27.32,Mov00
-0.73,-0.02,8.88,-0.0,0.0,0.04,27.32,Mov00
-0.73,-0.02,8.89,-0.0,0.0,0.04,27.33,Mov00
-0.73,-0.02,8.89,-0.0,0.0,0.04,27.33,Mov00
-0.72,-0.02,8.88,-0.0,0.0,0.04,27.32,Mov00
-0.72,-0.02,8.89,-0.0,0.0,0.04,27.32,Mov00
-0.72,-0.02,8.88,-0.0,0.0,0.04,27.32,Mov00
-0.72,-0.02,8.87,-0.0,0.0,0.04,27.33,Mov00
-0.72,-0.03,8.87,-0.0,0.0,0.04,27.33,Mov00
-0.72,-0.03,8.87,-0.0,0.0,0.04,27.33,Mov00
-0.73,-0.02,8.87,-0.0,0.0,0.04,27.32,Mov00
-0.72,-0.02,8.85,-0.01,0.0,0.04,27.33,Mov00
-0.71,-0.02,8.79,-0.01,0.02,0.03,27.33,Mov00
-0.82,-0.05,8.93,-0.01,-0.01,0.04,27.33,Mov00
-0.67,-0.01,8.93,0.01,-0.05,0.04,27.33,Mov00
-0.65,0.01,8.88,-0.01,0.04,0.03,27.33,Mov00
-0.77,-0.03,8.88,-0.01,0.03,0.04,27.33,Mov00
-0.72,-0.01,8.79,-0.01,0.0,0.04,27.33,Mov00
-0.78,-0.04,8.86,-0.01,-0.01,0.04,27.33,Mov00
-0.73,-0.02,8.87,-0.0,-0.01,0.04,27.34,Mov00
-0.71,-0.02,8.87,-0.01,0.01,0.04,27.33,Mov00
-0.73,-0.04,8.87,-0.01,0.0,0.04,27.32,Mov00
-0.71,-0.03,8.86,-0.0,-0.0,0.04,27.32,Mov00
-0.74,-0.03,8.89,-0.01,0.0,0.04,27.32,Mov00
-0.73,-0.02,8.89,-0.0,-0.0,0.04,27.32,Mov00
-0.72,-0.01,8.87,-0.01,0.0,0.04,27.32,Mov00
-0.73,-0.02,8.87,-0.0,-0.0,0.04,27.32,Mov00
-0.72,-0.02,8.87,-0.0,-0.0,0.04,27.33,Mov00
-0.73,-0.03,8.87,-0.01,0.0,0.04,27.33,Mov00
-0.75,-0.03,8.86,-0.01,0.01,0.04,27.33,Mov00
-0.74,-0.01,8.86,-0.0,0.0,0.04,27.32,Mov00
-0.74,-0.0,8.87,-0.0,-0.0,0.04,27.32,Mov00
-0.71,-0.02,8.89,-0.0,-0.01,0.04,27.33,Mov00
-0.71,-0.02,8.89,-0.0,0.0,0.04,27.33,Mov00
-0.73,-0.03,8.87,-0.01,0.01,0.04,27.33,Mov00
-0.75,-0.02,8.85,-0.0,0.0,0.04,27.32,Mov00
-0.74,-0.02,8.86,-0.0,-0.0,0.04,27.32,Mov00
-0.73,-0.02,8.88,-0.0,-0.0,0.04,27.32,Mov00
-0.73,-0.03,8.87,-0.0,-0.0,0.04,27.32,Mov00
-0.72,-0.02,8.87,-0.0,0.0,0.04,27.32,Mov00
-0.72,-0.02,8.87,-0.0,0.0,0.04,27.32,Mov00
-0.74,-0.02,8.88,-0.0,0.0,0.04,27.33,Mov00
-0.73,-0.03,8.9,-0.0,-0.0,0.04,27.32,Mov00
-0.72,-0.03,8.9,-0.0,0.0,0.04,27.32,Mov00
-0.73,-0.03,8.88,-0.0,0.0,0.04,27.32,Mov00
-0.74,-0.02,8.87,-0.0,0.0,0.04,27.32,Mov00
-0.74,-0.02,8.87,-0.0,0.0,0.04,27.33,Mov00
-0.74,-0.02,8.87,-0.0,0.0,0.04,27.33,Mov00
-0.73,-0.02,8.87,-0.0,-0.0,0.04,27.33,Mov00
-0.72,-0.02,8.87,-0.0,0.0,0.04,27.33,Mov00
-0.73,-0.02,8.87,-0.0,0.0,0.04,27.32,Mov00
-0.72,-0.03,8.87,-0.0,0.0,0.04,27.32,Mov00
-0.73,-0.02,8.89,-0.0,0.0,0.04,27.32,Mov00
-0.73,-0.01,8.89,-0.0,0.0,0.04,27.32,Mov00
-0.73,-0.02,8.87,-0.0,0.0,0.04,27.32,Mov00
-0.74,-0.02,8.87,-0.0,0.0,0.04,27.32,Mov00
-0.73,-0.02,8.87,-0.0,-0.0,0.04,27.32,Mov00
-0.73,-0.02,8.87,-0.0,-0.0,0.04,27.33,Mov00
-0.73,-0.03,8.87,-0.0,0.0,0.04,27.33,Mov00
-0.73,-0.02,8.87,-0.0,0.0,0.04,27.33,Mov00
-0.74,-0.01,8.87,-0.0,0.0,0.04,27.34,Mov00
-0.74,-0.01,8.86,-0.0,0.0,0.04,27.33,Mov00
-0.74,-0.02,8.87,-0.01,0.0,0.04,27.33,Mov00
-0.74,-0.02,8.87,-0.0,-0.0,0.04,27.33,Mov00
-0.73,-0.02,8.89,-0.0,-0.0,0.04,27.34,Mov00
-0.73,-0.02,8.89,-0.0,0.0,0.04,27.34,Mov00
-0.73,-0.02,8.89,-0.0,0.0,0.04,27.33,Mov00
-0.74,-0.02,8.88,-0.0,0.0,0.04,27.33,Mov00
-0.73,-0.02,8.88,-0.0,-0.0,0.04,27.33,Mov00
-0.73,-0.01,8.88,-0.0,-0.0,0.04,27.33,Mov00
-0.72,-0.02,8.88,-0.01,0.0,0.04,27.33,Mov00
-0.73,-0.02,8.88,-0.0,0.0,0.04,27.33,Mov00
-0.73,-0.01,8.88,-0.0,0.0,0.04,27.34,Mov00
-0.74,-0.02,8.88,-0.0,-0.0,0.04,27.33,Mov00
-0.72,-0.02,8.87,-0.0,-0.0,0.04,27.33,Mov00
-0.73,-0.02,8.88,-0.0,0.0,0.04,27.33,Mov00
-0.72,-0.03,8.88,-0.0,0.0,0.04,27.32,Mov00
-0.72,-0.02,8.87,-0.0,0.0,0.04,27.32,Mov00
-0.73,-0.03,8.86,-0.0,0.0,0.04,27.32,Mov00
-0.72,-0.02,8.86,-0.0,0.0,0.04,27.32,Mov00
-0.73,-0.02,8.86,-0.0,0.0,0.04,27.33,Mov00
-0.72,-0.02,8.87,-0.0,-0.0,0.04,27.32,Mov00
-0.72,-0.03,8.87,-0.0,0.0,0.04,27.32,Mov00
-0.73,-0.03,8.88,-0.0,0.0,0.04,27.32,Mov00
-0.73,-0.03,8.86,-0.0,0.0,0.04,27.32,Mov00
-0.74,-0.03,8.88,-0.0,0.0,0.04,27.32,Mov00
-0.73,-0.03,8.88,-0.0,-0.0,0.04,27.32,Mov00
-0.73,-0.03,8.89,-0.0,-0.0,0.04,27.32,Mov00
-0.73,-0.03,8.88,-0.0,0.0,0.04,27.32,Mov00
-0.73,-0.02,8.87,-0.0,0.0,0.04,27.32,Mov00
-0.74,-0.02,8.88,-0.0,0.0,0.04,27.32,Mov00
-0.74,-0.02,8.88,-0.0,0.0,0.04,27.33,Mov00
-0.73,-0.02,8.89,-0.0,-0.0,0.04,27.32,Mov00
-0.72,-0.02,8.89,-0.0,0.0,0.04,27.32,Mov00
-0.72,-0.02,8.88,-0.0,0.0,0.04,27.32,Mov00
-0.72,-0.02,8.88,-0.0,0.0,0.04,27.32,Mov00
-0.73,-0.02,8.88,-0.0,0.0,0.04,27.32,Mov00
-0.73,-0.03,8.88,-0.0,0.0,0.04,27.32,Mov00
-0.73,-0.03,8.89,-0.0,0.0,0.04,27.32,Mov00
-0.72,-0.03,8.88,-0.0,-0.0,0.04,27.32,Mov00
-0.72,-0.03,8.88,-0.0,0.0,0.04,27.32,Mov00
-0.73,-0.03,8.87,-0.0,0.0,0.04,27.33,Mov00
-0.73,-0.03,8.88,-0.0,-0.0,0.04,27.33,Mov00
-0.73,-0.02,8.87,-0.0,-0.0,0.04,27.32,Mov00
-0.73,-0.02,8.87,-0.0,-0.0,0.04,27.32,Mov00
-0.73,-0.02,8.86,-0.0,0.0,0.04,27.32,Mov00
-0.73,-0.03,8.87,-0.01,0.0,0.04,27.32,Mov00
-0.74,-0.02,8.87,-0.0,0.0,0.04,27.31,Mov00
-0.74,-0.02,8.87,-0.0,0.0,0.04,27.31,Mov00
-0.73,-0.03,8.88,-0.0,-0.0,0.04,27.31,Mov00
-0.72,-0.03,8.87,-0.0,0.0,0.04,27.32,Mov00
-0.72,-0.03,8.85,-0.0,0.0,0.04,27.32,Mov00
-0.73,-0.03,8.86,-0.0,0.0,0.04,27.32,Mov00
-0.73,-0.03,8.87,-0.0,0.0,0.04,27.32,Mov00
-0.74,-0.03,8.87,-0.0,0.0,0.04,27.32,Mov00
-0.73,-0.03,8.87,-0.0,0.0,0.04,27.33,Mov00
-0.73,-0.03,8.88,-0.0,0.0,0.04,27.33,Mov00
-0.73,-0.02,8.87,-0.0,0.0,0.04,27.34,Mov00
-0.74,-0.02,8.88,-0.0,0.0,0.04,27.33,Mov00
-0.74,-0.02,8.88,-0.0,0.0,0.04,27.32,Mov00
-0.73,-0.02,8.88,-0.0,0.0,0.04,27.32,Mov00
-0.73,-0.03,8.89,-0.0,0.0,0.04,27.32,Mov00
-0.73,-0.03,8.88,-0.0,0.0,0.04,27.32,Mov00
-0.72,-0.03,8.87,-0.0,0.0,0.04,27.33,Mov00
-0.72,-0.02,8.87,-0.0,0.0,0.04,27.33,Mov00
-0.73,-0.02,8.85,-0.0,0.0,0.04,27.33,Mov00
-0.73,-0.02,8.87,-0.0,0.0,0.04,27.33,Mov00
-0.73,-0.02,8.87,-0.0,-0.0,0.04,27.33,Mov00
-0.73,-0.03,8.88,-0.0,0.0,0.04,27.32,Mov00
-0.73,-0.03,8.88,-0.0,0.0,0.04,27.32,Mov00
-0.73,-0.02,8.89,-0.0,0.0,0.04,27.32,Mov00
-0.73,-0.02,8.88,-0.0,0.0,0.04,27.32,Mov00
-0.73,-0.02,8.89,-0.0,0.0,0.04,27.33,Mov00
-0.73,-0.02,8.88,-0.0,0.0,0.04,27.33,Mov00
-0.72,-0.02,8.87,-0.0,0.0,0.04,27.33,Mov00
-0.73,-0.02,8.88,-0.0,0.0,0.04,27.33,Mov00
-0.73,-0.02,8.88,-0.0,0.0,0.04,27.33,Mov00
-0.73,-0.02,8.88,-0.0,0.0,0.04,27.32,Mov00
-0.72,-0.03,8.88,-0.0,0.0,0.04,27.32,Mov00
-0.73,-0.02,8.88,-0.0,0.0,0.04,27.32,Mov00
-0.73,-0.02,8.87,-0.0,0.0,0.04,27.32,Mov00
-0.73,-0.02,8.87,-0.0,0.0,0.04,27.32,Mov00
-0.73,-0.03,8.88,-0.0,0.0,0.04,27.32,Mov00
-0.72,-0.02,8.88,-0.0,0.0,0.04,27.32,Mov00
-0.73,-0.02,8.87,-0.0,0.0,0.04,27.32,Mov00
-0.73,-0.02,8.87,-0.0,0.0,0.04,27.32,Mov00
-0.73,-0.02,8.87,-0.0,0.0,0.04,27.32,Mov00
-0.73,-0.03,8.87,-0.0,0.0,0.04,27.32,Mov00
-0.74,-0.03,8.87,-0.0,0.0,0.04,27.32,Mov00
-0.74,-0.03,8.87,-0.0,0.0,0.04,27.31,Mov00
-0.73,-0.03,8.86,-0.0,0.0,0.04,27.31,Mov00
-0.73,-0.02,8.86,-0.0,0.0,0.04,27.31,Mov00
-0.72,-0.03,8.88,-0.0,0.0,0.04,27.31,Mov00
-0.73,-0.02,8.88,-0.0,0.0,0.04,27.31,Mov00
-0.73,-0.01,8.88,-0.0,0.0,0.04,27.31,Mov00
-0.73,-0.01,8.87,-0.0,0.0,0.04,27.31,Mov00
-0.73,-0.02,8.88,-0.0,0.0,0.04,27.32,Mov00
-0.72,-0.02,8.88,-0.0,0.0,0.04,27.31,Mov00
-0.73,-0.03,8.88,-0.0,0.0,0.04,27.32,Mov00
-0.73,-0.02,8.87,-0.0,0.0,0.04,27.32,Mov00
-0.73,-0.02,8.88,-0.0,0.0,0.04,27.31,Mov00
-0.72,-0.02,8.88,-0.0,0.0,0.04,27.32,Mov00
-0.72,-0.02,8.87,-0.0,0.0,0.04,27.32,Mov00
-0.73,-0.02,8.87,-0.0,0.0,0.04,27.32,Mov00
-0.73,-0.03,8.87,-0.0,0.0,0.04,27.32,Mov00
-0.73,-0.03,8.88,-0.0,0.0,0.04,27.32,Mov00
-0.73,-0.03,8.88,-0.0,0.0,0.04,27.32,Mov00
-0.73,-0.03,8.88,-0.0,0.0,0.04,27.32,Mov00
-0.73,-0.03,8.88,-0.0,0.0,0.04,27.32,Mov00
-0.72,-0.03,8.88,-0.0,0.0,0.04,27.32,Mov00
-0.71,-0.02,8.88,-0.0,0.0,0.04,27.31,Mov00
-0.72,-0.02,8.88,-0.0,0.0,0.04,27.31,Mov00
-0.73,-0.03,8.88,-0.0,0.0,0.04,27.31,Mov00
-0.73,-0.02,8.88,-0.0,0.0,0.04,27.31,Mov00
-0.73,-0.01,8.88,-0.0,0.0,0.04,27.31,Mov00
-0.73,-0.02,8.88,-0.0,0.0,0.04,27.32,Mov00
-0.73,-0.02,8.88,-0.0,0.0,0.04,27.32,Mov00
-0.73,-0.02,8.88,-0.0,0.0,0.04,27.32,Mov00
-0.72,-0.02,8.87,-0.0,0.0,0.04,27.32,Mov00
-0.72,-0.02,8.88,-0.0,0.0,0.04,27.31,Mov00
-0.72,-0.02,8.89,-0.0,0.0,0.04,27.31,Mov00
-0.72,-0.03,8.89,-0.0,0.0,0.04,27.32,Mov00
-0.72,-0.02,8.89,-0.0,0.0,0.04,27.31,Mov00
-0.73,-0.03,8.9,-0.0,-0.0,0.04,27.31,Mov00
-0.73,-0.02,8.89,-0.0,0.0,0.04,27.31,Mov00
-0.73,-0.03,8.89,-0.0,0.0,0.04,27.3,Mov00
-0.73,-0.02,8.89,-0.0,-0.0,0.04,27.31,Mov00
-0.73,-0.02,8.89,-0.0,0.0,0.04,27.31,Mov00
-0.73,-0.02,8.88,-0.0,0.0,0.04,27.31,Mov00
-0.73,-0.03,8.88,-0.0,0.0,0.04,27.31,Mov00
-0.72,-0.02,8.88,-0.0,-0.0,0.04,27.32,Mov00
-0.72,-0.02,8.87,-0.0,0.0,0.04,27.32,Mov00
-0.72,-0.02,8.87,-0.0,0.0,0.04,27.32,Mov00
-0.72,-0.02,8.87,-0.0,0.0,0.04,27.32,Mov00
-0.72,-0.02,8.87,-0.0,0.0,0.04,27.32,Mov00
-0.71,-0.02,8.86,-0.0,0.0,0.04,27.32,Mov00
-0.72,-0.02,8.87,-0.0,0.0,0.04,27.32,Mov00
-0.72,-0.02,8.86,-0.0,0.0,0.04,27.32,Mov00
-0.72,-0.02,8.87,-0.0,0.0,0.04,27.32,Mov00
-0.73,-0.02,8.87,-0.0,-0.0,0.04,27.32,Mov00
-0.73,-0.02,8.88,-0.0,0.0,0.04,27.32,Mov00
-0.73,-0.02,8.88,-0.0,0.0,0.04,27.32,Mov00
-0.73,-0.02,8.88,-0.0,0.0,0.04,27.31,Mov00
-0.72,-0.02,8.88,-0.0,0.0,0.04,27.31,Mov00
-0.72,-0.03,8.88,-0.0,0.0,0.04,27.31,Mov00
-0.73,-0.03,8.87,-0.0,0.0,0.04,27.31,Mov00
-0.73,-0.03,8.86,-0.0,0.0,0.04,27.32,Mov00
-0.73,-0.03,8.86,-0.0,0.0,0.04,27.32,Mov00
-0.74,-0.02,8.85,-0.0,0.0,0.04,27.31,Mov00
-0.73,-0.03,8.86,-0.0,0.0,0.04,27.31,Mov00
-0.73,-0.02,8.86,-0.0,0.0,0.04,27.3,Mov00
-0.72,-0.01,8.86,-0.0,0.0,0.04,27.31,Mov00
-0.72,-0.02,8.87,-0.0,0.0,0.04,27.31,Mov00
-0.73,-0.02,8.87,-0.0,0.0,0.04,27.32,Mov00
-0.73,-0.03,8.86,-0.0,0.0,0.04,27.31,Mov00
-0.73,-0.03,8.88,-0.0,0.0,0.04,27.31,Mov00
-0.73,-0.03,8.87,-0.0,0.0,0.04,27.32,Mov00
-0.73,-0.03,8.87,-0.0,0.0,0.04,27.32,Mov00
-0.73,-0.03,8.88,-0.0,0.0,0.04,27.32,Mov00
-0.72,-0.03,8.87,-0.0,0.0,0.04,27.32,Mov00
-0.72,-0.03,8.88,-0.0,0.0,0.04,27.32,Mov00
-0.73,-0.03,8.88,-0.0,0.0,0.04,27.32,Mov00
-0.73,-0.02,8.87,-0.0,0.0,0.04,27.32,Mov00
-0.73,-0.01,8.87,-0.0,0.0,0.04,27.32,Mov00
-0.73,-0.02,8.87,-0.0,-0.0,0.04,27.32,Mov00
-0.73,-0.02,8.87,-0.0,-0.0,0.04,27.32,Mov00
-0.73,-0.02,8.88,-0.0,0.0,0.04,27.32,Mov00
-0.73,-0.02,8.88,-0.0,0.0,0.04,27.32,Mov00
-0.72,-0.02,8.88,-0.0,0.0,0.04,27.32,Mov00
-0.73,-0.01,8.87,-0.0,0.0,0.04,27.32,Mov00
-0.73,-0.01,8.88,-0.0,0.0,0.04,27.32,Mov00
-0.74,-0.01,8.88,-0.0,0.0,0.04,27.32,Mov00
-0.74,-0.02,8.88,-0.0,0.0,0.04,27.32,Mov00
-0.74,-0.02,8.89,-0.0,0.0,0.04,27.32,Mov00
-0.73,-0.03,8.89,-0.0,0.0,0.04,27.32,Mov00
-0.73,-0.03,8.88,-0.0,0.0,0.04,27.31,Mov00
-0.72,-0.02,8.87,-0.0,0.0,0.04,27.32,Mov00
-0.72,-0.02,8.86,-0.0,0.0,0.04,27.31,Mov00
-0.71,-0.03,8.88,-0.0,0.0,0.04,27.31,Mov00
-0.72,-0.03,8.87,-0.0,0.0,0.04,27.31,Mov00
-0.72,-0.03,8.86,-0.0,0.0,0.04,27.31,Mov00
-0.72,-0.03,8.87,-0.0,0.0,0.04,27.31,Mov00
-0.73,-0.03,8.87,-0.0,0.0,0.04,27.31,Mov00
-0.72,-0.03,8.87,-0.0,0.0,0.04,27.31,Mov00
-0.73,-0.03,8.87,-0.0,0.0,0.04,27.31,Mov00
-0.73,-0.03,8.86,-0.0,0.0,0.04,27.31,Mov00
-0.73,-0.03,8.87,-0.0,0.0,0.04,27.31,Mov00
-0.73,-0.03,8.88,-0.0,0.0,0.04,27.31,Mov00
-0.73,-0.02,8.88,-0.0,0.0,0.04,27.3,Mov00
-0.73,-0.03,8.88,-0.0,0.0,0.04,27.31,Mov00
-0.73,-0.03,8.87,-0.0,0.0,0.04,27.32,Mov00
-0.73,-0.02,8.88,-0.0,0.0,0.04,27.32,Mov00
-0.73,-0.02,8.88,-0.0,0.0,0.04,27.32,Mov00
-0.73,-0.02,8.87,-0.0,0.0,0.04,27.32,Mov00
-0.73,-0.03,8.86,-0.0,0.0,0.04,27.32,Mov00
-0.73,-0.03,8.87,-0.0,0.0,0.04,27.31,Mov00
-0.72,-0.02,8.85,-0.0,0.0,0.04,27.31,Mov00
-0.73,-0.03,8.87,-0.0,0.0,0.04,27.31,Mov00
-0.73,-0.03,8.86,-0.0,0.0,0.04,27.31,Mov00
10.04,0.41,-0.07,-0.01,-0.05,0.05,27.27,Mov04
10.26,0.4,-0.1,-0.01,-0.04,0.06,27.28,Mov04
10.31,0.43,-0.1,-0.01,-0.02,0.07,27.28,Mov04
10.09,0.42,-0.04,-0.02,-0.01,0.08,27.28,Mov04
9.75,0.36,-0.04,-0.01,-0.01,0.07,27.28,Mov04
9.72,0.31,-0.05,-0.01,-0.03,0.06,27.28,Mov04
9.89,0.34,-0.07,0.01,-0.05,0.07,27.29,Mov04
10.04,0.43,-0.09,0.02,-0.05,0.08,27.29,Mov04
10.16,0.46,-0.11,0.01,-0.04,0.07,27.29,Mov04
10.21,0.41,-0.12,0.0,-0.02,0.06,27.28,Mov04
10.1,0.38,-0.12,0.0,0.0,0.05,27.28,Mov04
9.99,0.43,-0.08,0.0,-0.0,0.05,27.27,Mov04
9.95,0.46,-0.03,0.0,-0.01,0.06,27.27,Mov04
9.96,0.48,-0.02,-0.0,-0.02,0.07,27.27,Mov04
9.97,0.42,-0.05,-0.01,-0.02,0.07,27.28,Mov04
9.9,0.37,-0.09,-0.0,-0.02,0.07,27.28,Mov04
9.86,0.33,-0.12,0.01,-0.03,0.05,27.27,Mov04
9.9,0.3,-0.15,0.02,-0.04,0.04,27.28,Mov04
10.07,0.36,-0.19,0.02,-0.04,0.04,27.28,Mov04
10.22,0.44,-0.17,0.02,-0.02,0.04,27.28,Mov04
10.2,0.48,-0.16,0.01,0.01,0.04,27.28,Mov04
10.07,0.43,-0.13,0.01,0.02,0.05,27.29,Mov04
9.96,0.37,-0.1,0.01,0.01,0.06,27.29,Mov04
9.92,0.32,-0.06,0.01,0.0,0.05,27.29,Mov04
9.9,0.31,-0.04,0.02,-0.0,0.05,27.29,Mov04
9.88,0.36,-0.03,0.02,-0.01,0.04,27.29,Mov04
9.94,0.4,-0.05,0.02,-0.01,0.03,27.29,Mov04
10.1,0.39,-0.11,0.01,-0.01,0.03,27.29,Mov04
10.2,0.35,-0.14,0.01,-0.0,0.04,27.28,Mov04
10.19,0.31,-0.17,0.01,0.02,0.04,27.29,Mov04
10.04,0.29,-0.16,0.01,0.03,0.05,27.29,Mov04
9.85,0.25,-0.14,0.02,0.03,0.06,27.29,Mov04
9.8,0.27,-0.12,0.04,0.01,0.06,27.29,Mov04
9.86,0.34,-0.11,0.04,0.0,0.04,27.29,Mov04
9.98,0.4,-0.1,0.03,0.0,0.0,27.29,Mov04
10.09,0.43,-0.12,0.01,-0.0,-0.0,27.29,Mov04
10.19,0.37,-0.18,0.01,-0.0,0.02,27.29,Mov04
10.23,0.34,-0.2,0.03,0.01,0.04,27.29,Mov04
10.14,0.35,-0.17,0.04,0.02,0.05,27.29,Mov04
9.9,0.37,-0.09,0.04,0.03,0.05,27.29,Mov04
9.7,0.39,-0.03,0.03,0.02,0.04,27.29,Mov04
9.7,0.38,-0.0,0.02,0.01,0.02,27.29,Mov04
9.85,0.28,-0.03,0.03,-0.01,0.03,27.29,Mov04
9.93,0.21,-0.05,0.05,-0.03,0.08,27.29,Mov04
10.02,0.31,-0.06,0.06,-0.05,0.12,27.29,Mov04
10.08,0.36,-0.07,0.05,-0.06,0.11,27.29,Mov04
10.07,0.23,-0.15,0.03,-0.04,0.07,27.29,Mov04
10.09,0.29,-0.2,0.02,-0.03,0.03,27.29,Mov04
10.04,0.34,-0.16,0.01,-0.01,0.01,27.29,Mov04
9.84,0.36,-0.13,0.01,-0.02,0.02,27.3,Mov04
9.77,0.39,-0.13,0.02,-0.03,0.02,27.3,Mov04
9.92,0.44,-0.12,0.02,-0.05,0.03,27.3,Mov04
10.05,0.4,-0.16,0.02,-0.05,0.03,27.3,Mov04
10.17,0.4,-0.21,0.02,-0.05,0.03,27.3,Mov04
10.27,0.53,-0.19,0.02,-0.04,0.02,27.29,Mov04
10.11,0.51,-0.12,0.01,0.0,0.01,27.29,Mov04
9.83,0.34,-0.12,-0.0,0.03,-0.0,27.29,Mov04
9.74,0.18,-0.18,-0.0,0.05,-0.03,27.3,Mov04
9.92,0.21,-0.2,0.01,0.05,-0.05,27.3,Mov04
10.09,0.4,-0.17,0.02,0.04,-0.03,27.3,Mov04
10.28,0.55,-0.12,0.03,0.02,0.01,27.3,Mov04
10.31,0.66,-0.06,0.02,0.02,0.04,27.3,Mov04
10.16,0.74,0.02,0.0,0.03,0.05,27.3,Mov04
9.92,0.73,0.05,-0.02,0.04,0.04,27.3,Mov04
9.86,0.62,0.03,-0.04,0.03,0.03,27.3,Mov04
9.87,0.48,-0.06,-0.05,0.01,0.03,27.3,Mov04
9.93,0.37,-0.17,-0.04,-0.0,0.02,27.3,Mov04
10.02,0.32,-0.19,-0.03,-0.03,0.01,27.3,Mov04
9.99,0.34,-0.16,-0.02,-0.03,0.02,27.3,Mov04
10.0,0.37,-0.15,-0.01,-0.01,0.04,27.3,Mov04
10.06,0.39,-0.16,-0.02,0.0,0.05,27.3,Mov04
10.06,0.44,-0.13,-0.02,0.0,0.06,27.3,Mov04
9.99,0.45,-0.13,-0.03,0.01,0.07,27.3,Mov04
9.94,0.35,-0.12,-0.04,0.02,0.07,27.3,Mov04
9.89,0.34,-0.17,-0.03,-0.0,0.06,27.3,Mov04
9.95,0.33,-0.16,-0.02,-0.01,0.04,27.3,Mov04
10.06,0.31,-0.18,-0.02,-0.02,0.06,27.3,Mov04
10.09,0.35,-0.16,-0.01,-0.03,0.07,27.31,Mov04
10.08,0.38,-0.12,-0.01,-0.02,0.09,27.3,Mov04
10.01,0.41,-0.09,-0.01,-0.0,0.09,27.31,Mov04
9.95,0.38,-0.1,-0.02,0.01,0.1,27.3,Mov04
10.04,0.35,-0.15,-0.02,0.0,0.09,27.29,Mov04
10.04,0.3,-0.18,-0.02,-0.01,0.08,27.3,Mov04
9.97,0.3,-0.17,-0.01,-0.03,0.06,27.29,Mov04
9.9,0.33,-0.12,-0.0,-0.04,0.05,27.3,Mov04
9.9,0.36,-0.1,-0.01,-0.04,0.05,27.3,Mov04
9.99,0.33,-0.1,-0.01,-0.02,0.06,27.3,Mov04
10.15,0.33,-0.17,-0.01,-0.02,0.07,27.3,Mov04
10.19,0.31,-0.16,-0.01,-0.01,0.07,27.3,Mov04
10.08,0.33,-0.14,-0.01,-0.01,0.09,27.29,Mov04
9.94,0.35,-0.14,-0.01,-0.0,0.09,27.29,Mov04
9.86,0.33,-0.13,-0.01,0.0,0.07,27.3,Mov04
9.9,0.32,-0.17,-0.01,0.0,0.06,27.3,Mov04
9.99,0.3,-0.17,-0.01,-0.01,0.05,27.3,Mov04
10.07,0.29,-0.17,-0.01,-0.02,0.04,27.29,Mov04
10.07,0.26,-0.17,-0.02,-0.02,0.04,27.3,Mov04
10.03,0.3,-0.17,-0.02,-0.02,0.05,27.3,Mov04
9.99,0.31,-0.17,-0.02,-0.01,0.06,27.3,Mov04
9.92,0.31,-0.16,-0.01,0.0,0.06,27.3,Mov04
9.88,0.28,-0.15,-0.02,0.01,0.04,27.3,Mov04
9.96,0.23,-0.18,-0.02,-0.01,0.03,27.3,Mov04
10.05,0.22,-0.19,-0.02,-0.02,0.02,27.3,Mov04
10.12,0.27,-0.19,-0.01,-0.03,0.03,27.31,Mov04
10.13,0.32,-0.18,-0.01,-0.03,0.04,27.31,Mov04
10.09,0.37,-0.14,-0.01,-0.02,0.04,27.3,Mov04
10.03,0.37,-0.13,-0.01,-0.01,0.05,27.3,Mov04
9.95,0.36,-0.14,-0.01,0.0,0.05,27.29,Mov04
9.95,0.32,-0.15,-0.02,0.0,0.04,27.28,Mov04
9.99,0.26,-0.18,-0.02,-0.0,0.04,27.29,Mov04
10.04,0.28,-0.22,-0.02,-0.01,0.04,27.29,Mov04
10.07,0.28,-0.23,-0.01,-0.01,0.05,27.3,Mov04
10.02,0.28,-0.22,0.0,-0.01,0.04,27.3,Mov04
9.95,0.28,-0.19,0.0,-0.01,0.04,27.3,Mov04
9.97,0.28,-0.16,0.0,-0.0,0.03,27.3,Mov04
10.02,0.26,-0.17,-0.0,-0.01,0.03,27.3,Mov04
10.08,0.27,-0.19,-0.01,-0.01,0.03,27.3,Mov04
10.1,0.33,-0.16,-0.01,-0.01,0.05,27.3,Mov04
10.09,0.34,-0.16,-0.01,-0.01,0.08,27.31,Mov04
10.07,0.36,-0.16,-0.01,0.0,0.09,27.31,Mov04
9.99,0.37,-0.15,-0.01,0.01,0.08,27.31,Mov04
9.94,0.3,-0.15,-0.02,0.02,0.06,27.3,Mov04
9.95,0.21,-0.18,-0.02,0.01,0.05,27.3,Mov04
10.01,0.17,-0.23,-0.01,0.0,0.05,27.3,Mov04
10.03,0.2,-0.21,-0.01,-0.01,0.06,27.3,Mov04
9.98,0.25,-0.19,-0.0,-0.01,0.06,27.3,Mov04
9.96,0.27,-0.17,-0.0,0.0,0.05,27.3,Mov04
9.96,0.27,-0.16,-0.01,0.01,0.05,27.3,Mov04
9.97,0.23,-0.17,-0.01,0.01,0.05,27.31,Mov04
10.01,0.19,-0.2,-0.01,0.01,0.05,27.31,Mov04
10.07,0.22,-0.21,-0.0,-0.0,0.05,27.31,Mov04
10.04,0.25,-0.18,-0.0,-0.01,0.05,27.3,Mov04
10.02,0.28,-0.17,-0.01,-0.01,0.05,27.3,Mov04
9.99,0.29,-0.19,-0.01,0.0,0.04,27.31,Mov04
9.96,0.26,-0.2,-0.01,0.0,0.04,27.31,Mov04
9.96,0.26,-0.2,-0.01,0.0,0.04,27.31,Mov04
9.98,0.24,-0.19,-0.01,0.01,0.04,27.31,Mov04
10.01,0.24,-0.18,-0.01,0.01,0.04,27.31,Mov04
10.06,0.24,-0.17,-0.01,0.01,0.05,27.3,Mov04
10.09,0.21,-0.18,-0.0,0.01,0.06,27.31,Mov04
10.05,0.22,-0.17,-0.0,0.02,0.07,27.3,Mov04
10.0,0.25,-0.17,-0.01,0.01,0.07,27.3,Mov04
9.99,0.26,-0.17,-0.01,0.01,0.06,27.31,Mov04
10.03,0.22,-0.18,-0.02,0.01,0.05,27.31,Mov04
10.02,0.18,-0.17,-0.02,0.01,0.05,27.31,Mov04
10.01,0.18,-0.17,-0.01,0.01,0.06,27.31,Mov04
10.02,0.21,-0.15,-0.01,0.0,0.08,27.31,Mov04
10.04,0.23,-0.14,-0.0,0.0,0.08,27.31,Mov04
10.04,0.23,-0.15,-0.01,-0.0,0.08,27.31,Mov04
10.01,0.21,-0.15,-0.01,-0.01,0.08,27.31,Mov04
9.97,0.19,-0.17,-0.02,-0.01,0.06,27.31,Mov04
9.95,0.18,-0.16,-0.02,-0.02,0.05,27.31,Mov04
9.94,0.16,-0.17,-0.02,-0.01,0.03,27.3,Mov04
9.95,0.14,-0.18,-0.02,-0.01,0.03,27.3,Mov04
10.0,0.17,-0.19,-0.01,-0.01,0.02,27.29,Mov04
10.08,0.16,-0.2,-0.0,-0.01,0.02,27.3,Mov04
10.1,0.2,-0.2,-0.0,-0.02,0.03,27.3,Mov04
10.11,0.26,-0.2,-0.0,-0.01,0.04,27.3,Mov04
10.06,0.23,-0.2,-0.01,-0.01,0.05,27.3,Mov04
10.01,0.22,-0.2,-0.01,-0.01,0.05,27.31,Mov04
9.99,0.23,-0.2,-0.02,-0.0,0.05,27.31,Mov04
9.99,0.2,-0.18,-0.02,-0.0,0.05,27.3,Mov04
10.01,0.15,-0.21,-0.01,-0.0,0.05,27.3,Mov04
9.99,0.12,-0.2,-0.01,-0.01,0.04,27.3,Mov04
9.96,0.14,-0.2,-0.0,-0.01,0.04,27.3,Mov04
9.99,0.16,-0.2,-0.0,-0.01,0.04,27.3,Mov04
10.01,0.17,-0.21,-0.0,-0.01,0.04,27.3,Mov04
10.09,0.19,-0.22,-0.01,-0.02,0.04,27.3,Mov04
10.11,0.21,-0.23,-0.01,-0.02,0.05,27.3,Mov04
10.1,0.22,-0.22,-0.01,-0.01,0.04,27.31,Mov04
10.07,0.2,-0.22,-0.01,-0.01,0.05,27.32,Mov04
10.01,0.2,-0.2,-0.0,-0.01,0.04,27.32,Mov04
9.91,0.14,-0.18,-0.01,-0.0,0.03,27.32,Mov04
9.91,0.11,-0.21,-0.01,0.0,0.03,27.31,Mov04
9.99,0.11,-0.23,-0.01,-0.0,0.03,27.31,Mov04
10.06,0.11,-0.24,-0.01,-0.01,0.03,27.31,Mov04
10.08,0.19,-0.23,0.0,-0.02,0.05,27.32,Mov04
10.07,0.27,-0.19,0.0,-0.01,0.06,27.32,Mov04
10.03,0.28,-0.17,-0.0,-0.0,0.05,27.32,Mov04
10.0,0.23,-0.16,-0.01,0.01,0.04,27.31,Mov04
9.96,0.16,-0.19,-0.01,0.02,0.03,27.32,Mov04
10.0,0.1,-0.24,-0.01,0.01,0.03,27.31,Mov04
10.06,0.09,-0.26,-0.0,0.01,0.04,27.32,Mov04
10.04,0.16,-0.24,0.01,0.0,0.06,27.32,Mov04
9.96,0.2,-0.19,0.01,0.0,0.06,27.31,Mov04
9.93,0.23,-0.17,0.0,0.0,0.05,27.31,Mov04
9.94,0.2,-0.18,-0.0,0.01,0.04,27.32,Mov04
9.97,0.17,-0.22,-0.01,0.01,0.03,27.31,Mov04
10.02,0.12,-0.25,-0.02,0.0,0.03,27.32,Mov04
10.04,0.13,-0.25,-0.01,-0.0,0.03,27.31,Mov04
10.09,0.14,-0.23,-0.0,-0.01,0.04,27.31,Mov04
10.08,0.2,-0.19,-0.0,-0.01,0.05,27.32,Mov04
10.03,0.22,-0.16,-0.01,0.0,0.05,27.32,Mov04
9.99,0.2,-0.17,-0.01,0.01,0.05,27.32,Mov04
9.99,0.18,-0.2,-0.01,0.02,0.04,27.32,Mov04
10.0,0.15,-0.22,-0.02,0.01,0.04,27.31,Mov04
10.0,0.12,-0.23,-0.01,0.01,0.04,27.3,Mov04
9.99,0.14,-0.23,-0.01,-0.01,0.04,27.3,Mov04
9.96,0.17,-0.19,-0.01,-0.01,0.04,27.31,Mov04
9.93,0.17,-0.19,-0.01,-0.01,0.03,27.31,Mov04
9.99,0.15,-0.2,-0.01,-0.01,0.03,27.32,Mov04
10.05,0.14,-0.21,-0.01,-0.01,0.03,27.32,Mov04
10.05,0.15,-0.2,-0.01,-0.01,0.04,27.32,Mov04
10.08,0.16,-0.21,-0.01,0.0,0.05,27.31,Mov04
10.09,0.12,-0.22,0.0,0.01,0.07,27.32,Mov04
10.05,0.17,-0.22,0.01,0.0,0.08,27.32,Mov04
10.01,0.23,-0.19,0.0,0.0,0.07,27.32,Mov04
9.99,0.18,-0.19,-0.01,0.01,0.06,27.31,Mov04
10.0,0.13,-0.22,-0.02,0.01,0.05,27.31,Mov04
10.0,0.11,-0.23,-0.02,0.01,0.04,27.31,Mov04
9.95,0.09,-0.24,-0.02,0.01,0.04,27.31,Mov04
9.96,0.08,-0.24,-0.01,0.01,0.04,27.32,Mov04
9.97,0.12,-0.24,-0.0,-0.0,0.03,27.31,Mov04
10.03,0.16,-0.21,-0.0,-0.01,0.03,27.32,Mov04
10.08,0.16,-0.2,-0.01,-0.01,0.03,27.32,Mov04
10.08,0.16,-0.21,-0.01,-0.01,0.04,27.31,Mov04
10.06,0.15,-0.2,-0.01,-0.0,0.04,27.32,Mov04
10.04,0.17,-0.2,-0.01,0.0,0.04,27.32,Mov04
10.01,0.17,-0.21,-0.01,0.0,0.05,27.32,Mov04
9.96,0.14,-0.21,-0.01,0.0,0.04,27.32,Mov04
9.9,0.13,-0.19,-0.01,0.0,0.04,27.32,Mov04
9.91,0.12,-0.2,-0.01,-0.0,0.03,27.32,Mov04
9.99,0.11,-0.23,-0.01,-0.0,0.02,27.32,Mov04
10.12,0.11,-0.23,0.0,-0.01,0.03,27.32,Mov04
10.13,0.15,-0.21,0.01,-0.02,0.04,27.32,Mov04
10.08,0.16,-0.16,0.01,-0.01,0.04,27.31,Mov04
10.04,0.14,-0.17,-0.0,-0.0,0.04,27.31,Mov04
10.02,0.16,-0.18,-0.01,0.0,0.05,27.31,Mov04
10.0,0.15,-0.2,-0.02,0.01,0.05,27.32,Mov04
10.01,0.11,-0.24,-0.02,0.01,0.05,27.31,Mov04
9.98,0.1,-0.25,-0.01,0.01,0.05,27.31,Mov04
9.95,0.12,-0.24,-0.0,0.01,0.05,27.3,Mov04
9.93,0.15,-0.21,-0.0,0.0,0.04,27.3,Mov04
9.94,0.14,-0.2,-0.01,0.0,0.03,27.31,Mov04
10.02,0.13,-0.22,-0.01,-0.0,0.03,27.31,Mov04
10.11,0.12,-0.25,-0.01,-0.01,0.03,27.31,Mov04
10.13,0.13,-0.24,-0.0,-0.01,0.04,27.31,Mov04
10.08,0.12,-0.23,0.0,-0.01,0.05,27.31,Mov04
10.02,0.13,-0.21,0.01,-0.0,0.06,27.31,Mov04
9.99,0.14,-0.19,0.01,0.01,0.06,27.32,Mov04
9.94,0.14,-0.21,0.0,0.01,0.05,27.32,Mov04
9.93,0.11,-0.21,-0.0,0.01,0.04,27.32,Mov04
9.95,0.1,-0.22,-0.0,0.01,0.04,27.32,Mov04
10.0,0.09,-0.22,0.0,0.0,0.04,27.32,Mov04
10.06,0.12,-0.2,0.0,-0.0,0.04,27.32,Mov04
10.08,0.16,-0.2,0.0,-0.0,0.05,27.32,Mov04
10.08,0.15,-0.19,-0.0,-0.01,0.04,27.32,Mov04
10.01,0.15,-0.17,-0.01,-0.0,0.04,27.32,Mov04
10.0,0.11,-0.19,-0.01,0.01,0.04,27.32,Mov04
10.01,0.09,-0.23,-0.01,0.01,0.04,27.32,Mov04
10.02,0.09,-0.24,-0.01,0.01,0.04,27.32,Mov04
10.01,0.12,-0.23,-0.0,0.01,0.04,27.32,Mov04
10.01,0.14,-0.22,-0.0,0.01,0.04,27.32,Mov04
10.03,0.12,-0.22,-0.0,0.01,0.03,27.32,Mov04
10.03,0.14,-0.22,-0.0,0.01,0.03,27.32,Mov04
9.99,0.15,-0.2,-0.01,0.01,0.02,27.32,Mov04
9.99,0.11,-0.2,-0.01,0.01,0.02,27.31,Mov04
10.04,0.08,-0.22,-0.01,0.01,0.03,27.32,Mov04
10.09,0.08,-0.23,-0.0,0.0,0.04,27.32,Mov04
10.07,0.11,-0.21,0.0,-0.0,0.05,27.32,Mov04
10.01,0.14,-0.2,-0.0,-0.0,0.05,27.32,Mov04
9.98,0.14,-0.19,-0.01,-0.0,0.04,27.32,Mov04
9.94,0.13,-0.19,-0.01,0.01,0.03,27.32,Mov04
10.01,0.09,-0.21,-0.01,0.01,0.03,27.32,Mov04
10.04,0.08,-0.22,-0.01,0.01,0.03,27.32,Mov04
10.03,0.09,-0.22,-0.0,0.0,0.03,27.32,Mov04
10.02,0.14,-0.21,-0.0,-0.0,0.03,27.32,Mov04
10.01,0.2,-0.19,-0.0,0.0,0.03,27.32,Mov04
10.02,0.2,-0.19,-0.01,0.0,0.03,27.32,Mov04
10.01,0.15,-0.18,-0.01,0.01,0.03,27.32,Mov04
10.01,0.13,-0.19,-0.02,0.01,0.04,27.32,Mov04
10.02,0.1,-0.2,-0.02,0.01,0.05,27.32,Mov04
10.04,0.08,-0.22,-0.01,0.01,0.05,27.33,Mov04
10.03,0.09,-0.22,-0.01,0.0,0.05,27.32,Mov04
10.0,0.13,-0.18,-0.0,-0.0,0.05,27.32,Mov04
9.98,0.17,-0.17,-0.01,0.0,0.04,27.32,Mov04
9.99,0.17,-0.17,-0.01,0.0,0.04,27.32,Mov04
10.0,0.14,-0.2,-0.02,0.0,0.03,27.32,Mov04
10.0,0.11,-0.22,-0.02,0.0,0.03,27.32,Mov04
10.0,0.1,-0.24,-0.02,-0.0,0.02,27.33,Mov04
10.01,0.09,-0.25,-0.01,-0.01,0.03,27.32,Mov04
9.99,0.1,-0.22,0.0,-0.01,0.04,27.32,Mov04
9.96,0.14,-0.19,0.0,-0.01,0.05,27.32,Mov04
9.96,0.12,-0.17,0.0,-0.01,0.04,27.32,Mov04
10.01,0.1,-0.18,0.0,-0.01,0.04,27.33,Mov04
10.12,0.1,-0.21,-0.0,-0.01,0.04,27.33,Mov04
10.14,0.08,-0.21,-0.0,-0.03,0.04,27.33,Mov04
10.11,0.1,-0.17,-0.01,-0.03,0.05,27.33,Mov04
10.03,0.13,-0.17,-0.01,-0.02,0.05,27.33,Mov04
10.0,0.12,-0.19,-0.02,-0.0,0.05,27.33,Mov04
9.99,0.08,-0.23,-0.02,0.01,0.05,27.33,Mov04
9.97,0.04,-0.25,-0.02,0.01,0.04,27.33,Mov04
9.96,0.06,-0.27,-0.01,0.0,0.05,27.33,Mov04
9.99,0.09,-0.24,-0.01,-0.0,0.04,27.33,Mov04
10.02,0.09,-0.25,0.0,-0.01,0.04,27.34,Mov04
10.03,0.13,-0.24,0.01,-0.02,0.03,27.34,Mov04
10.03,0.18,-0.21,0.0,-0.02,0.02,27.34,Mov04
10.03,0.18,-0.21,-0.0,-0.01,0.02,27.33,Mov04
10.03,0.15,-0.22,-0.01,0.0,0.02,27.32,Mov04
10.02,0.15,-0.22,-0.02,0.01,0.03,27.32,Mov04
10.03,0.11,-0.24,-0.01,0.01,0.03,27.33,Mov04
10.05,0.1,-0.24,-0.01,0.01,0.04,27.32,Mov04
10.04,0.11,-0.23,0.0,0.0,0.05,27.33,Mov04
10.01,0.12,-0.2,0.01,-0.0,0.05,27.33,Mov04
9.97,0.1,-0.16,0.0,-0.0,0.04,27.33,Mov04
9.95,0.08,-0.16,-0.01,0.0,0.03,27.34,Mov04
10.0,0.04,-0.19,-0.01,0.01,0.03,27.34,Mov04
10.03,0.03,-0.23,-0.01,-0.0,0.04,27.33,Mov04
10.04,0.09,-0.21,-0.0,-0.02,0.04,27.33,Mov04
10.06,0.14,-0.2,-0.0,-0.02,0.04,27.33,Mov04
10.06,0.16,-0.21,-0.0,-0.01,0.03,27.33,Mov04
10.05,0.15,-0.2,-0.01,-0.01,0.03,27.34,Mov04
10.03,0.12,-0.2,-0.01,0.0,0.03,27.34,Mov04
10.05,0.1,-0.22,-0.01,0.01,0.03,27.33,Mov04
10.04,0.07,-0.23,-0.01,0.0,0.03,27.32,Mov04
10.02,0.07,-0.22,-0.01,0.0,0.03,27.33,Mov04
10.0,0.08,-0.23,-0.0,-0.0,0.04,27.32,Mov04
9.98,0.14,-0.21,0.0,-0.0,0.04,27.32,Mov04
10.01,0.16,-0.19,-0.0,-0.0,0.04,27.32,Mov04
10.03,0.13,-0.19,-0.01,-0.0,0.04,27.32,Mov04
10.03,0.14,-0.21,-0.01,-0.0,0.04,27.32,Mov04
10.02,0.13,-0.21,-0.01,-0.01,0.03,27.32,Mov04
10.01,0.1,-0.21,-0.01,-0.01,0.04,27.32,Mov04
10.01,0.08,-0.22,-0.01,-0.0,0.04,27.32,Mov04
10.0,0.07,-0.22,-0.01,-0.0,0.04,27.33,Mov04
9.99,0.06,-0.22,-0.0,-0.0,0.05,27.33,Mov04
10.01,0.09,-0.23,-0.0,-0.0,0.05,27.33,Mov04
10.03,0.12,-0.22,-0.0,-0.0,0.04,27.33,Mov04
10.06,0.14,-0.23,-0.01,0.0,0.04,27.33,Mov04
10.03,0.12,-0.25,-0.01,0.01,0.03,27.34,Mov04
10.01,0.1,-0.26,-0.01,0.01,0.04,27.34,Mov04
10.02,0.08,-0.25,-0.01,0.0,0.04,27.33,Mov04
9.98,0.06,-0.27,-0.01,0.0,0.04,27.33,Mov04
9.97,0.08,-0.26,0.0,0.0,0.05,27.34,Mov04
9.97,0.09,-0.24,0.01,-0.0,0.05,27.33,Mov04
9.96,0.11,-0.23,0.01,-0.01,0.05,27.34,Mov04
9.97,0.11,-0.22,0.0,-0.01,0.04,27.34,Mov04
10.01,0.12,-0.22,0.0,-0.0,0.02,27.34,Mov04
10.03,0.11,-0.23,-0.0,-0.0,0.01,27.34,Mov04
10.01,0.08,-0.23,-0.01,0.0,0.01,27.35,Mov04
10.06,0.07,-0.23,-0.0,0.0,0.01,27.34,Mov04
10.11,0.09,-0.22,-0.0,-0.0,0.02,27.34,Mov04
10.12,0.12,-0.21,0.0,-0.01,0.03,27.34,Mov04
10.09,0.15,-0.19,-0.0,-0.01,0.04,27.33,Mov04
10.01,0.14,-0.18,-0.01,-0.0,0.04,27.33,Mov04
9.96,0.11,-0.2,-0.02,0.0,0.04,27.33,Mov04
9.95,0.09,-0.22,-0.02,0.01,0.04,27.33,Mov04
9.98,0.06,-0.24,-0.01,0.01,0.03,27.33,Mov04
10.04,0.07,-0.27,-0.0,-0.0,0.04,27.33,Mov04
10.07,0.12,-0.23,-0.0,-0.01,0.03,27.33,Mov04
10.04,0.14,-0.2,-0.0,-0.01,0.03,27.34,Mov04
10.01,0.15,-0.21,-0.01,-0.0,0.03,27.33,Mov04
10.0,0.14,-0.25,-0.01,0.0,0.02,27.33,Mov04
10.06,0.09,-0.29,-0.01,0.0,0.03,27.33,Mov04
10.07,0.06,-0.32,0.0,-0.0,0.04,27.33,Mov04
10.04,0.08,-0.31,0.01,-0.01,0.05,27.33,Mov04
10.03,0.14,-0.28,0.02,-0.01,0.05,27.33,Mov04
9.98,0.19,-0.22,0.01,-0.01,0.05,27.33,Mov04
9.98,0.19,-0.2,0.01,-0.0,0.04,27.34,Mov04
10.0,0.14,-0.2,-0.0,0.0,0.03,27.34,Mov04
10.01,0.08,-0.2,-0.0,0.01,0.03,27.34,Mov04
9.99,0.05,-0.22,-0.0,0.01,0.04,27.34,Mov04
10.01,0.05,-0.22,0.0,-0.0,0.04,27.33,Mov04
10.04,0.1,-0.21,0.01,-0.01,0.05,27.34,Mov04
10.05,0.15,-0.21,0.0,-0.02,0.04,27.34,Mov04
10.02,0.16,-0.2,-0.01,-0.01,0.03,27.34,Mov04
10.01,0.13,-0.22,-0.02,-0.0,0.03,27.34,Mov04
10.04,0.09,-0.26,-0.01,0.01,0.04,27.34,Mov04
10.06,0.08,-0.25,-0.01,0.01,0.06,27.34,Mov04
10.03,0.06,-0.25,0.0,0.0,0.07,27.34,Mov04
10.0,0.1,-0.23,0.01,0.0,0.08,27.34,Mov04
9.99,0.15,-0.21,0.0,-0.0,0.07,27.34,Mov04
10.0,0.12,-0.25,-0.01,-0.01,0.04,27.34,Mov04
10.01,0.05,-0.29,-0.02,-0.01,0.02,27.35,Mov04
10.04,0.04,-0.32,-0.01,-0.02,0.0,27.35,Mov04
10.03,0.05,-0.31,-0.01,-0.03,-0.01,27.35,Mov04
9.97,0.08,-0.26,-0.0,-0.04,-0.01,27.34,Mov04
9.96,0.1,-0.22,0.0,-0.02,0.0,27.35,Mov04
10.01,0.11,-0.22,0.0,-0.01,0.01,27.35,Mov04
10.04,0.1,-0.23,-0.0,-0.01,0.02,27.35,Mov04
10.04,0.13,-0.24,-0.01,-0.01,0.02,27.35,Mov04
10.02,0.12,-0.24,-0.01,-0.01,0.02,27.35,Mov04
10.04,0.11,-0.26,-0.01,-0.01,0.02,27.35,Mov04
10.07,0.11,-0.28,-0.01,-0.01,0.03,27.35,Mov04
10.08,0.15,-0.27,-0.01,-0.01,0.04,27.35,Mov04
10.04,0.19,-0.26,-0.01,-0.01,0.05,27.35,Mov04
9.99,0.17,-0.25,-0.01,0.01,0.04,27.35,Mov04
10.0,0.11,-0.27,-0.0,0.02,0.04,27.35,Mov04
10.03,0.1,-0.28,-0.01,0.02,0.05,27.35,Mov04
10.01,0.1,-0.28,-0.01,0.01,0.05,27.34,Mov04
9.98,0.1,-0.26,-0.02,0.01,0.04,27.34,Mov04
10.02,0.09,-0.25,-0.02,0.01,0.04,27.35,Mov04
10.06,0.06,-0.24,-0.02,0.01,0.04,27.35,Mov04
10.05,0.09,-0.21,-0.02,0.01,0.05,27.35,Mov04
10.02,0.1,-0.2,-0.01,0.01,0.05,27.35,Mov04
10.0,0.1,-0.22,-0.01,0.01,0.05,27.35,Mov04
10.02,0.13,-0.24,-0.01,0.01,0.04,27.35,Mov04
10.03,0.12,-0.25,-0.02,-0.0,0.04,27.35,Mov04
10.0,0.11,-0.28,-0.02,-0.01,0.04,27.35,Mov04
10.03,0.12,-0.31,-0.02,-0.01,0.03,27.36,Mov04
10.07,0.1,-0.35,-0.01,-0.01,0.03,27.36,Mov04
10.08,0.14,-0.33,0.01,-0.01,0.04,27.35,Mov04
10.03,0.21,-0.29,0.02,-0.01,0.03,27.35,Mov04
9.95,0.18,-0.24,0.01,-0.01,0.03,27.35,Mov04
9.89,0.15,-0.27,0.01,0.01,0.04,27.35,Mov04
9.92,0.11,-0.28,0.0,0.01,0.04,27.35,Mov04
10.02,0.04,-0.31,0.0,0.01,0.04,27.34,Mov04
10.05,-0.0,-0.33,0.01,0.0,0.05,27.35,Mov04
10.04,0.06,-0.27,0.02,-0.01,0.06,27.34,Mov04
10.03,0.12,-0.22,0.01,-0.01,0.05,27.34,Mov04
10.03,0.13,-0.21,0.0,-0.0,0.03,27.34,Mov04
10.01,0.11,-0.21,-0.01,0.0,0.02,27.34,Mov04
9.97,0.1,-0.21,-0.02,0.01,0.02,27.34,Mov04
9.91,0.08,-0.23,-0.03,0.02,0.01,27.34,Mov04
9.96,0.05,-0.28,-0.03,0.01,0.01,27.34,Mov04
10.09,0.04,-0.31,-0.03,0.0,0.02,27.34,Mov04
10.12,0.07,-0.32,-0.01,-0.0,0.04,27.34,Mov04
10.09,0.13,-0.26,-0.0,-0.01,0.04,27.34,Mov04
10.04,0.17,-0.23,0.0,-0.01,0.04,27.34,Mov04
10.04,0.2,-0.21,-0.01,-0.01,0.03,27.34,Mov04
10.07,0.19,-0.22,-0.02,-0.0,0.01,27.34,Mov04
10.06,0.16,-0.23,-0.02,-0.0,0.01,27.34,Mov04
10.04,0.1,-0.24,-0.03,0.0,0.01,27.34,Mov04
10.04,0.05,-0.28,-0.02,0.01,0.03,27.34,Mov04
10.03,0.04,-0.28,-0.01,0.01,0.04,27.33,Mov04
10.0,0.06,-0.27,-0.01,0.01,0.05,27.34,Mov04
9.99,0.11,-0.26,-0.01,0.0,0.05,27.34,Mov04
10.01,0.14,-0.26,-0.01,-0.0,0.04,27.33,Mov04
10.04,0.13,-0.25,-0.02,-0.0,0.03,27.34,Mov04
10.03,0.14,-0.26,-0.02,0.0,0.04,27.33,Mov04
10.03,0.11,-0.28,-0.02,0.0,0.04,27.33,Mov04
10.03,0.12,-0.28,-0.01,0.01,0.05,27.34,Mov04
9.99,0.11,-0.27,-0.01,0.01,0.06,27.34,Mov04
10.0,0.08,-0.25,-0.01,0.01,0.06,27.34,Mov04
9.99,0.07,-0.26,-0.01,0.01,0.05,27.34,Mov04
9.98,0.09,-0.26,-0.01,0.0,0.05,27.35,Mov04
10.01,0.09,-0.26,-0.01,0.0,0.04,27.34,Mov04
10.05,0.09,-0.29,-0.01,0.0,0.04,27.34,Mov04
10.09,0.09,-0.29,0.0,0.0,0.04,27.34,Mov04
10.04,0.12,-0.27,0.01,0.0,0.05,27.34,Mov04
9.98,0.16,-0.23,0.01,0.0,0.06,27.34,Mov04
9.96,0.13,-0.21,0.0,0.0,0.05,27.34,Mov04
9.99,0.1,-0.23,-0.0,0.0,0.06,27.34,Mov04
10.04,0.06,-0.26,-0.0,-0.0,0.06,27.34,Mov04
10.04,0.06,-0.28,0.0,-0.01,0.06,27.34,Mov04
10.07,0.08,-0.27,0.0,-0.01,0.05,27.34,Mov04
10.07,0.1,-0.25,0.0,-0.01,0.05,27.34,Mov04
10.08,0.13,-0.23,-0.01,-0.0,0.04,27.34,Mov04
10.06,0.11,-0.22,-0.01,0.01,0.04,27.34,Mov04
10.03,0.08,-0.23,-0.02,0.01,0.04,27.34,Mov04
10.01,0.03,-0.24,-0.02,0.01,0.05,27.34,Mov04
9.96,0.0,-0.27,-0.01,0.01,0.05,27.34,Mov04
9.95,0.06,-0.27,-0.0,0.0,0.05,27.34,Mov04
9.96,0.11,-0.28,-0.0,-0.0,0.04,27.34,Mov04
9.97,0.13,-0.27,-0.01,-0.01,0.03,27.34,Mov04
10.03,0.15,-0.27,-0.01,-0.0,0.02,27.34,Mov04
10.05,0.1,-0.26,-0.02,0.0,0.02,27.34,Mov04
10.05,0.07,-0.27,-0.01,0.0,0.02,27.34,Mov04
10.06,0.06,-0.28,-0.01,0.0,0.03,27.34,Mov04
10.01,0.07,-0.28,-0.01,0.0,0.03,27.34,Mov04
10.0,0.09,-0.26,-0.01,0.0,0.03,27.33,Mov04
10.0,0.06,-0.24,-0.01,0.0,0.03,27.34,Mov04
10.03,0.06,-0.25,-0.01,-0.0,0.04,27.34,Mov04
10.07,0.09,-0.24,-0.01,-0.01,0.05,27.34,Mov04
10.08,0.09,-0.25,-0.01,-0.0,0.05,27.34,Mov04
10.05,0.12,-0.23,-0.0,-0.0,0.05,27.34,Mov04
10.01,0.11,-0.22,-0.01,0.0,0.04,27.35,Mov04
10.0,0.08,-0.22,-0.01,0.0,0.04,27.34,Mov04
9.98,0.05,-0.26,-0.01,0.01,0.04,27.35,Mov04
9.99,0.05,-0.27,-0.01,0.01,0.04,27.35,Mov04
10.0,0.05,-0.27,-0.01,0.0,0.04,27.35,Mov04
10.01,0.06,-0.27,-0.0,0.0,0.04,27.34,Mov04
10.0,0.05,-0.27,-0.0,-0.0,0.04,27.34,Mov04
10.01,0.07,-0.27,-0.0,-0.01,0.03,27.34,Mov04
10.0,0.07,-0.25,-0.0,-0.01,0.02,27.34,Mov04
9.99,0.06,-0.25,-0.0,-0.02,0.01,27.34,Mov04
9.97,0.06,-0.23,-0.01,-0.02,-0.0,27.34,Mov04
10.0,0.06,-0.26,-0.01,-0.01,0.01,27.34,Mov04
10.07,0.08,-0.28,0.0,-0.0,0.02,27.34,Mov04
10.1,0.1,-0.27,0.0,-0.0,0.03,27.35,Mov04
10.08,0.11,-0.26,0.0,-0.0,0.04,27.34,Mov04
10.05,0.13,-0.25,0.0,0.0,0.05,27.34,Mov04
10.01,0.13,-0.23,-0.0,0.0,0.05,27.35,Mov04
9.98,0.13,-0.22,-0.01,0.01,0.05,27.34,Mov04
10.01,0.08,-0.23,-0.01,0.0,0.04,27.35,Mov04
10.03,0.04,-0.25,-0.01,-0.0,0.04,27.35,Mov04
10.0,0.03,-0.24,-0.0,-0.0,0.04,27.36,Mov04
9.98,0.02,-0.25,-0.0,-0.0,0.05,27.35,Mov04
10.0,0.06,-0.27,0.0,-0.0,0.05,27.35,Mov04
10.04,0.09,-0.26,-0.0,-0.0,0.05,27.35,Mov04
10.01,0.08,-0.26,-0.01,-0.0,0.04,27.35,Mov04
10.01,0.09,-0.27,-0.01,0.0,0.04,27.34,Mov04
10.03,0.07,-0.28,-0.02,0.0,0.03,27.35,Mov04
10.06,0.06,-0.3,-0.01,-0.0,0.03,27.35,Mov04
10.05,0.09,-0.28,-0.0,-0.01,0.03,27.34,Mov04
10.02,0.1,-0.26,0.0,-0.01,0.03,27.34,Mov04
10.0,0.09,-0.24,0.0,-0.01,0.03,27.34,Mov04
9.98,0.09,-0.25,-0.0,0.0,0.03,27.35,Mov04
9.99,0.08,-0.27,-0.01,0.0,0.03,27.35,Mov04
10.0,0.05,-0.3,-0.01,0.0,0.03,27.34,Mov04
10.06,0.06,-0.31,-0.0,-0.0,0.05,27.34,Mov04
10.1,0.1,-0.29,0.0,-0.01,0.05,27.34,Mov04
10.1,0.1,-0.25,0.0,-0.01,0.06,27.34,Mov04
10.04,0.11,-0.23,0.0,-0.0,0.05,27.34,Mov04
10.01,0.11,-0.22,-0.0,0.0,0.05,27.34,Mov04
10.0,0.06,-0.22,-0.01,0.0,0.04,27.34,Mov04
9.98,0.01,-0.23,-0.02,0.01,0.04,27.35,Mov04
10.01,-0.01,-0.26,-0.01,0.01,0.05,27.35,Mov04
10.03,0.01,-0.28,-0.01,0.01,0.06,27.35,Mov04
10.04,0.07,-0.26,0.0,-0.0,0.06,27.34,Mov04
9.98,0.09,-0.24,0.0,0.0,0.05,27.35,Mov04
9.95,0.11,-0.24,0.0,0.01,0.04,27.35,Mov04
9.98,0.1,-0.23,-0.0,0.01,0.03,27.34,Mov04
9.96,0.09,-0.24,-0.01,0.0,0.02,27.35,Mov04
9.99,0.06,-0.27,-0.01,0.0,0.01,27.35,Mov04
10.05,0.03,-0.29,-0.01,-0.0,0.02,27.35,Mov04
10.08,0.05,-0.29,-0.0,-0.01,0.02,27.34,Mov04
10.05,0.07,-0.24,0.0,-0.01,0.03,27.35,Mov04
10.03,0.09,-0.22,0.0,-0.0,0.03,27.35,Mov04
10.02,0.11,-0.2,-0.0,-0.0,0.03,27.35,Mov04
10.02,0.1,-0.22,-0.01,-0.0,0.02,27.35,Mov04
10.01,0.06,-0.24,-0.01,-0.01,0.02,27.35,Mov04
10.02,0.04,-0.28,-0.01,-0.01,0.03,27.35,Mov04
10.03,0.03,-0.28,-0.01,-0.01,0.03,27.35,Mov04
10.07,0.06,-0.29,-0.0,-0.01,0.04,27.35,Mov04
10.06,0.08,-0.27,-0.0,-0.01,0.04,27.34,Mov04
10.04,0.11,-0.26,-0.01,-0.0,0.05,27.34,Mov04
10.07,0.13,-0.26,-0.01,0.0,0.05,27.34,Mov04
10.05,0.13,-0.26,-0.02,0.0,0.05,27.34,Mov04
10.04,0.09,-0.27,-0.01,0.0,0.05,27.34,Mov04
10.03,0.07,-0.28,-0.01,0.0,0.05,27.34,Mov04
10.02,0.06,-0.29,-0.01,-0.0,0.05,27.34,Mov04
10.02,0.05,-0.28,-0.0,-0.0,0.04,27.35,Mov04
9.98,0.05,-0.29,-0.0,-0.01,0.04,27.34,Mov04
9.98,0.08,-0.28,-0.0,-0.01,0.03,27.35,Mov04
10.01,0.09,-0.28,-0.01,-0.0,0.01,27.35,Mov04
10.04,0.06,-0.28,-0.01,-0.01,0.0,27.35,Mov04
10.05,0.05,-0.27,-0.01,-0.01,0.0,27.35,Mov04
10.02,0.04,-0.26,-0.0,-0.0,0.02,27.34,Mov04
9.99,0.05,-0.26,0.01,0.0,0.04,27.35,Mov04
10.02,0.08,-0.27,0.01,-0.0,0.05,27.34,Mov04
10.01,0.1,-0.26,0.0,-0.01,0.05,27.35,Mov04
9.98,0.1,-0.26,-0.01,-0.0,0.04,27.35,Mov04
10.0,0.09,-0.26,-0.02,0.01,0.04,27.34,Mov04
10.03,0.06,-0.29,-0.02,0.01,0.04,27.34,Mov04
10.07,0.05,-0.31,-0.01,0.01,0.05,27.35,Mov04
10.06,0.04,-0.28,0.0,0.01,0.05,27.35,Mov04
10.02,0.07,-0.26,0.01,0.01,0.05,27.36,Mov04
9.98,0.07,-0.25,0.0,0.01,0.05,27.35,Mov04
9.96,0.06,-0.27,0.0,0.01,0.05,27.35,Mov04
9.98,0.08,-0.29,-0.01,0.01,0.04,27.35,Mov04
10.01,0.06,-0.3,-0.01,0.01,0.04,27.35,Mov04
10.04,0.05,-0.31,-0.01,0.0,0.04,27.35,Mov04
10.08,0.07,-0.29,-0.0,-0.0,0.04,27.34,Mov04
10.07,0.1,-0.27,0.0,-0.01,0.04,27.35,Mov04
10.04,0.11,-0.24,0.0,-0.01,0.04,27.35,Mov04
10.01,0.09,-0.23,-0.01,-0.01,0.03,27.35,Mov04
9.95,0.06,-0.25,-0.01,0.0,0.02,27.35,Mov04
9.92,0.01,-0.27,-0.01,0.01,0.02,27.35,Mov04
9.93,-0.0,-0.3,-0.01,0.0,0.02,27.35,Mov04
10.0,0.01,-0.3,0.0,-0.0,0.02,27.35,Mov04
10.04,0.04,-0.29,0.01,-0.01,0.03,27.36,Mov04
10.08,0.1,-0.26,0.01,-0.02,0.03,27.36,Mov04
10.09,0.12,-0.23,0.0,-0.02,0.03,27.36,Mov04
10.07,0.12,-0.23,-0.0,-0.01,0.03,27.36,Mov04
10.06,0.1,-0.24,-0.01,0.0,0.04,27.35,Mov04
10.02,0.09,-0.26,-0.01,0.01,0.04,27.35,Mov04
9.98,0.08,-0.27,-0.02,0.01,0.04,27.35,Mov04
9.98,0.06,-0.28,-0.01,0.01,0.03,27.36,Mov04
10.02,0.05,-0.31,-0.01,0.01,0.04,27.36,Mov04
10.07,0.08,-0.32,-0.0,-0.0,0.04,27.36,Mov04
10.05,0.11,-0.31,-0.0,-0.01,0.04,27.35,Mov04
10.02,0.1,-0.28,-0.0,-0.0,0.04,27.35,Mov04
10.0,0.1,-0.27,-0.0,0.01,0.04,27.36,Mov04
9.99,0.09,-0.26,-0.01,0.01,0.04,27.36,Mov04
9.99,0.07,-0.27,-0.01,0.01,0.03,27.36,Mov04
10.02,0.04,-0.29,-0.01,0.01,0.03,27.36,Mov04
10.0,0.04,-0.29,-0.01,0.0,0.02,27.36,Mov04
10.01,0.07,-0.27,-0.01,-0.01,0.02,27.36,Mov04
10.06,0.08,-0.29,-0.01,-0.01,0.01,27.37,Mov04
10.08,0.07,-0.27,-0.01,-0.01,0.02,27.37,Mov04
10.03,0.06,-0.27,-0.01,-0.01,0.03,27.36,Mov04
10.03,0.07,-0.26,-0.01,-0.0,0.04,27.36,Mov04
10.05,0.05,-0.28,-0.01,0.01,0.05,27.36,Mov04
10.02,0.05,-0.29,-0.0,0.01,0.06,27.36,Mov04
9.99,0.08,-0.27,0.0,0.0,0.05,27.36,Mov04
9.99,0.08,-0.28,0.0,-0.0,0.05,27.36,Mov04
9.98,0.1,-0.28,-0.0,-0.0,0.04,27.36,Mov04
9.99,0.11,-0.27,-0.01,-0.01,0.03,27.36,Mov04
10.01,0.09,-0.31,-0.01,-0.0,0.02,27.36,Mov04
10.04,0.06,-0.3,-0.01,0.0,0.03,27.37,Mov04
10.06,0.04,-0.3,-0.0,0.0,0.04,27.37,Mov04
10.06,0.05,-0.28,0.0,0.0,0.05,27.36,Mov04
10.03,0.08,-0.26,0.0,-0.0,0.05,27.36,Mov04
9.99,0.09,-0.25,0.0,-0.0,0.05,27.36,Mov04
9.98,0.09,-0.27,0.0,-0.0,0.04,27.36,Mov04
10.0,0.09,-0.28,-0.0,-0.0,0.03,27.36,Mov04
10.01,0.07,-0.28,-0.01,-0.01,0.02,27.36,Mov04
10.04,0.08,-0.28,-0.01,-0.01,0.02,27.35,Mov04
10.07,0.07,-0.29,-0.01,-0.0,0.03,27.36,Mov04
10.08,0.09,-0.29,-0.0,0.0,0.04,27.36,Mov04
10.06,0.09,-0.28,0.0,0.0,0.05,27.36,Mov04
10.01,0.09,-0.27,0.0,0.01,0.06,27.36,Mov04
9.99,0.1,-0.25,-0.0,0.01,0.06,27.36,Mov04
9.96,0.07,-0.26,-0.01,0.01,0.05,27.36,Mov04
9.98,0.05,-0.29,-0.01,0.01,0.05,27.35,Mov04
10.02,0.04,-0.3,-0.01,0.0,0.04,27.36,Mov04
10.07,0.06,-0.31,-0.0,-0.0,0.04,27.36,Mov04
10.05,0.07,-0.27,-0.0,-0.01,0.03,27.35,Mov04
9.99,0.06,-0.24,-0.0,-0.0,0.03,27.34,Mov04
10.0,0.06,-0.23,-0.01,0.0,0.04,27.34,Mov04
10.0,0.05,-0.26,-0.01,0.01,0.04,27.34,Mov04
9.98,0.05,-0.28,-0.01,0.01,0.04,27.34,Mov04
10.02,0.03,-0.31,-0.01,0.0,0.04,27.34,Mov04
10.03,0.05,-0.31,0.0,-0.01,0.04,27.35,Mov04
10.03,0.1,-0.29,0.0,-0.01,0.04,27.35,Mov04
10.02,0.12,-0.25,-0.0,-0.01,0.03,27.35,Mov04
10.01,0.1,-0.25,-0.01,-0.0,0.02,27.35,Mov04
9.99,0.07,-0.25,-0.02,0.0,0.02,27.35,Mov04
10.0,0.06,-0.29,-0.02,0.01,0.01,27.35,Mov04
10.04,0.04,-0.31,-0.02,0.01,0.02,27.35,Mov04
10.07,0.02,-0.3,-0.01,0.0,0.03,27.35,Mov04
10.03,0.06,-0.26,0.0,-0.0,0.03,27.35,Mov04
9.99,0.11,-0.25,0.0,0.0,0.03,27.36,Mov04
10.01,0.12,-0.25,-0.0,0.01,0.03,27.35,Mov04
10.04,0.1,-0.27,-0.01,0.01,0.03,27.34,Mov04
10.05,0.08,-0.29,-0.01,0.0,0.03,27.34,Mov04
10.04,0.05,-0.31,-0.01,0.01,0.04,27.35,Mov04
10.04,0.08,-0.3,-0.0,0.01,0.05,27.35,Mov04
10.03,0.07,-0.28,-0.0,0.01,0.04,27.35,Mov04
10.03,0.08,-0.27,-0.0,0.01,0.04,27.36,Mov04
10.02,0.08,-0.26,-0.01,0.01,0.03,27.35,Mov04
9.99,0.08,-0.28,-0.01,0.01,0.03,27.35,Mov04
9.99,0.06,-0.28,-0.01,0.01,0.03,27.35,Mov04
9.99,0.04,-0.28,-0.01,0.01,0.03,27.34,Mov04
9.99,0.05,-0.28,-0.0,0.0,0.04,27.34,Mov04
10.01,0.1,-0.28,-0.0,-0.0,0.04,27.34,Mov04
10.04,0.1,-0.28,-0.0,-0.0,0.03,27.34,Mov04
10.06,0.11,-0.25,-0.01,-0.0,0.03,27.34,Mov04
10.03,0.1,-0.26,-0.01,0.0,0.02,27.34,Mov04
10.05,0.07,-0.28,-0.01,0.0,0.02,27.35,Mov04
10.08,0.06,-0.28,-0.01,0.0,0.03,27.35,Mov04
10.07,0.06,-0.26,-0.0,-0.01,0.04,27.35,Mov04
10.01,0.05,-0.25,-0.0,-0.01,0.04,27.35,Mov04
9.99,0.07,-0.24,0.0,-0.0,0.04,27.35,Mov04
10.01,0.07,-0.25,-0.0,-0.0,0.04,27.35,Mov04
10.01,0.07,-0.26,-0.01,-0.0,0.03,27.34,Mov04
10.01,0.09,-0.25,-0.01,-0.0,0.03,27.34,Mov04
10.02,0.07,-0.27,-0.01,-0.0,0.03,27.35,Mov04
10.04,0.08,-0.27,-0.01,-0.0,0.03,27.35,Mov04
10.0,0.07,-0.27,-0.01,-0.0,0.03,27.35,Mov04
10.0,0.08,-0.27,-0.0,-0.0,0.03,27.35,Mov04
10.08,0.1,-0.26,-0.01,-0.0,0.03,27.36,Mov04
10.11,0.1,-0.28,-0.01,-0.0,0.03,27.36,Mov04
10.05,0.08,-0.26,-0.01,-0.0,0.04,27.36,Mov04
10.0,0.09,-0.26,-0.01,0.01,0.04,27.36,Mov04
10.02,0.08,-0.28,-0.01,0.01,0.04,27.36,Mov04
10.01,0.06,-0.28,-0.0,0.01,0.04,27.35,Mov04
9.99,0.06,-0.28,0.0,0.0,0.04,27.35,Mov04
9.99,0.09,-0.27,-0.0,0.0,0.04,27.36,Mov04
9.98,0.08,-0.28,-0.0,0.0,0.03,27.36,Mov04
10.01,0.08,-0.27,-0.01,0.0,0.03,27.36,Mov04
10.03,0.08,-0.28,-0.01,0.0,0.03,27.36,Mov04
10.03,0.08,-0.28,-0.0,0.0,0.03,27.36,Mov04
10.05,0.09,-0.3,-0.0,-0.0,0.04,27.36,Mov04
10.03,0.08,-0.29,-0.0,-0.0,0.04,27.36,Mov04
10.02,0.11,-0.29,-0.0,-0.01,0.04,27.36,Mov04
10.01,0.11,-0.26,-0.01,-0.01,0.03,27.36,Mov04
9.99,0.07,-0.26,-0.01,-0.0,0.03,27.36,Mov04
9.96,0.08,-0.26,-0.01,0.0,0.03,27.36,Mov04
9.98,0.04,-0.27,-0.01,0.0,0.02,27.36,Mov04
10.03,0.07,-0.28,-0.01,-0.0,0.02,27.36,Mov04
10.05,0.11,-0.26,-0.01,-0.0,0.03,27.36,Mov04
10.08,0.12,-0.26,-0.01,-0.0,0.03,27.36,Mov04
10.08,0.12,-0.25,-0.0,0.0,0.04,27.36,Mov04
10.07,0.12,-0.25,-0.0,0.0,0.04,27.36,Mov04
10.01,0.07,-0.25,-0.0,0.0,0.05,27.36,Mov04
9.99,0.07,-0.26,-0.01,0.0,0.04,27.36,Mov04
9.99,0.06,-0.27,-0.01,0.0,0.04,27.36,Mov04
9.99,0.06,-0.28,-0.01,-0.0,0.03,27.37,Mov04
10.03,0.08,-0.29,-0.01,-0.01,0.03,27.37,Mov04
10.08,0.1,-0.28,-0.01,-0.01,0.03,27.37,Mov04
10.09,0.13,-0.27,0.0,-0.0,0.04,27.37,Mov04
10.06,0.15,-0.26,0.0,0.0,0.05,27.37,Mov04
10.02,0.12,-0.25,-0.0,0.01,0.04,27.37,Mov04
9.98,0.09,-0.26,-0.01,0.01,0.04,27.37,Mov04
9.97,0.07,-0.27,-0.01,0.0,0.03,27.37,Mov04
10.01,0.05,-0.29,-0.01,0.0,0.02,27.37,Mov04
10.04,0.0,-0.31,-0.01,-0.0,0.03,27.36,Mov04
10.02,0.06,-0.29,0.0,-0.01,0.04,27.36,Mov04
10.0,0.11,-0.25,0.0,-0.01,0.04,27.37,Mov04
9.97,0.13,-0.25,0.0,-0.01,0.03,27.37,Mov04
10.0,0.14,-0.27,-0.0,-0.01,0.03,27.37,Mov04
10.05,0.14,-0.28,-0.01,-0.01,0.02,27.36,Mov04
10.07,0.09,-0.27,-0.01,-0.01,0.02,27.36,Mov04
10.06,0.07,-0.28,-0.01,-0.01,0.03,27.36,Mov04
10.04,0.08,-0.25,-0.0,-0.0,0.04,27.36,Mov04
10.0,0.1,-0.25,-0.01,0.01,0.05,27.36,Mov04
10.02,0.09,-0.27,-0.01,0.01,0.05,27.36,Mov04
10.02,0.1,-0.3,-0.0,0.0,0.05,27.35,Mov04
10.02,0.1,-0.29,-0.0,-0.0,0.05,27.36,Mov04
10.01,0.11,-0.27,-0.0,-0.01,0.04,27.37,Mov04
10.02,0.1,-0.28,-0.01,-0.0,0.03,27.37,Mov04
10.04,0.07,-0.28,-0.01,0.01,0.03,27.36,Mov04
10.04,0.08,-0.28,-0.01,0.01,0.04,27.37,Mov04
10.01,0.07,-0.28,-0.01,0.01,0.04,27.36,Mov04
10.02,0.05,-0.29,-0.0,0.01,0.04,27.36,Mov04
10.03,0.06,-0.28,0.0,0.01,0.04,27.37,Mov04
10.01,0.09,-0.26,-0.0,0.0,0.04,27.36,Mov04
10.0,0.12,-0.27,-0.01,-0.0,0.04,27.36,Mov04
10.01,0.1,-0.27,-0.01,0.0,0.04,27.36,Mov04
10.02,0.08,-0.28,-0.01,0.0,0.04,27.36,Mov04
10.03,0.07,-0.28,-0.01,0.0,0.04,27.37,Mov04
10.03,0.08,-0.26,-0.0,-0.0,0.04,27.37,Mov04
10.0,0.09,-0.24,-0.0,-0.0,0.04,27.37,Mov04
9.96,0.1,-0.24,-0.0,-0.0,0.03,27.37,Mov04
9.95,0.09,-0.27,-0.01,0.0,0.03,27.37,Mov04
10.01,0.08,-0.31,-0.01,0.01,0.03,27.37,Mov04
10.07,0.08,-0.31,-0.01,0.0,0.04,27.37,Mov04
10.06,0.1,-0.31,-0.0,-0.0,0.04,27.38,Mov04
10.05,0.11,-0.29,0.0,-0.0,0.05,27.37,Mov04
10.02,0.11,-0.26,-0.0,0.0,0.04,27.37,Mov04
10.0,0.09,-0.26,-0.01,0.0,0.04,27.38,Mov04
10.0,0.09,-0.28,-0.01,0.0,0.03,27.38,Mov04
10.02,0.06,-0.31,-0.01,-0.0,0.03,27.37,Mov04
10.04,0.04,-0.31,-0.01,-0.0,0.04,27.37,Mov04
10.03,0.05,-0.28,-0.0,-0.01,0.04,27.37,Mov04
10.0,0.09,-0.26,-0.0,-0.01,0.04,27.38,Mov04
10.01,0.08,-0.25,-0.01,-0.0,0.03,27.37,Mov04
10.04,0.11,-0.26,-0.01,-0.0,0.03,27.37,Mov04
10.02,0.12,-0.28,-0.01,0.0,0.03,27.37,Mov04
10.01,0.09,-0.29,-0.01,0.0,0.03,27.36,Mov04
10.0,0.07,-0.28,-0.01,0.0,0.03,27.36,Mov04
10.02,0.07,-0.28,-0.01,0.0,0.04,27.36,Mov04
10.02,0.09,-0.28,-0.01,0.0,0.04,27.36,Mov04
10.02,0.11,-0.27,-0.0,-0.0,0.04,27.36,Mov04
10.0,0.1,-0.27,-0.0,0.0,0.04,27.36,Mov04
10.0,0.07,-0.28,-0.01,0.0,0.03,27.36,Mov04
10.02,0.08,-0.28,-0.01,0.0,0.03,27.37,Mov04
10.05,0.09,-0.3,-0.01,-0.0,0.03,27.36,Mov04
10.08,0.09,-0.3,-0.0,-0.0,0.03,27.36,Mov04
10.07,0.11,-0.29,-0.0,-0.0,0.03,27.36,Mov04
10.02,0.11,-0.27,-0.0,0.0,0.04,27.36,Mov04
10.0,0.1,-0.26,-0.0,0.01,0.05,27.36,Mov04
9.98,0.1,-0.27,-0.0,0.01,0.05,27.37,Mov04
9.99,0.07,-0.27,-0.0,0.01,0.05,27.36,Mov04
9.98,0.06,-0.27,-0.0,0.0,0.04,27.36,Mov04
10.0,0.05,-0.28,-0.0,-0.0,0.04,27.36,Mov04
10.03,0.05,-0.28,0.0,-0.01,0.04,27.36,Mov04
10.03,0.07,-0.29,0.0,-0.01,0.04,27.36,Mov04
10.06,0.11,-0.28,-0.0,-0.0,0.04,27.36,Mov04
10.07,0.13,-0.27,-0.01,0.0,0.04,27.36,Mov04
10.03,0.11,-0.26,-0.01,0.01,0.04,27.36,Mov04
9.97,0.08,-0.26,-0.02,0.01,0.03,27.36,Mov04
9.96,0.05,-0.28,-0.02,0.01,0.03,27.36,Mov04
10.01,0.02,-0.32,-0.01,0.0,0.03,27.36,Mov04
10.02,0.03,-0.32,0.0,-0.01,0.04,27.36,Mov04
10.01,0.08,-0.31,0.0,-0.01,0.04,27.36,Mov04
10.03,0.11,-0.28,0.0,-0.01,0.03,27.36,Mov04
10.05,0.12,-0.26,-0.01,-0.01,0.03,27.36,Mov04
10.03,0.11,-0.27,-0.01,0.0,0.03,27.36,Mov04
10.02,0.08,-0.27,-0.02,0.01,0.03,27.36,Mov04
10.05,0.04,-0.31,-0.02,0.01,0.03,27.36,Mov04
10.06,0.04,-0.32,-0.01,0.0,0.04,27.37,Mov04
10.02,0.05,-0.3,0.0,-0.0,0.04,27.37,Mov04
9.99,0.08,-0.27,0.01,-0.01,0.05,27.37,Mov04
9.99,0.14,-0.27,0.0,-0.0,0.04,27.37,Mov04
10.01,0.14,-0.26,-0.01,-0.0,0.03,27.37,Mov04
10.05,0.09,-0.28,-0.01,0.0,0.03,27.36,Mov04
10.04,0.08,-0.29,-0.01,0.0,0.04,27.36,Mov04
10.05,0.08,-0.29,-0.01,0.0,0.04,27.36,Mov04
10.04,0.09,-0.28,-0.0,0.0,0.04,27.36,Mov04
10.02,0.11,-0.28,-0.0,0.0,0.04,27.35,Mov04
10.0,0.09,-0.29,-0.0,0.0,0.04,27.36,Mov04
10.01,0.08,-0.29,0.0,-0.0,0.04,27.36,Mov04
10.04,0.08,-0.3,0.0,-0.01,0.04,27.36,Mov04
10.02,0.06,-0.27,0.0,-0.01,0.04,27.36,Mov04
9.99,0.04,-0.25,0.0,-0.0,0.04,27.36,Mov04
9.99,0.05,-0.25,-0.0,-0.0,0.04,27.36,Mov04
10.04,0.07,-0.27,-0.01,-0.0,0.04,27.35,Mov04
10.06,0.07,-0.28,-0.0,-0.0,0.04,27.36,Mov04
10.04,0.08,-0.28,0.0,-0.01,0.04,27.36,Mov04
10.01,0.09,-0.25,0.0,-0.01,0.04,27.36,Mov04
9.98,0.08,-0.25,-0.0,-0.0,0.04,27.36,Mov04
9.98,0.07,-0.26,-0.01,0.0,0.03,27.36,Mov04
10.02,0.06,-0.29,-0.01,0.0,0.03,27.37,Mov04
10.05,0.05,-0.31,-0.01,-0.0,0.03,27.37,Mov04
10.06,0.07,-0.32,-0.01,-0.01,0.03,27.37,Mov04
10.06,0.09,-0.3,-0.0,-0.01,0.03,27.37,Mov04
10.03,0.09,-0.27,-0.0,-0.0,0.03,27.36,Mov04
9.99,0.09,-0.27,-0.01,0.0,0.03,27.36,Mov04
10.0,0.08,-0.27,-0.01,0.0,0.03,27.36,Mov04
10.01,0.07,-0.3,-0.01,0.0,0.03,27.36,Mov04
10.04,0.08,-0.3,-0.01,-0.0,0.03,27.36,Mov04
10.05,0.1,-0.31,-0.0,-0.0,0.03,27.36,Mov04
10.04,0.1,-0.29,-0.0,-0.0,0.03,27.36,Mov04
10.04,0.11,-0.28,-0.0,-0.0,0.03,27.36,Mov04
10.01,0.09,-0.27,-0.01,0.0,0.03,27.37,Mov04
10.0,0.09,-0.27,-0.01,0.01,0.02,27.37,Mov04
9.98,0.06,-0.28,-0.01,0.01,0.02,27.36,Mov04
10.01,0.03,-0.31,-0.01,0.01,0.03,27.37,Mov04
10.08,0.08,-0.32,-0.0,0.0,0.03,27.37,Mov04
10.07,0.1,-0.29,0.0,-0.0,0.04,27.37,Mov04
10.05,0.12,-0.28,0.0,-0.01,0.04,27.37,Mov04
10.02,0.12,-0.26,-0.0,-0.0,0.04,27.37,Mov04
10.01,0.11,-0.27,-0.01,0.0,0.04,27.37,Mov04
9.98,0.09,-0.29,-0.01,0.01,0.04,27.37,Mov04
9.98,0.06,-0.3,-0.01,0.01,0.03,27.37,Mov04
10.03,0.06,-0.31,-0.0,0.01,0.03,27.38,Mov04
10.04,0.09,-0.29,-0.0,-0.0,0.03,27.37,Mov04
10.05,0.12,-0.29,-0.0,-0.01,0.03,27.37,Mov04
10.07,0.12,-0.28,-0.01,-0.0,0.03,27.37,Mov04
10.04,0.12,-0.27,-0.01,0.0,0.03,27.37,Mov04
10.01,0.09,-0.27,-0.01,0.01,0.03,27.37,Mov04
10.01,0.06,-0.28,-0.01,0.01,0.03,27.37,Mov04
10.04,0.03,-0.31,-0.01,0.0,0.03,27.37,Mov04
10.05,0.05,-0.31,0.0,-0.01,0.04,27.37,Mov04
10.0,0.09,-0.28,0.01,-0.01,0.04,27.38,Mov04
9.99,0.1,-0.26,0.0,-0.01,0.03,27.37,Mov04
10.01,0.11,-0.27,-0.0,-0.0,0.03,27.38,Mov04
10.01,0.11,-0.27,-0.01,-0.0,0.03,27.38,Mov04
10.02,0.1,-0.28,-0.01,0.0,0.03,27.37,Mov04
10.08,0.09,-0.32,-0.01,0.0,0.03,27.37,Mov04
10.11,0.08,-0.32,-0.01,0.0,0.03,27.37,Mov04
10.09,0.13,-0.3,-0.0,-0.0,0.04,27.37,Mov04
10.03,0.13,-0.27,-0.0,0.0,0.04,27.37,Mov04
9.98,0.11,-0.27,-0.01,0.01,0.04,27.37,Mov04
9.97,0.1,-0.27,-0.01,0.01,0.04,27.37,Mov04
9.97,0.07,-0.3,-0.01,0.01,0.04,27.37,Mov04
9.97,0.04,-0.31,-0.01,0.01,0.04,27.36,Mov04
10.02,0.05,-0.31,-0.0,0.0,0.04,27.36,Mov04
10.09,0.08,-0.31,0.0,-0.0,0.04,27.37,Mov04
10.1,0.12,-0.28,0.0,-0.01,0.04,27.36,Mov04
10.06,0.09,-0.26,0.0,-0.0,0.04,27.36,Mov04
9.99,0.1,-0.24,-0.0,0.01,0.04,27.36,Mov04
10.0,0.08,-0.26,-0.01,0.01,0.04,27.35,Mov04
10.0,0.05,-0.31,-0.01,0.01,0.04,27.36,Mov04
9.99,0.07,-0.31,-0.01,0.0,0.04,27.36,Mov04
10.02,0.09,-0.31,-0.0,0.0,0.04,27.37,Mov04
10.02,0.09,-0.29,0.0,-0.0,0.03,27.37,Mov04
10.02,0.11,-0.27,0.0,-0.01,0.03,27.37,Mov04
10.04,0.12,-0.26,-0.0,-0.0,0.03,27.37,Mov04
10.04,0.1,-0.27,-0.01,0.0,0.03,27.36,Mov04
10.03,0.08,-0.29,-0.01,0.01,0.03,27.36,Mov04
10.05,0.06,-0.31,-0.01,0.01,0.04,27.36,Mov04
10.04,0.06,-0.31,-0.01,0.0,0.04,27.36,Mov04
10.02,0.08,-0.28,-0.0,-0.0,0.04,27.36,Mov04
9.99,0.08,-0.27,-0.0,-0.0,0.04,27.36,Mov04
9.99,0.08,-0.26,-0.0,-0.0,0.04,27.37,Mov04
9.98,0.1,-0.26,-0.01,-0.0,0.03,27.37,Mov04
9.98,0.09,-0.29,-0.01,0.0,0.02,27.37,Mov04
10.03,0.07,-0.32,-0.01,0.0,0.03,27.37,Mov04
10.08,0.08,-0.32,-0.0,-0.01,0.03,27.37,Mov04
10.07,0.11,-0.28,0.0,-0.0,0.04,27.36,Mov04
10.04,0.13,-0.26,0.01,-0.0,0.04,27.36,Mov04
10.04,0.12,-0.24,-0.0,0.0,0.04,27.36,Mov04
10.01,0.1,-0.26,-0.01,0.0,0.04,27.37,Mov04
9.99,0.07,-0.28,-0.01,0.0,0.04,27.36,Mov04
9.98,0.05,-0.29,-0.01,0.01,0.04,27.36,Mov04
10.02,0.07,-0.31,-0.01,0.01,0.04,27.36,Mov04
10.06,0.09,-0.31,-0.0,0.0,0.04,27.36,Mov04
10.05,0.09,-0.3,-0.0,0.0,0.03,27.36,Mov04
10.02,0.1,-0.26,-0.0,0.0,0.03,27.36,Mov04
10.0,0.11,-0.25,-0.01,0.0,0.03,27.36,Mov04
9.96,0.1,-0.25,-0.01,0.01,0.03,27.37,Mov04
9.96,0.07,-0.28,-0.01,0.01,0.03,27.37,Mov04
10.02,0.08,-0.32,-0.01,0.01,0.03,27.37,Mov04
10.07,0.08,-0.32,-0.01,0.0,0.03,27.36,Mov04
10.08,0.09,-0.3,0.0,-0.0,0.04,27.36,Mov04
10.07,0.13,-0.26,0.0,-0.01,0.04,27.36,Mov04
10.04,0.14,-0.24,0.0,-0.0,0.04,27.36,Mov04
10.01,0.11,-0.23,-0.01,0.0,0.04,27.37,Mov04
10.02,0.06,-0.27,-0.01,0.01,0.04,27.36,Mov04
10.03,0.04,-0.3,-0.01,0.01,0.05,27.37,Mov04
9.99,0.05,-0.31,-0.0,0.01,0.06,27.36,Mov04
10.04,0.06,-0.29,0.0,-0.0,0.06,27.37,Mov04
10.05,0.1,-0.27,0.0,-0.01,0.06,27.37,Mov04
10.0,0.11,-0.23,0.0,-0.01,0.05,27.37,Mov04
10.0,0.09,-0.23,-0.0,-0.0,0.04,27.37,Mov04
10.02,0.07,-0.25,-0.01,-0.0,0.03,27.36,Mov04
10.03,0.06,-0.29,-0.01,-0.0,0.04,27.36,Mov04
10.01,0.04,-0.31,-0.01,-0.0,0.04,27.36,Mov04
9.97,0.06,-0.3,-0.01,-0.0,0.04,27.37,Mov04
10.0,0.11,-0.3,-0.01,-0.0,0.04,27.37,Mov04
10.02,0.13,-0.29,-0.01,-0.0,0.04,27.37,Mov04
9.99,0.11,-0.28,-0.01,0.0,0.03,27.37,Mov04
10.01,0.1,-0.29,-0.01,0.0,0.03,27.37,Mov04
10.05,0.08,-0.31,-0.01,0.0,0.03,27.37,Mov04
10.05,0.07,-0.29,-0.01,-0.0,0.03,27.38,Mov04
10.04,0.08,-0.28,-0.01,-0.0,0.03,27.38,Mov04
10.04,0.08,-0.28,-0.01,-0.01,0.04,27.38,Mov04
10.03,0.08,-0.27,-0.01,-0.0,0.04,27.38,Mov04
9.99,0.09,-0.26,-0.01,0.0,0.04,27.38,Mov04
9.95,0.09,-0.25,-0.01,0.01,0.04,27.38,Mov04
9.98,0.05,-0.26,-0.01,0.01,0.03,27.37,Mov04
10.02,0.08,-0.26,-0.01,-0.0,0.04,27.37,Mov04
10.04,0.09,-0.27,-0.01,-0.0,0.03,27.37,Mov04
10.04,0.08,-0.3,-0.01,-0.0,0.03,27.38,Mov04
10.07,0.11,-0.3,-0.01,-0.0,0.03,27.37,Mov04
10.08,0.11,-0.3,-0.01,-0.01,0.03,27.37,Mov04
10.04,0.08,-0.29,-0.01,-0.0,0.04,27.37,Mov04
10.0,0.05,-0.27,-0.01,-0.0,0.04,27.36,Mov04
9.98,0.04,-0.28,-0.01,0.0,0.04,27.36,Mov04
9.96,0.04,-0.29,-0.01,0.0,0.04,27.36,Mov04
9.98,0.03,-0.31,-0.01,0.0,0.03,27.37,Mov04
10.02,0.04,-0.31,-0.0,-0.0,0.03,27.38,Mov04
10.04,0.09,-0.29,0.0,-0.01,0.03,27.37,Mov04
10.09,0.12,-0.28,0.0,-0.01,0.03,27.37,Mov04
10.11,0.11,-0.26,0.0,-0.0,0.04,27.37,Mov04
10.08,0.12,-0.25,-0.0,0.0,0.04,27.37,Mov04
10.01,0.11,-0.25,-0.01,0.01,0.04,27.37,Mov04
9.96,0.08,-0.28,-0.01,0.01,0.04,27.37,Mov04
9.98,0.05,-0.33,-0.01,0.01,0.04,27.38,Mov04
9.99,0.04,-0.33,0.0,0.0,0.04,27.38,Mov04
10.02,0.08,-0.31,0.01,-0.0,0.04,27.38,Mov04
10.06,0.1,-0.29,0.01,-0.01,0.04,27.38,Mov04
10.09,0.12,-0.25,0.0,-0.01,0.04,27.38,Mov04
10.09,0.11,-0.25,-0.0,-0.0,0.04,27.38,Mov04
10.03,0.1,-0.25,-0.01,0.0,0.03,27.37,Mov04
9.95,0.06,-0.27,-0.02,0.01,0.03,27.38,Mov04
9.96,0.01,-0.31,-0.01,0.01,0.03,27.38,Mov04
10.01,0.0,-0.3,0.0,0.0,0.04,27.39,Mov04
9.99,0.05,-0.29,0.01,-0.01,0.04,27.39,Mov04
10.02,0.11,-0.28,0.01,-0.01,0.03,27.38,Mov04
10.1,0.13,-0.28,-0.0,-0.01,0.03,27.38,Mov04
10.08,0.12,-0.28,-0.01,-0.01,0.03,27.38,Mov04
10.08,0.12,-0.28,-0.01,0.0,0.03,27.37,Mov04
10.04,0.1,-0.27,-0.01,0.01,0.04,27.37,Mov04
10.0,0.09,-0.26,-0.0,0.01,0.05,27.37,Mov04
9.96,0.06,-0.28,-0.0,0.01,0.05,27.36,Mov04
9.93,0.04,-0.27,-0.0,0.01,0.04,27.37,Mov04
9.92,0.06,-0.26,-0.01,0.0,0.03,27.37,Mov04
9.94,0.05,-0.28,-0.01,0.0,0.02,27.37,Mov04
10.04,0.03,-0.31,-0.01,-0.0,0.02,27.37,Mov04
10.11,0.06,-0.33,-0.0,-0.01,0.03,27.37,Mov04
10.1,0.12,-0.29,0.0,-0.01,0.03,27.37,Mov04
10.08,0.14,-0.26,-0.0,-0.01,0.03,27.38,Mov04
10.08,0.14,-0.25,-0.01,-0.01,0.03,27.37,Mov04
10.04,0.11,-0.27,-0.01,-0.0,0.03,27.37,Mov04
10.0,0.05,-0.28,-0.01,0.0,0.03,27.37,Mov04
9.97,0.05,-0.3,-0.01,-0.0,0.03,27.37,Mov04
9.97,0.04,-0.31,-0.0,-0.0,0.03,27.36,Mov04
9.98,0.06,-0.31,0.01,-0.01,0.04,27.37,Mov04
10.01,0.07,-0.3,0.01,-0.01,0.04,27.37,Mov04
10.05,0.12,-0.29,0.0,-0.01,0.04,27.37,Mov04
10.05,0.14,-0.27,-0.0,-0.01,0.03,27.37,Mov04
10.02,0.14,-0.27,-0.01,0.0,0.03,27.37,Mov04
10.03,0.11,-0.29,-0.02,0.01,0.02,27.37,Mov04
10.04,0.08,-0.32,-0.01,0.01,0.03,27.37,Mov04
10.06,0.05,-0.32,-0.01,0.0,0.03,27.37,Mov04
10.03,0.05,-0.3,-0.0,-0.0,0.04,27.37,Mov04
10.01,0.1,-0.28,0.0,-0.0,0.05,27.38,Mov04
10.01,0.11,-0.27,-0.0,0.0,0.05,27.37,Mov04
9.99,0.11,-0.27,-0.0,0.0,0.04,27.37,Mov04
9.98,0.1,-0.28,-0.01,0.01,0.04,27.37,Mov04
9.98,0.08,-0.3,-0.01,0.01,0.04,27.37,Mov04
10.02,0.05,-0.32,-0.0,0.0,0.03,27.37,Mov04
10.07,0.06,-0.31,0.0,-0.0,0.04,27.37,Mov04
10.05,0.08,-0.27,0.01,-0.01,0.04,27.37,Mov04
10.03,0.12,-0.26,0.0,-0.01,0.04,27.37,Mov04
10.03,0.13,-0.27,-0.0,-0.0,0.04,27.37,Mov04
10.03,0.12,-0.29,-0.01,0.0,0.04,27.37,Mov04
9.99,0.09,-0.3,-0.01,0.01,0.04,27.37,Mov04
10.0,0.07,-0.31,-0.01,0.01,0.04,27.37,Mov04
10.04,0.07,-0.32,0.0,0.0,0.05,27.37,Mov04
10.05,0.08,-0.3,0.01,-0.0,0.05,27.37,Mov04
10.01,0.12,-0.29,0.01,-0.0,0.05,27.37,Mov04
9.98,0.11,-0.26,-0.0,-0.0,0.04,27.36,Mov04
9.97,0.09,-0.28,-0.01,0.0,0.03,27.37,Mov04
10.01,0.05,-0.28,-0.01,0.0,0.03,27.37,Mov04
10.03,0.04,-0.29,-0.01,-0.0,0.03,27.37,Mov04
10.06,0.06,-0.31,-0.0,-0.0,0.04,27.37,Mov04
10.04,0.11,-0.29,0.0,-0.0,0.04,27.37,Mov04
10.03,0.14,-0.28,-0.0,-0.0,0.04,27.38,Mov04
10.01,0.11,-0.28,-0.01,0.0,0.03,27.38,Mov04
10.02,0.09,-0.29,-0.01,0.01,0.02,27.38,Mov04
10.04,0.05,-0.3,-0.01,0.0,0.02,27.38,Mov04
9.99,0.06,-0.3,-0.01,0.0,0.03,27.38,Mov04
10.01,0.06,-0.3,-0.01,0.0,0.03,27.37,Mov04
10.03,0.07,-0.32,-0.0,0.0,0.03,27.37,Mov04
10.03,0.1,-0.29,0.0,0.0,0.04,27.37,Mov04
10.02,0.11,-0.28,-0.0,0.0,0.04,27.37,Mov04
10.04,0.1,-0.29,-0.0,0.0,0.03,27.37,Mov04
10.07,0.09,-0.29,-0.0,0.0,0.03,27.37,Mov04
10.05,0.09,-0.29,-0.01,-0.0,0.03,27.37,Mov04
10.0,0.08,-0.28,-0.0,-0.0,0.03,27.37,Mov04
9.99,0.09,-0.27,-0.0,-0.0,0.03,27.37,Mov04
9.99,0.07,-0.29,-0.0,-0.0,0.03,27.37,Mov04
10.0,0.08,-0.28,-0.01,-0.0,0.03,27.37,Mov04
9.99,0.1,-0.28,-0.01,-0.0,0.03,27.37,Mov04
10.05,0.1,-0.3,-0.01,-0.0,0.03,27.37,Mov04
10.09,0.1,-0.32,-0.01,-0.0,0.03,27.38,Mov04
10.08,0.09,-0.31,-0.01,-0.0,0.04,27.39,Mov04
10.01,0.09,-0.31,-0.01,0.0,0.04,27.38,Mov04
9.98,0.1,-0.29,-0.01,0.0,0.04,27.38,Mov04
9.99,0.09,-0.3,-0.01,0.0,0.03,27.38,Mov04
10.01,0.06,-0.3,-0.01,0.0,0.03,27.37,Mov04
10.01,0.07,-0.3,-0.0,-0.0,0.03,27.37,Mov04
10.02,0.11,-0.3,0.0,-0.01,0.03,27.37,Mov04
10.04,0.12,-0.3,-0.0,-0.01,0.03,27.38,Mov04
10.05,0.12,-0.29,-0.0,-0.0,0.03,27.38,Mov04
10.06,0.09,-0.28,-0.01,-0.0,0.03,27.38,Mov04
10.03,0.06,-0.27,-0.01,0.0,0.03,27.37,Mov04
10.04,0.06,-0.28,-0.0,-0.0,0.04,27.37,Mov04
10.02,0.07,-0.28,-0.0,-0.0,0.04,27.38,Mov04
9.98,0.1,-0.29,0.0,-0.01,0.04,27.37,Mov04
10.0,0.14,-0.3,-0.0,-0.0,0.03,27.38,Mov04
10.04,0.11,-0.31,-0.0,-0.0,0.03,27.38,Mov04
10.05,0.1,-0.31,-0.0,-0.01,0.02,27.37,Mov04
10.04,0.08,-0.3,-0.0,-0.01,0.02,27.38,Mov04
10.06,0.08,-0.3,-0.0,-0.01,0.03,27.38,Mov04
10.04,0.12,-0.28,0.0,-0.01,0.03,27.38,Mov04
9.99,0.13,-0.27,0.0,-0.0,0.04,27.37,Mov04
9.98,0.13,-0.28,-0.0,0.0,0.04,27.38,Mov04
10.01,0.1,-0.29,-0.0,0.0,0.04,27.38,Mov04
10.03,0.08,-0.31,-0.0,0.0,0.04,27.38,Mov04
10.03,0.08,-0.31,-0.0,-0.0,0.04,27.37,Mov04
10.0,0.09,-0.31,-0.0,-0.0,0.03,27.37,Mov04
10.02,0.11,-0.31,-0.0,-0.0,0.03,27.37,Mov04
10.04,0.11,-0.31,-0.0,-0.0,0.03,27.37,Mov04
10.01,0.14,-0.31,-0.01,0.0,0.03,27.37,Mov04
10.02,0.12,-0.3,-0.01,0.01,0.03,27.37,Mov04
10.07,0.1,-0.32,-0.01,0.01,0.03,27.37,Mov04
10.04,0.08,-0.32,-0.01,0.0,0.04,27.37,Mov04
10.01,0.07,-0.31,-0.0,-0.0,0.04,27.38,Mov04
10.02,0.06,-0.3,-0.0,-0.0,0.04,27.38,Mov04
10.02,0.11,-0.29,-0.0,-0.0,0.04,27.38,Mov04
10.01,0.13,-0.3,-0.01,-0.0,0.04,27.38,Mov04
10.0,0.11,-0.31,-0.01,0.0,0.03,27.37,Mov04
10.02,0.13,-0.31,-0.01,0.0,0.03,27.37,Mov04
10.01,0.11,-0.3,-0.01,0.0,0.03,27.37,Mov04
10.0,0.1,-0.3,-0.01,0.0,0.03,27.37,Mov04
10.02,0.09,-0.31,-0.0,-0.0,0.03,27.37,Mov04
10.07,0.1,-0.32,-0.0,-0.0,0.03,27.37,Mov04
10.08,0.12,-0.34,-0.0,-0.01,0.04,27.37,Mov04
10.04,0.13,-0.31,-0.0,-0.0,0.04,27.38,Mov04
9.99,0.13,-0.31,-0.01,0.01,0.04,27.39,Mov04
9.97,0.12,-0.3,-0.01,0.01,0.03,27.39,Mov04
9.96,0.09,-0.3,-0.01,0.01,0.03,27.38,Mov04
9.99,0.08,-0.31,-0.01,0.0,0.02,27.39,Mov04
10.02,0.09,-0.33,-0.0,-0.01,0.02,27.39,Mov04
10.07,0.1,-0.34,0.0,-0.01,0.03,27.38,Mov04
10.06,0.11,-0.32,-0.0,-0.01,0.03,27.38,Mov04
10.05,0.15,-0.3,-0.0,-0.01,0.04,27.37,Mov04
10.03,0.17,-0.28,-0.01,0.0,0.04,27.37,Mov04
10.03,0.13,-0.29,-0.01,0.01,0.04,27.37,Mov04
10.01,0.08,-0.3,-0.01,0.01,0.05,27.37,Mov04
10.0,0.08,-0.31,-0.0,0.01,0.05,27.37,Mov04
10.0,0.1,-0.31,-0.0,-0.0,0.05,27.37,Mov04
10.0,0.1,-0.31,-0.0,-0.0,0.04,27.37,Mov04
10.0,0.11,-0.32,-0.01,-0.0,0.04,27.37,Mov04
10.0,0.1,-0.32,-0.01,0.0,0.03,27.37,Mov04
10.04,0.11,-0.31,-0.01,0.01,0.03,27.37,Mov04
10.07,0.08,-0.32,-0.01,0.01,0.03,27.37,Mov04
10.11,0.08,-0.32,0.0,-0.0,0.05,27.38,Mov04
10.07,0.12,-0.3,0.0,-0.01,0.05,27.38,Mov04
10.01,0.12,-0.27,-0.0,-0.0,0.05,27.38,Mov04
9.99,0.1,-0.27,-0.01,0.0,0.04,27.38,Mov04
9.97,0.1,-0.31,-0.01,0.01,0.04,27.38,Mov04
10.0,0.09,-0.33,-0.01,0.0,0.03,27.38,Mov04
10.05,0.08,-0.35,-0.0,-0.0,0.04,27.38,Mov04
10.05,0.11,-0.33,0.0,-0.01,0.04,27.38,Mov04
10.0,0.15,-0.29,0.0,-0.0,0.04,27.39,Mov04
9.99,0.13,-0.28,-0.0,0.0,0.04,27.38,Mov04
9.96,0.11,-0.28,-0.01,0.01,0.04,27.37,Mov04
9.98,0.1,-0.29,-0.01,0.01,0.03,27.37,Mov04
10.04,0.08,-0.32,-0.01,0.01,0.03,27.38,Mov04
10.08,0.08,-0.34,-0.01,0.0,0.04,27.38,Mov04
10.1,0.12,-0.31,-0.0,-0.0,0.04,27.38,Mov04
10.06,0.14,-0.3,-0.0,-0.0,0.04,27.38,Mov04
10.03,0.15,-0.27,-0.0,0.0,0.04,27.38,Mov04
10.0,0.13,-0.27,-0.01,0.01,0.04,27.39,Mov04
9.96,0.09,-0.28,-0.01,0.01,0.03,27.39,Mov04
9.96,0.06,-0.31,-0.01,0.01,0.03,27.39,Mov04
10.02,0.04,-0.34,-0.01,0.0,0.03,27.39,Mov04
10.05,0.07,-0.36,0.0,-0.01,0.04,27.39,Mov04
10.06,0.13,-0.32,0.0,-0.01,0.04,27.39,Mov04
10.07,0.15,-0.3,0.0,-0.0,0.04,27.39,Mov04
10.08,0.15,-0.27,-0.0,0.0,0.04,27.39,Mov04
10.04,0.13,-0.27,-0.01,0.01,0.04,27.38,Mov04
9.99,0.07,-0.27,-0.01,0.01,0.04,27.38,Mov04
9.99,0.05,-0.3,-0.01,0.01,0.03,27.38,Mov04
9.99,0.05,-0.32,-0.01,0.01,0.03,27.38,Mov04
10.0,0.06,-0.33,-0.0,-0.0,0.03,27.37,Mov04
10.01,0.1,-0.33,0.0,-0.01,0.03,27.38,Mov04
10.05,0.13,-0.32,0.0,-0.01,0.03,27.37,Mov04
10.06,0.14,-0.28,0.0,-0.0,0.03,27.37,Mov04
10.05,0.13,-0.26,-0.0,0.0,0.04,27.37,Mov04
10.01,0.12,-0.27,-0.01,0.01,0.03,27.38,Mov04
10.01,0.09,-0.29,-0.01,0.01,0.03,27.38,Mov04
10.03,0.07,-0.32,-0.01,0.01,0.03,27.38,Mov04
10.03,0.06,-0.33,-0.01,0.0,0.03,27.38,Mov04
10.04,0.08,-0.31,-0.0,-0.0,0.04,27.39,Mov04
10.03,0.11,-0.29,0.0,-0.01,0.04,27.38,Mov04
10.03,0.13,-0.27,-0.0,-0.0,0.04,27.38,Mov04
10.04,0.14,-0.28,-0.0,0.0,0.04,27.38,Mov04
10.04,0.12,-0.29,-0.01,0.0,0.04,27.38,Mov04
10.04,0.1,-0.3,-0.01,0.01,0.04,27.38,Mov04
10.04,0.1,-0.3,-0.01,0.01,0.04,27.38,Mov04
10.05,0.08,-0.3,-0.0,0.0,0.04,27.38,Mov04
10.04,0.09,-0.28,-0.0,0.0,0.04,27.38,Mov04
9.99,0.08,-0.27,-0.01,0.0,0.03,27.37,Mov04
9.97,0.07,-0.28,-0.01,0.0,0.03,27.37,Mov04
10.01,0.06,-0.28,-0.0,0.01,0.04,27.37,Mov04
10.03,0.08,-0.3,-0.0,0.0,0.04,27.37,Mov04
10.03,0.1,-0.28,-0.0,-0.0,0.04,27.37,Mov04
10.03,0.11,-0.27,-0.0,-0.0,0.04,27.37,Mov04
10.05,0.12,-0.28,-0.01,-0.0,0.04,27.37,Mov04
10.01,0.1,-0.3,-0.01,0.0,0.03,27.38,Mov04
10.0,0.09,-0.31,-0.01,0.0,0.03,27.37,Mov04
10.01,0.07,-0.31,-0.01,0.0,0.03,27.37,Mov04
10.0,0.06,-0.29,-0.0,-0.0,0.03,27.37,Mov04
10.02,0.08,-0.28,-0.0,-0.0,0.03,27.38,Mov04
10.03,0.08,-0.28,-0.0,-0.01,0.03,27.37,Mov04
10.04,0.08,-0.27,-0.0,-0.0,0.04,27.37,Mov04
10.08,0.11,-0.3,-0.0,-0.0,0.04,27.38,Mov04
10.08,0.11,-0.31,-0.0,-0.0,0.04,27.38,Mov04
10.03,0.13,-0.29,-0.0,-0.0,0.04,27.38,Mov04
9.96,0.12,-0.28,-0.0,0.0,0.03,27.38,Mov04
9.94,0.11,-0.28,-0.01,0.0,0.03,27.37,Mov04
9.97,0.09,-0.3,-0.01,-0.0,0.02,27.37,Mov04
9.99,0.07,-0.33,-0.01,-0.0,0.02,27.37,Mov04
10.05,0.08,-0.34,-0.0,-0.01,0.03,27.37,Mov04
10.07,0.11,-0.31,0.0,-0.01,0.04,27.37,Mov04
-0.66,0.0,8.89,-0.01,0.0,0.03,27.42,Mov00
-0.66,0.0,8.88,-0.01,0.0,0.03,27.42,Mov00
-0.65,0.01,8.89,-0.0,0.0,0.03,27.42,Mov00
-0.65,-0.0,8.89,-0.0,0.0,0.03,27.42,Mov00
-0.66,0.0,8.9,-0.0,0.0,0.03,27.42,Mov00
-0.67,0.01,8.89,-0.0,0.0,0.03,27.42,Mov00
-0.66,0.0,8.89,-0.0,0.0,0.03,27.41,Mov00
-0.66,0.01,8.89,-0.0,0.0,0.03,27.41,Mov00
-0.65,0.01,8.88,-0.0,0.0,0.03,27.41,Mov00
-0.65,0.0,8.89,-0.0,0.0,0.03,27.42,Mov00
-0.65,0.01,8.88,-0.0,0.0,0.04,27.42,Mov00
-0.66,0.01,8.88,-0.0,0.0,0.04,27.41,Mov00
-0.66,0.01,8.89,-0.0,0.0,0.04,27.41,Mov00
-0.66,0.0,8.88,-0.0,0.0,0.04,27.41,Mov00
-0.66,0.01,8.88,-0.0,0.0,0.04,27.41,Mov00
-0.66,0.0,8.88,-0.0,0.0,0.04,27.41,Mov00
-0.67,0.0,8.88,-0.0,0.0,0.04,27.42,Mov00
-0.66,-0.0,8.88,-0.0,0.0,0.04,27.42,Mov00
-0.66,-0.01,8.87,-0.0,0.0,0.04,27.41,Mov00
-0.66,-0.0,8.86,-0.0,0.0,0.04,27.41,Mov00
-0.66,-0.0,8.87,-0.0,0.0,0.04,27.41,Mov00
-0.66,-0.0,8.89,-0.0,0.0,0.04,27.41,Mov00
-0.67,-0.01,8.88,-0.0,0.0,0.04,27.41,Mov00
-0.66,-0.01,8.88,-0.0,0.0,0.04,27.41,Mov00
-0.66,0.0,8.88,-0.0,0.0,0.04,27.41,Mov00
-0.66,0.0,8.88,-0.0,0.0,0.04,27.41,Mov00
-0.66,-0.0,8.88,-0.0,0.0,0.04,27.41,Mov00
-0.66,0.0,8.88,-0.0,0.0,0.04,27.42,Mov00
-0.66,-0.0,8.88,-0.0,0.0,0.04,27.42,Mov00
-0.66,-0.0,8.88,-0.0,0.0,0.04,27.41,Mov00
-0.66,0.0,8.86,-0.0,0.0,0.04,27.41,Mov00
-0.66,-0.0,8.87,-0.0,0.0,0.04,27.41,Mov00
-0.66,0.01,8.88,-0.0,0.0,0.04,27.41,Mov00
-0.66,0.01,8.88,-0.0,0.0,0.04,27.42,Mov00
-0.66,0.0,8.88,-0.0,0.0,0.04,27.42,Mov00
-0.66,-0.01,8.88,-0.0,0.0,0.04,27.41,Mov00
-0.66,-0.0,8.88,-0.0,0.0,0.04,27.41,Mov00
-0.66,-0.0,8.88,-0.0,0.0,0.04,27.4,Mov00
-0.66,0.01,8.87,-0.0,0.0,0.04,27.41,Mov00
-0.66,0.0,8.87,-0.0,0.0,0.04,27.41,Mov00
-0.67,0.0,8.88,-0.0,0.0,0.04,27.41,Mov00
-0.67,0.0,8.88,-0.0,0.0,0.04,27.41,Mov00
-0.67,0.01,8.89,-0.0,0.0,0.04,27.41,Mov00
-0.67,0.0,8.89,-0.0,-0.0,0.04,27.42,Mov00
-0.67,-0.0,8.89,-0.0,0.0,0.04,27.42,Mov00
-0.67,0.0,8.9,-0.0,0.0,0.04,27.42,Mov00
-0.67,0.0,8.88,-0.0,-0.0,0.04,27.42,Mov00
-0.67,-0.0,8.89,-0.0,0.0,0.04,27.42,Mov00
-0.67,0.0,8.89,-0.0,0.0,0.04,27.42,Mov00
-0.67,-0.0,8.89,-0.0,-0.0,0.04,27.42,Mov00
-0.66,0.0,8.88,-0.0,-0.0,0.04,27.41,Mov00
-0.66,0.01,8.87,-0.0,-0.0,0.04,27.41,Mov00
-0.65,-0.0,8.86,-0.0,-0.0,0.04,27.42,Mov00
-0.65,-0.01,8.87,-0.0,0.0,0.04,27.41,Mov00
-0.65,-0.02,8.85,-0.0,0.0,0.04,27.41,Mov00
-0.66,-0.02,8.84,-0.0,0.0,0.04,27.41,Mov00
-0.67,0.0,8.88,-0.0,-0.0,0.04,27.41,Mov00
-0.66,0.01,8.86,-0.0,0.0,0.04,27.41,Mov00
-0.67,0.01,8.89,-0.0,0.0,0.04,27.41,Mov00
-0.66,0.01,8.89,-0.0,-0.0,0.04,27.4,Mov00
-0.65,0.01,8.87,-0.0,0.0,0.04,27.4,Mov00
-0.66,0.01,8.89,-0.0,0.0,0.04,27.41,Mov00
-0.67,0.01,8.87,-0.0,0.0,0.04,27.41,Mov00
-0.67,0.02,8.87,-0.0,0.0,0.04,27.41,Mov00
-0.66,0.01,8.89,-0.0,0.0,0.04,27.4,Mov00
-0.65,-0.0,8.88,-0.0,-0.0,0.04,27.4,Mov00
-0.66,0.01,8.89,-0.0,0.0,0.04,27.41,Mov00
-0.65,0.01,8.9,-0.0,-0.0,0.04,27.41,Mov00
-0.65,0.02,8.88,-0.0,0.0,0.04,27.41,Mov00
-0.66,0.01,8.89,-0.0,0.0,0.04,27.41,Mov00
-0.66,0.0,8.88,-0.0,0.0,0.04,27.4,Mov00
-0.66,-0.0,8.89,-0.0,0.0,0.04,27.4,Mov00
-0.66,-0.0,8.89,-0.0,0.0,0.04,27.4,Mov00
-0.66,0.0,8.88,-0.0,0.0,0.04,27.4,Mov00
-0.66,0.0,8.89,-0.0,0.0,0.04,27.39,Mov00
-0.67,-0.0,8.88,-0.0,0.0,0.04,27.4,Mov00
-0.66,-0.0,8.87,-0.0,0.0,0.04,27.4,Mov00
-0.66,-0.0,8.88,-0.0,0.0,0.04,27.4,Mov00
-0.65,0.0,8.88,-0.0,0.0,0.04,27.41,Mov00
-0.66,0.0,8.88,-0.0,0.0,0.04,27.41,Mov00
-0.65,0.0,8.88,-0.0,0.0,0.04,27.41,Mov00
-0.66,0.0,8.87,-0.0,0.0,0.04,27.41,Mov00
-0.66,0.01,8.87,-0.0,0.0,0.04,27.41,Mov00
-0.67,0.01,8.87,-0.0,-0.0,0.04,27.41,Mov00
-0.65,0.0,8.89,-0.0,0.0,0.04,27.41,Mov00
-0.65,0.0,8.89,-0.0,0.0,0.04,27.41,Mov00
-0.66,0.01,8.88,-0.0,0.0,0.04,27.41,Mov00
-0.66,0.01,8.89,-0.0,0.0,0.04,27.41,Mov00
-0.66,0.0,8.89,-0.0,0.0,0.04,27.41,Mov00
-0.67,0.01,8.88,-0.0,0.0,0.04,27.4,Mov00
-0.67,0.01,8.88,-0.0,0.0,0.04,27.41,Mov00
-0.67,0.01,8.88,-0.0,0.0,0.04,27.42,Mov00
-0.67,0.01,8.89,-0.0,0.0,0.04,27.41,Mov00
-0.66,0.0,8.89,-0.0,0.0,0.04,27.4,Mov00
-0.67,-0.0,8.89,-0.0,0.0,0.04,27.4,Mov00
-0.67,-0.0,8.89,-0.0,0.0,0.04,27.4,Mov00
-0.66,-0.0,8.89,-0.0,0.0,0.04,27.4,Mov00
-0.66,0.0,8.9,-0.0,0.0,0.04,27.4,Mov00
-0.66,0.0,8.89,-0.0,0.0,0.04,27.4,Mov00
-0.66,0.0,8.89,-0.0,0.0,0.04,27.41,Mov00
-0.66,0.0,8.89,-0.0,0.0,0.04,27.41,Mov00
-0.66,0.0,8.88,-0.0,0.0,0.04,27.41,Mov00
-0.66,0.0,8.88,-0.0,0.0,0.04,27.41,Mov00
-0.66,-0.0,8.88,-0.0,0.0,0.04,27.41,Mov00
-0.66,0.0,8.89,-0.0,0.0,0.04,27.41,Mov00
-0.65,0.0,8.89,-0.0,0.0,0.04,27.42,Mov00
-0.65,0.0,8.89,-0.0,0.0,0.04,27.41,Mov00
-0.64,0.0,8.88,-0.0,0.0,0.04,27.41,Mov00
-0.66,0.0,8.88,-0.0,0.0,0.04,27.4,Mov00
-0.65,0.0,8.88,-0.0,0.0,0.04,27.4,Mov00
-0.65,0.0,8.88,-0.0,0.0,0.04,27.4,Mov00
-0.65,0.0,8.88,-0.0,0.0,0.04,27.41,Mov00
-0.66,0.0,8.88,-0.0,0.0,0.04,27.41,Mov00
-0.65,0.0,8.88,-0.0,0.0,0.04,27.41,Mov00
-0.65,0.01,8.87,-0.0,0.0,0.04,27.41,Mov00
-0.66,0.01,8.89,-0.0,0.0,0.04,27.41,Mov00
-0.66,0.01,8.88,-0.0,0.0,0.04,27.41,Mov00
-0.66,0.01,8.88,-0.0,0.0,0.04,27.41,Mov00
-0.65,0.0,8.87,-0.0,0.0,0.04,27.41,Mov00
-0.66,-0.0,8.88,-0.0,0.0,0.04,27.4,Mov00
-0.66,0.01,8.87,-0.0,0.0,0.04,27.41,Mov00
-0.66,0.0,8.87,-0.0,0.0,0.04,27.42,Mov00
-0.66,0.0,8.87,-0.0,0.0,0.04,27.41,Mov00
-0.66,-0.0,8.87,-0.0,0.0,0.04,27.41,Mov00
-0.65,0.0,8.88,-0.0,0.0,0.04,27.41,Mov00
-0.65,-0.0,8.88,-0.0,-0.0,0.04,27.41,Mov00
-0.65,0.0,8.88,-0.0,0.0,0.04,27.41,Mov00
-0.66,0.0,8.89,-0.0,0.0,0.04,27.41,Mov00
-0.66,-0.0,8.89,-0.0,0.0,0.04,27.41,Mov00
-0.65,0.0,8.88,-0.0,0.0,0.04,27.42,Mov00
-0.65,0.01,8.89,-0.0,0.0,0.04,27.42,Mov00
-0.65,0.0,8.88,-0.0,0.0,0.04,27.42,Mov00
-0.66,0.01,8.87,-0.0,0.0,0.04,27.42,Mov00
-0.66,0.01,8.87,-0.0,0.0,0.04,27.41,Mov00
-0.67,-0.0,8.87,-0.0,0.0,0.04,27.42,Mov00
-0.66,-0.0,8.87,-0.0,0.0,0.04,27.42,Mov00
-0.66,0.0,8.88,-0.0,0.0,0.04,27.41,Mov00
-0.65,0.0,8.88,-0.0,0.0,0.04,27.42,Mov00
-0.66,-0.0,8.88,-0.0,0.0,0.04,27.42,Mov00
-0.65,0.0,8.88,-0.0,0.0,0.04,27.41,Mov00
-0.65,-0.01,8.87,-0.0,0.0,0.04,27.42,Mov00
-0.66,-0.0,8.87,-0.0,0.0,0.04,27.4,Mov00
-0.66,0.0,8.88,-0.0,0.0,0.04,27.4,Mov00
-0.66,0.01,8.88,-0.0,0.0,0.04,27.4,Mov00
-0.66,0.0,8.88,-0.0,0.0,0.04,27.41,Mov00
-0.66,0.0,8.88,-0.0,0.0,0.04,27.4,Mov00
-0.65,-0.0,8.89,-0.0,0.0,0.03,27.41,Mov00
-0.66,0.0,8.89,-0.0,0.0,0.04,27.41,Mov00
-0.66,-0.0,8.89,-0.0,0.0,0.04,27.41,Mov00
-0.66,0.0,8.89,-0.0,0.0,0.04,27.41,Mov00
-0.66,0.01,8.89,-0.0,0.0,0.04,27.41,Mov00
-0.66,0.0,8.88,-0.0,0.0,0.04,27.4,Mov00
-0.67,0.0,8.89,-0.0,0.0,0.04,27.41,Mov00
-0.66,-0.0,8.88,-0.0,0.0,0.04,27.41,Mov00
-0.66,-0.0,8.89,-0.01,0.0,0.04,27.4,Mov00
-0.66,0.0,8.88,-0.0,0.0,0.04,27.4,Mov00
-0.66,0.01,8.88,-0.01,0.0,0.04,27.4,Mov00
-0.67,-0.0,8.89,-0.0,0.0,0.04,27.41,Mov00
-0.67,-0.01,8.88,-0.0,0.0,0.04,27.41,Mov00
-0.67,-0.01,8.89,-0.0,0.0,0.04,27.41,Mov00
-0.67,-0.0,8.88,-0.0,0.0,0.04,27.4,Mov00
-0.66,0.0,8.88,-0.0,0.0,0.04,27.4,Mov00
-0.66,-0.0,8.87,-0.0,0.0,0.04,27.4,Mov00
-0.66,0.0,8.87,-0.0,0.0,0.04,27.4,Mov00
-0.66,0.01,8.88,-0.0,0.0,0.04,27.4,Mov00
-0.66,0.0,8.88,-0.0,0.0,0.04,27.4,Mov00
-0.66,0.0,8.87,-0.0,0.0,0.04,27.41,Mov00
-0.65,-0.01,8.89,-0.0,0.0,0.04,27.41,Mov00
-0.65,0.0,8.89,-0.0,0.0,0.04,27.41,Mov00
-0.65,-0.0,8.88,-0.0,0.0,0.04,27.41,Mov00
-0.65,-0.0,8.88,-0.0,0.0,0.04,27.4,Mov00
-0.65,0.0,8.89,-0.0,0.0,0.04,27.41,Mov00
-0.66,-0.0,8.9,-0.0,0.0,0.04,27.41,Mov00
-0.65,-0.0,8.9,-0.0,0.0,0.04,27.41,Mov00
-0.66,-0.0,8.89,-0.0,0.0,0.04,27.4,Mov00
-0.66,0.0,8.88,-0.0,0.0,0.04,27.41,Mov00
-0.66,0.0,8.88,-0.0,0.0,0.04,27.41,Mov00
-0.67,-0.0,8.88,-0.0,0.0,0.04,27.41,Mov00
-0.66,0.0,8.87,-0.0,0.0,0.04,27.42,Mov00
-0.67,0.0,8.87,-0.0,0.0,0.04,27.42,Mov00
-0.67,-0.0,8.87,-0.0,0.0,0.04,27.42,Mov00
-0.66,0.0,8.88,-0.0,0.0,0.04,27.42,Mov00
-0.67,0.01,8.88,-0.0,0.0,0.04,27.42,Mov00
-0.66,-0.0,8.88,-0.0,0.0,0.04,27.42,Mov00
-0.66,0.0,8.88,-0.0,0.0,0.04,27.42,Mov00
-0.66,-0.0,8.88,-0.0,0.0,0.04,27.42,Mov00
-0.65,0.0,8.88,-0.0,0.0,0.04,27.42,Mov00
-0.66,0.0,8.89,-0.0,0.0,0.04,27.41,Mov00
-0.66,-0.0,8.89,-0.0,0.0,0.04,27.42,Mov00
-0.66,0.0,8.89,-0.0,0.0,0.04,27.41,Mov00
-0.66,0.0,8.88,-0.0,0.0,0.04,27.41,Mov00
-0.66,0.0,8.88,-0.0,0.0,0.04,27.4,Mov00
-0.67,0.0,8.87,-0.0,0.0,0.04,27.4,Mov00
-0.66,0.0,8.87,-0.0,0.0,0.04,27.41,Mov00
-0.66,0.0,8.87,-0.0,0.0,0.04,27.4,Mov00
-0.66,0.0,8.88,-0.0,0.0,0.04,27.4,Mov00
-0.66,0.0,8.88,-0.0,0.0,0.04,27.4,Mov00
-0.66,0.01,8.88,-0.0,0.0,0.04,27.4,Mov00
-0.67,0.01,8.88,-0.0,0.0,0.04,27.4,Mov00
-0.66,0.01,8.88,-0.0,0.0,0.04,27.41,Mov00
-0.66,0.0,8.88,-0.0,0.0,0.04,27.41,Mov00
-0.66,0.01,8.88,-0.0,0.0,0.04,27.41,Mov00
-0.66,0.01,8.88,-0.0,0.0,0.04,27.41,Mov00
-0.66,0.01,8.88,-0.0,0.0,0.04,27.41,Mov00
-0.65,0.0,8.88,-0.0,0.0,0.04,27.41,Mov00
-0.65,0.01,8.88,-0.0,0.0,0.04,27.4,Mov00
-0.65,0.01,8.88,-0.0,0.0,0.04,27.4,Mov00
-0.65,0.0,8.87,-0.0,0.0,0.04,27.4,Mov00
-0.65,0.0,8.87,-0.0,0.0,0.04,27.4,Mov00
-0.65,0.0,8.87,-0.0,0.0,0.04,27.4,Mov00
-0.66,0.0,8.87,-0.0,0.0,0.04,27.4,Mov00
-0.66,0.0,8.88,-0.0,0.0,0.04,27.4,Mov00
-0.65,0.0,8.88,-0.0,0.0,0.04,27.4,Mov00
-0.65,0.01,8.89,-0.0,0.0,0.04,27.4,Mov00
-0.66,0.0,8.88,-0.0,0.0,0.04,27.4,Mov00
-0.66,0.0,8.89,-0.0,0.0,0.04,27.4,Mov00
-0.66,-0.0,8.89,-0.0,0.0,0.04,27.41,Mov00
-0.66,-0.01,8.89,-0.0,0.0,0.04,27.41,Mov00
-0.67,-0.01,8.89,-0.0,0.0,0.04,27.41,Mov00
-0.66,-0.0,8.89,-0.0,0.0,0.04,27.41,Mov00
-0.66,-0.0,8.88,-0.0,0.0,0.04,27.41,Mov00
-0.66,-0.0,8.88,-0.0,0.0,0.04,27.41,Mov00
-0.67,0.01,8.87,-0.0,0.0,0.04,27.4,Mov00
-0.66,0.01,8.87,-0.0,0.0,0.04,27.41,Mov00
-0.66,-0.0,8.87,-0.0,0.0,0.04,27.41,Mov00
-0.66,0.0,8.88,-0.0,0.0,0.04,27.41,Mov00
-0.67,0.0,8.87,-0.0,0.0,0.04,27.41,Mov00
-0.66,0.01,8.88,-0.0,0.0,0.04,27.41,Mov00
-0.66,0.01,8.87,-0.0,0.0,0.04,27.41,Mov00
-0.66,0.01,8.88,-0.0,0.0,0.04,27.4,Mov00
-0.66,0.01,8.88,-0.0,0.0,0.04,27.4,Mov00
-0.66,0.01,8.88,-0.0,0.0,0.04,27.41,Mov00
-0.66,0.01,8.88,-0.0,0.0,0.04,27.41,Mov00
-0.65,0.0,8.89,-0.0,0.0,0.03,27.41,Mov00
-0.65,0.01,8.88,-0.0,0.0,0.03,27.41,Mov00
-0.65,0.0,8.88,-0.0,0.0,0.03,27.41,Mov00
-0.66,0.0,8.88,-0.0,0.0,0.04,27.41,Mov00
-0.66,0.0,8.88,-0.0,0.0,0.04,27.4,Mov00
-0.66,0.01,8.88,-0.0,0.0,0.04,27.4,Mov00
-0.65,0.01,8.88,-0.0,0.0,0.04,27.4,Mov00
-0.66,0.01,8.87,-0.0,0.0,0.04,27.4,Mov00
-0.66,0.0,8.88,-0.0,0.0,0.04,27.41,Mov00
-0.67,0.0,8.88,-0.0,0.0,0.04,27.42,Mov00
-0.66,0.0,8.88,-0.0,0.0,0.04,27.41,Mov00
-0.66,0.0,8.88,-0.0,0.0,0.04,27.41,Mov00
-0.66,0.0,8.88,-0.0,0.0,0.04,27.41,Mov00
-0.66,0.01,8.88,-0.0,0.0,0.04,27.41,Mov00
-0.66,0.0,8.88,-0.0,0.0,0.04,27.4,Mov00
-0.66,0.01,8.87,-0.0,0.0,0.04,27.41,Mov00
-0.65,0.0,8.88,-0.0,0.0,0.04,27.41,Mov00
-0.66,0.0,8.87,-0.0,0.0,0.04,27.4,Mov00
-0.65,0.0,8.87,-0.0,0.0,0.04,27.4,Mov00
-0.65,0.0,8.87,-0.0,0.0,0.04,27.4,Mov00
-0.65,0.01,8.87,-0.0,0.0,0.04,27.4,Mov00
-0.65,0.01,8.88,-0.0,0.0,0.04,27.4,Mov00
-0.65,0.01,8.88,-0.0,0.0,0.04,27.4,Mov00
-0.65,0.0,8.88,-0.0,0.0,0.04,27.4,Mov00
-0.65,-0.0,8.88,-0.0,0.0,0.04,27.41,Mov00
-0.65,-0.0,8.88,-0.0,0.0,0.04,27.41,Mov00
-0.66,-0.0,8.86,-0.0,0.0,0.04,27.4,Mov00
-0.66,-0.0,8.88,-0.0,0.0,0.04,27.4,Mov00
-0.65,0.0,8.88,-0.0,0.0,0.04,27.4,Mov00
-0.65,0.0,8.88,-0.0,0.0,0.04,27.4,Mov00
-0.65,-0.0,8.88,-0.0,0.0,0.04,27.4,Mov00
-0.65,0.0,8.87,-0.0,0.0,0.04,27.4,Mov00
-0.65,0.0,8.88,-0.0,0.0,0.04,27.41,Mov00
-0.65,0.0,8.89,-0.0,0.0,0.04,27.41,Mov00
-0.66,-0.0,8.89,-0.0,0.0,0.04,27.41,Mov00
-0.66,-0.0,8.88,-0.0,0.0,0.04,27.4,Mov00
-0.65,-0.01,8.88,-0.0,0.0,0.04,27.4,Mov00
-0.65,0.0,8.87,-0.0,0.0,0.04,27.41,Mov00
-0.66,0.0,8.87,-0.0,0.0,0.04,27.41,Mov00
-0.65,0.0,8.88,-0.0,0.0,0.04,27.4,Mov00
-0.65,0.01,8.87,-0.0,0.0,0.04,27.4,Mov00
-0.65,0.01,8.88,-0.0,0.0,0.04,27.4,Mov00
-0.65,0.02,8.89,-0.0,0.0,0.04,27.4,Mov00
-0.66,0.01,8.88,-0.0,0.0,0.04,27.41,Mov00
-0.66,0.0,8.89,-0.0,0.0,0.04,27.41,Mov00
-0.66,0.01,8.89,-0.0,0.0,0.04,27.4,Mov00
-0.66,-0.0,8.89,-0.0,0.0,0.04,27.4,Mov00
-0.66,0.0,8.89,-0.0,0.0,0.04,27.4,Mov00
-0.66,-0.0,8.89,-0.0,0.0,0.04,27.4,Mov00
-0.66,-0.0,8.88,-0.0,0.0,0.04,27.4,Mov00
-0.66,0.0,8.88,-0.0,0.0,0.04,27.4,Mov00
-0.67,-0.0,8.87,-0.0,0.0,0.04,27.4,Mov00
-0.66,-0.0,8.88,-0.0,0.0,0.04,27.4,Mov00
-0.66,-0.01,8.87,-0.0,0.0,0.04,27.4,Mov00
-0.65,0.0,8.87,-0.0,0.0,0.04,27.39,Mov00
-0.66,0.0,8.88,-0.0,0.0,0.04,27.4,Mov00
-0.66,0.01,8.87,-0.0,0.0,0.04,27.4,Mov00
-0.66,0.0,8.88,-0.0,0.0,0.04,27.4,Mov00
-0.66,0.0,8.88,-0.0,0.0,0.04,27.4,Mov00
-0.66,-0.0,8.87,-0.0,0.0,0.04,27.4,Mov00
-0.66,-0.0,8.86,-0.0,0.0,0.04,27.4,Mov00
-0.66,-0.01,8.86,-0.0,0.0,0.04,27.4,Mov00
-0.66,-0.0,8.88,-0.0,0.0,0.04,27.4,Mov00
-0.66,-0.0,8.88,-0.0,0.0,0.04,27.39,Mov00
-0.66,-0.01,8.88,-0.0,0.0,0.04,27.4,Mov00
-0.67,-0.0,8.88,-0.0,0.0,0.04,27.4,Mov00
-0.66,-0.01,8.88,-0.0,0.0,0.04,27.4,Mov00
-0.66,-0.01,8.87,-0.0,0.0,0.04,27.4,Mov00
-0.66,-0.01,8.87,-0.0,0.0,0.04,27.4,Mov00
-0.67,-0.0,8.87,-0.0,0.0,0.04,27.4,Mov00
-0.67,0.0,8.87,-0.0,0.0,0.04,27.4,Mov00
-0.66,0.0,8.87,-0.0,0.0,0.04,27.4,Mov00
-0.66,0.01,8.88,-0.0,0.0,0.04,27.4,Mov00
-0.65,0.0,8.87,-0.0,0.0,0.04,27.39,Mov00
-0.66,0.0,8.87,-0.0,0.0,0.04,27.39,Mov00
-0.66,0.01,8.87,-0.0,0.0,0.04,27.39,Mov00
-0.66,0.01,8.87,-0.0,0.0,0.04,27.38,Mov00
-0.66,0.01,8.87,-0.0,0.0,0.04,27.39,Mov00
-0.66,0.0,8.88,-0.0,0.0,0.04,27.39,Mov00
-0.66,0.01,8.87,-0.0,0.0,0.04,27.39,Mov00
-0.65,0.0,8.88,-0.0,0.0,0.04,27.39,Mov00
-0.65,-0.01,8.88,-0.0,0.0,0.04,27.4,Mov00
-0.65,-0.0,8.89,-0.0,0.0,0.04,27.39,Mov00
-0.65,-0.0,8.88,-0.0,0.0,0.04,27.39,Mov00
-0.66,-0.0,8.89,-0.0,0.0,0.04,27.39,Mov00
-0.66,-0.01,8.89,-0.0,0.0,0.03,27.39,Mov00
-0.66,-0.0,8.89,-0.0,-0.0,0.03,27.39,Mov00
-0.66,0.0,8.9,-0.0,-0.0,0.03,27.39,Mov00
-0.66,0.0,8.9,-0.0,0.0,0.03,27.39,Mov00
-0.66,0.0,8.87,-0.0,-0.0,0.03,27.39,Mov00
-0.67,0.0,8.88,-0.0,-0.0,0.03,27.39,Mov00
-0.67,0.0,8.88,-0.0,0.0,0.03,27.39,Mov00
-0.67,0.01,8.88,-0.0,0.0,0.03,27.39,Mov00
-0.67,0.0,8.88,-0.0,0.0,0.04,27.39,Mov00
-0.66,-0.0,8.88,-0.0,0.0,0.04,27.39,Mov00
-0.66,-0.0,8.88,-0.0,0.0,0.04,27.4,Mov00
-0.66,-0.0,8.88,-0.0,-0.0,0.04,27.39,Mov00
-0.66,-0.0,8.87,-0.0,0.0,0.04,27.39,Mov00
-0.66,-0.01,8.88,-0.0,0.0,0.04,27.39,Mov00
-0.67,-0.01,8.88,-0.0,0.0,0.04,27.4,Mov00
-0.67,0.0,8.87,-0.0,0.0,0.04,27.39,Mov00
-0.66,0.0,8.87,-0.0,0.0,0.04,27.4,Mov00
-0.66,0.0,8.86,-0.0,0.0,0.04,27.4,Mov00
-0.66,0.0,8.86,-0.01,0.0,0.04,27.39,Mov00
-0.65,0.0,8.81,-0.01,0.0,0.04,27.4,Mov00
-0.68,-0.01,8.92,-0.01,0.0,0.04,27.4,Mov00
-0.65,0.0,8.92,-0.0,-0.0,0.04,27.4,Mov00
-0.63,0.01,8.82,-0.01,0.0,0.04,27.39,Mov00
-0.64,-0.0,8.92,-0.01,0.0,0.04,27.39,Mov00
-0.64,0.01,8.84,-0.0,-0.0,0.04,27.39,Mov00
-0.67,-0.0,8.87,-0.01,0.0,0.03,27.39,Mov00
-0.67,-0.01,8.88,-0.01,0.0,0.04,27.39,Mov00
-0.65,-0.01,8.86,-0.01,-0.0,0.04,27.39,Mov00
-0.65,-0.01,8.89,-0.01,0.0,0.04,27.39,Mov00
-0.65,-0.0,8.88,-0.01,0.0,0.04,27.4,Mov00
-0.65,-0.0,8.88,-0.01,0.0,0.04,27.39,Mov00
-0.66,0.01,8.87,-0.01,0.0,0.03,27.39,Mov00
-0.66,0.01,8.87,-0.01,0.0,0.04,27.39,Mov00
-0.65,0.0,8.88,-0.01,0.0,0.04,27.39,Mov00
-0.65,-0.01,8.88,-0.01,0.0,0.04,27.39,Mov00
-0.65,-0.01,8.86,-0.01,0.0,0.04,27.39,Mov00
-0.66,-0.02,8.86,-0.01,0.0,0.04,27.39,Mov00
-0.67,-0.01,8.87,-0.01,0.0,0.04,27.39,Mov00
-0.66,-0.0,8.88,-0.01,-0.0,0.04,27.38,Mov00
-0.65,0.0,8.89,-0.01,0.0,0.04,27.39,Mov00
-0.64,0.0,8.88,-0.01,0.0,0.03,27.39,Mov00
-0.65,0.0,8.88,-0.01,0.0,0.04,27.39,Mov00
-0.65,0.0,8.88,-0.01,0.0,0.04,27.39,Mov00
-0.67,0.01,8.87,-0.01,0.0,0.04,27.39,Mov00
-0.66,0.01,8.87,-0.0,0.0,0.04,27.39,Mov00
-0.66,0.01,8.88,-0.0,0.0,0.04,27.39,Mov00
-0.65,0.0,8.88,-0.0,0.0,0.04,27.39,Mov00
-0.65,0.01,8.88,-0.0,0.0,0.04,27.39,Mov00
-0.66,0.01,8.88,-0.01,0.0,0.04,27.39,Mov00
-0.66,0.01,8.89,-0.01,0.0,0.03,27.39,Mov00
-0.66,0.0,8.89,-0.0,0.0,0.04,27.38,Mov00
-0.66,-0.01,8.88,-0.0,0.0,0.04,27.39,Mov00
-0.66,-0.01,8.87,-0.0,0.0,0.04,27.39,Mov00
-0.66,-0.0,8.87,-0.0,0.0,0.04,27.39,Mov00
-0.67,0.0,8.87,-0.0,0.0,0.04,27.39,Mov00
-0.67,0.0,8.87,-0.0,0.0,0.04,27.39,Mov00
-0.66,0.0,8.86,-0.0,0.0,0.04,27.39,Mov00
-0.66,0.0,8.87,-0.0,0.0,0.04,27.4,Mov00
-0.66,0.0,8.87,-0.0,0.0,0.04,27.4,Mov00
-0.66,-0.0,8.87,-0.0,0.0,0.04,27.4,Mov00
-0.66,-0.01,8.87,-0.0,0.0,0.04,27.39,Mov00
-0.66,-0.01,8.88,-0.0,0.0,0.04,27.39,Mov00
-0.66,-0.01,8.89,-0.0,0.0,0.04,27.39,Mov00
-0.66,-0.01,8.88,-0.0,0.0,0.04,27.4,Mov00
-0.67,-0.01,8.89,-0.0,0.0,0.04,27.4,Mov00
-0.68,-0.01,8.89,-0.0,0.0,0.04,27.39,Mov00
-0.67,-0.01,8.89,-0.0,0.0,0.04,27.39,Mov00
-0.67,-0.01,8.88,-0.0,0.0,0.04,27.4,Mov00
-0.67,-0.01,8.88,-0.01,0.0,0.04,27.4,Mov00
-0.68,-0.0,8.89,-0.0,0.0,0.04,27.4,Mov00
-0.67,-0.01,8.89,-0.0,0.0,0.04,27.39,Mov00
-0.66,-0.0,8.89,-0.0,0.0,0.04,27.4,Mov00
-0.65,-0.0,8.89,-0.0,0.0,0.04,27.4,Mov00
-0.65,-0.0,8.89,-0.0,0.0,0.04,27.4,Mov00
-0.66,-0.0,8.88,-0.0,0.0,0.04,27.4,Mov00
-0.67,-0.01,8.88,-0.0,0.0,0.04,27.39,Mov00
-0.66,-0.01,8.88,-0.0,0.0,0.03,27.39,Mov00
-0.66,-0.0,8.88,-0.01,0.0,0.04,27.39,Mov00
-0.65,-0.0,8.87,-0.01,0.0,0.04,27.39,Mov00
-0.66,0.0,8.88,-0.01,0.0,0.04,27.39,Mov00
-0.66,0.0,8.87,-0.01,0.0,0.04,27.39,Mov00
-0.67,-0.0,8.86,-0.01,0.0,0.04,27.39,Mov00
-0.68,-0.0,8.86,-0.0,0.0,0.04,27.39,Mov00
-0.67,-0.0,8.88,-0.0,0.0,0.04,27.38,Mov00
-0.67,-0.01,8.89,-0.0,0.0,0.04,27.39,Mov00
-0.67,-0.01,8.87,-0.0,0.0,0.04,27.39,Mov00
-0.67,-0.01,8.87,-0.0,0.0,0.04,27.39,Mov00
-0.67,-0.01,8.87,-0.0,0.0,0.04,27.39,Mov00
-0.67,-0.01,8.87,-0.0,0.0,0.04,27.39,Mov00
-0.66,-0.01,8.87,-0.0,0.0,0.04,27.39,Mov00
-0.66,-0.0,8.88,-0.0,0.0,0.04,27.39,Mov00
-0.66,0.0,8.88,-0.0,0.0,0.04,27.39,Mov00
-0.66,0.0,8.88,-0.0,0.0,0.04,27.39,Mov00
-0.67,0.0,8.88,-0.0,0.0,0.04,27.39,Mov00
-0.67,0.0,8.87,-0.0,0.0,0.04,27.38,Mov00
-0.67,-0.01,8.88,-0.0,0.0,0.04,27.38,Mov00
-0.66,-0.01,8.87,-0.0,0.0,0.04,27.37,Mov00
-0.66,-0.0,8.88,-0.0,0.0,0.04,27.37,Mov00
-0.66,-0.0,8.88,-0.0,0.0,0.04,27.37,Mov00
-0.66,-0.0,8.88,-0.0,0.0,0.04,27.38,Mov00
-0.66,0.0,8.88,-0.0,0.0,0.04,27.39,Mov00
-0.65,-0.0,8.88,-0.0,0.0,0.04,27.39,Mov00
-0.65,-0.01,8.88,-0.0,0.0,0.04,27.39,Mov00
-0.66,0.0,8.88,-0.0,0.0,0.04,27.39,Mov00
-0.67,0.0,8.89,-0.0,0.0,0.04,27.39,Mov00
-0.66,0.0,8.88,-0.0,0.0,0.04,27.39,Mov00
-0.66,0.01,8.88,-0.0,0.0,0.04,27.39,Mov00
-0.66,0.0,8.87,-0.01,0.0,0.04,27.39,Mov00
-0.66,-0.0,8.88,-0.0,0.0,0.04,27.39,Mov00
-0.66,-0.0,8.88,-0.0,0.0,0.04,27.38,Mov00
-0.66,-0.0,8.88,-0.0,0.0,0.04,27.39,Mov00
-0.66,-0.01,8.88,-0.0,0.0,0.04,27.38,Mov00
-0.67,-0.01,8.88,-0.0,0.0,0.04,27.37,Mov00
-0.66,-0.01,8.87,-0.0,0.0,0.04,27.38,Mov00
-0.67,-0.0,8.87,-0.0,0.0,0.04,27.38,Mov00
-0.66,-0.01,8.87,-0.0,0.0,0.04,27.38,Mov00
-0.66,-0.01,8.87,-0.01,0.0,0.04,27.37,Mov00
-0.66,-0.01,8.87,-0.01,0.0,0.04,27.38,Mov00
-0.66,-0.01,8.87,-0.01,0.0,0.04,27.38,Mov00
-0.66,-0.0,8.87,-0.01,0.0,0.04,27.37,Mov00
-0.65,-0.01,8.87,-0.0,0.0,0.04,27.38,Mov00
-0.66,-0.01,8.88,-0.01,0.0,0.04,27.38,Mov00
-0.66,-0.0,8.88,-0.0,0.0,0.04,27.38,Mov00
-0.66,0.0,8.86,-0.0,0.0,0.04,27.39,Mov00
-0.65,0.0,8.87,-0.0,0.0,0.04,27.39,Mov00
-0.66,0.01,8.88,-0.0,0.0,0.04,27.39,Mov00
-0.67,0.01,8.89,-0.0,0.0,0.04,27.39,Mov00
-0.68,0.01,8.9,-0.0,0.0,0.04,27.39,Mov00
-0.68,0.0,8.89,-0.0,0.0,0.04,27.38,Mov00
-0.67,0.0,8.89,-0.0,0.0,0.04,27.38,Mov00
-0.67,0.0,8.9,-0.0,0.0,0.04,27.38,Mov00
-0.66,0.0,8.9,-0.0,0.0,0.04,27.38,Mov00
-0.66,-0.0,8.88,-0.0,0.0,0.04,27.38,Mov00
-0.66,-0.0,8.88,-0.0,0.0,0.04,27.38,Mov00
-0.66,0.0,8.88,-0.0,0.0,0.04,27.38,Mov00
-0.66,0.0,8.89,-0.0,0.0,0.04,27.39,Mov00
-0.66,0.01,8.89,-0.0,0.0,0.04,27.39,Mov00
-0.66,0.0,8.89,-0.0,0.0,0.04,27.39,Mov00
-0.66,-0.0,8.89,-0.0,0.0,0.04,27.39,Mov00
-0.66,0.0,8.89,-0.0,0.0,0.04,27.38,Mov00
-0.66,0.0,8.89,-0.0,0.0,0.04,27.38,Mov00
-0.67,-0.0,8.89,-0.0,0.0,0.04,27.39,Mov00
-0.66,0.0,8.88,-0.0,0.0,0.04,27.38,Mov00
-0.66,-0.0,8.88,-0.0,0.0,0.04,27.39,Mov00
-0.66,-0.01,8.89,-0.0,0.0,0.04,27.38,Mov00
-0.67,-0.01,8.89,-0.0,0.0,0.04,27.38,Mov00
-0.66,-0.01,8.89,-0.0,0.0,0.04,27.39,Mov00
-0.67,-0.0,8.89,-0.0,0.0,0.04,27.39,Mov00
-0.67,-0.01,8.88,-0.0,0.0,0.04,27.39,Mov00
-0.66,-0.0,8.87,-0.0,0.0,0.04,27.39,Mov00
-0.66,-0.0,8.88,-0.0,0.0,0.04,27.38,Mov00
-0.66,-0.0,8.88,-0.0,0.0,0.04,27.38,Mov00
-0.65,-0.01,8.88,-0.0,0.0,0.04,27.38,Mov00
-0.66,-0.01,8.89,-0.0,0.0,0.04,27.39,Mov00
-0.66,-0.01,8.88,-0.0,0.0,0.04,27.39,Mov00
-0.67,-0.01,8.89,-0.0,0.0,0.04,27.4,Mov00
-0.67,-0.0,8.88,-0.0,0.0,0.04,27.39,Mov00
-0.66,-0.01,8.88,-0.0,0.0,0.04,27.39,Mov00
-0.66,-0.01,8.87,-0.0,0.0,0.04,27.39,Mov00
-0.66,-0.0,8.88,-0.0,0.0,0.04,27.39,Mov00
-0.67,-0.0,8.89,-0.0,0.0,0.04,27.38,Mov00
-0.67,-0.0,8.88,-0.0,0.0,0.04,27.39,Mov00
-0.67,-0.0,8.88,-0.0,0.0,0.04,27.38,Mov00
-0.66,0.0,8.89,-0.0,0.0,0.04,27.38,Mov00
-0.67,0.0,8.88,-0.0,0.0,0.04,27.38,Mov00
-0.67,-0.0,8.88,-0.01,0.0,0.04,27.38,Mov00
-0.68,-0.0,8.87,-0.0,0.0,0.04,27.39,Mov00
-0.67,0.0,8.88,-0.0,0.0,0.04,27.38,Mov00
-0.67,-0.0,8.88,-0.0,0.0,0.04,27.38,Mov00
-0.67,0.01,8.88,-0.0,0.0,0.04,27.39,Mov00
-0.68,-0.01,8.88,-0.0,0.0,0.04,27.4,Mov00
-0.67,-0.01,8.88,-0.0,0.0,0.04,27.4,Mov00
-0.67,-0.01,8.88,-0.0,0.0,0.04,27.4,Mov00
-0.67,0.0,8.87,-0.0,0.0,0.04,27.4,Mov00
-0.67,0.0,8.88,-0.0,0.0,0.04,27.39,Mov00
-0.66,0.0,8.88,-0.0,0.0,0.04,27.39,Mov00
-0.66,0.01,8.88,-0.0,0.0,0.04,27.39,Mov00
-0.66,0.01,8.89,-0.0,0.0,0.04,27.38,Mov00
-0.67,0.01,8.88,-0.0,0.0,0.04,27.38,Mov00
-0.67,0.01,8.88,-0.0,0.0,0.04,27.39,Mov00
-0.67,0.0,8.88,-0.0,0.0,0.04,27.39,Mov00
-0.67,-0.0,8.89,-0.0,0.0,0.03,27.39,Mov00
-0.66,-0.01,8.89,-0.0,0.0,0.04,27.39,Mov00
-0.67,-0.0,8.88,-0.0,0.0,0.04,27.39,Mov00
-0.67,-0.0,8.88,-0.0,0.0,0.04,27.39,Mov00
-0.66,-0.0,8.88,-0.01,0.0,0.04,27.4,Mov00
-0.67,-0.0,8.88,-0.0,0.0,0.04,27.4,Mov00
-0.66,-0.0,8.89,-0.0,0.0,0.04,27.39,Mov00
-0.66,0.01,8.89,-0.0,-0.0,0.04,27.39,Mov00
-0.66,0.0,8.9,-0.0,0.0,0.04,27.39,Mov00
-0.66,0.0,8.9,-0.0,0.0,0.04,27.39,Mov00
-0.66,0.0,8.89,-0.0,0.0,0.04,27.39,Mov00
-0.66,0.0,8.89,-0.0,0.0,0.04,27.38,Mov00
-0.67,0.0,8.89,-0.0,0.0,0.04,27.38,Mov00
-0.67,0.01,8.9,-0.0,0.0,0.03,27.38,Mov00
-0.67,0.01,8.9,-0.0,0.0,0.04,27.38,Mov00
-0.67,-0.0,8.89,-0.0,0.0,0.04,27.38,Mov00
-0.66,0.0,8.88,-0.0,0.0,0.04,27.38,Mov00
-0.66,-0.0,8.89,-0.0,0.0,0.04,27.38,Mov00
-0.65,-0.01,8.88,-0.0,0.0,0.04,27.39,Mov00
-0.66,-0.01,8.88,-0.0,0.0,0.04,27.39,Mov00
-0.66,-0.02,8.87,-0.0,0.0,0.04,27.39,Mov00
-0.66,-0.01,8.86,-0.0,0.0,0.04,27.39,Mov00
-0.65,-0.01,8.88,-0.0,0.0,0.04,27.39,Mov00
-0.65,-0.01,8.88,-0.0,0.0,0.04,27.39,Mov00
-0.67,-0.01,8.89,-0.0,0.0,0.04,27.39,Mov00
-0.66,-0.01,8.88,-0.0,0.0,0.04,27.39,Mov00
-0.67,-0.0,8.89,-0.0,0.0,0.04,27.39,Mov00
-0.67,-0.01,8.9,-0.0,0.0,0.04,27.39,Mov00
-0.67,-0.01,8.89,-0.0,0.0,0.04,27.39,Mov00
-0.67,-0.01,8.9,-0.0,0.0,0.04,27.38,Mov00
-0.68,-0.01,8.88,-0.0,0.0,0.04,27.38,Mov00
-0.68,-0.01,8.88,-0.0,0.0,0.04,27.39,Mov00
-0.67,-0.01,8.88,-0.0,0.0,0.04,27.39,Mov00
-0.67,0.0,8.87,-0.0,0.0,0.04,27.39,Mov00
-0.67,0.0,8.88,-0.0,0.0,0.04,27.38,Mov00
-0.67,-0.01,8.87,-0.0,0.0,0.04,27.38,Mov00
-0.67,-0.0,8.87,-0.0,0.0,0.04,27.38,Mov00
-0.67,-0.01,8.87,-0.0,0.0,0.04,27.38,Mov00
-0.66,-0.01,8.88,-0.0,0.0,0.04,27.38,Mov00
-0.66,-0.01,8.89,-0.0,0.0,0.04,27.38,Mov00
-0.66,0.0,8.89,-0.0,0.0,0.04,27.38,Mov00
-0.66,-0.0,8.87,-0.01,0.0,0.04,27.39,Mov00
-0.67,0.0,8.87,-0.01,0.0,0.04,27.39,Mov00
-0.67,0.0,8.88,-0.0,0.0,0.04,27.39,Mov00
-0.67,0.01,8.88,-0.0,0.0,0.04,27.39,Mov00
-0.67,0.01,8.88,-0.0,0.0,0.04,27.38,Mov00
-0.66,0.0,8.88,-0.0,0.0,0.04,27.39,Mov00
-0.66,-0.0,8.87,-0.0,0.0,0.04,27.39,Mov00
-0.66,-0.0,8.87,-0.0,0.0,0.04,27.39,Mov00
-0.66,-0.01,8.88,-0.0,0.0,0.04,27.39,Mov00
-0.66,-0.0,8.88,-0.01,0.0,0.04,27.39,Mov00
-0.66,-0.01,8.88,-0.0,0.0,0.04,27.39,Mov00
-0.66,0.0,8.89,-0.0,0.0,0.04,27.39,Mov00
-0.67,0.0,8.9,-0.0,0.0,0.04,27.39,Mov00
-0.67,-0.0,8.89,-0.0,0.0,0.04,27.39,Mov00
-0.66,-0.01,8.88,-0.0,0.0,0.04,27.39,Mov00
-0.67,0.0,8.87,-0.0,0.0,0.04,27.38,Mov00
-0.67,0.0,8.88,-0.0,0.0,0.04,27.38,Mov00
-0.67,0.0,8.88,-0.0,0.0,0.04,27.37,Mov00
-0.67,0.01,8.88,-0.0,0.0,0.04,27.37,Mov00
-0.66,0.01,8.89,-0.0,0.0,0.04,27.37,Mov00
-0.66,0.01,8.9,-0.0,0.0,0.04,27.37,Mov00
-0.65,0.01,8.9,-0.0,0.0,0.04,27.37,Mov00
-0.65,0.01,8.9,-0.0,0.0,0.04,27.37,Mov00
-0.66,0.01,8.9,-0.0,0.0,0.04,27.38,Mov00
-0.65,0.0,8.89,-0.0,0.0,0.04,27.38,Mov00
-0.64,0.0,8.88,-0.0,0.0,0.04,27.38,Mov00
-0.64,0.0,8.88,-0.0,0.0,0.04,27.37,Mov00
-0.65,-0.0,8.88,-0.0,0.0,0.04,27.37,Mov00
-0.66,-0.0,8.87,-0.0,0.0,0.04,27.37,Mov00
-0.67,-0.0,8.89,-0.0,0.0,0.04,27.37,Mov00
-0.67,-0.0,8.89,-0.0,0.0,0.04,27.38,Mov00
-0.66,-0.0,8.89,-0.0,0.0,0.04,27.37,Mov00
-0.66,-0.01,8.9,-0.0,0.0,0.04,27.38,Mov00
-0.67,-0.01,8.89,-0.0,0.0,0.04,27.38,Mov00
-0.66,-0.0,8.89,-0.0,0.0,0.04,27.39,Mov00
-0.67,-0.0,8.87,-0.0,0.0,0.04,27.37,Mov00
-0.67,0.0,8.88,-0.0,0.0,0.04,27.38,Mov00
-0.67,0.0,8.88,-0.0,0.0,0.04,27.38,Mov00
-0.67,0.0,8.89,-0.0,0.0,0.04,27.38,Mov00
-0.67,0.0,8.89,-0.0,0.0,0.04,27.38,Mov00
-0.68,0.0,8.89,-0.0,0.0,0.04,27.37,Mov00
-0.67,-0.0,8.89,-0.0,0.0,0.04,27.37,Mov00
-0.67,-0.0,8.88,-0.0,0.0,0.04,27.38,Mov00
-0.67,0.0,8.88,-0.0,0.0,0.04,27.38,Mov00
-0.67,-0.0,8.87,-0.0,0.0,0.04,27.37,Mov00
-0.66,-0.0,8.88,-0.0,0.0,0.04,27.37,Mov00
-0.67,0.0,8.89,-0.0,0.0,0.04,27.37,Mov00
-0.67,0.0,8.88,-0.0,0.0,0.04,27.37,Mov00
-0.66,0.0,8.87,-0.0,0.0,0.04,27.37,Mov00
-0.66,0.01,8.88,-0.0,0.0,0.04,27.37,Mov00
-0.66,0.0,8.87,-0.0,0.0,0.04,27.37,Mov00
-0.66,0.0,8.88,-0.0,0.0,0.04,27.38,Mov00
-0.66,0.0,8.88,-0.0,0.0,0.04,27.38,Mov00
-0.66,0.0,8.88,-0.0,0.0,0.04,27.38,Mov00
-0.66,-0.01,8.88,-0.0,0.0,0.04,27.37,Mov00
-0.66,-0.01,8.87,-0.0,0.0,0.04,27.37,Mov00
-0.65,-0.01,8.87,-0.0,0.0,0.04,27.37,Mov00
-0.65,-0.01,8.89,-0.0,0.0,0.04,27.37,Mov00
-0.66,-0.01,8.89,-0.0,0.0,0.04,27.37,Mov00
-0.65,-0.01,8.89,-0.0,0.0,0.04,27.37,Mov00
-0.66,-0.0,8.89,-0.0,0.0,0.04,27.37,Mov00
-0.67,-0.0,8.89,-0.0,0.0,0.04,27.37,Mov00
-0.66,-0.0,8.88,-0.0,0.0,0.04,27.37,Mov00
-0.66,-0.0,8.88,-0.0,0.0,0.04,27.37,Mov00
-0.65,-0.0,8.87,-0.0,0.0,0.04,27.37,Mov00
-0.65,0.0,8.88,-0.0,0.0,0.04,27.38,Mov00
-0.66,-0.0,8.88,-0.0,0.0,0.04,27.37,Mov00
-0.65,-0.0,8.88,-0.0,0.0,0.04,27.37,Mov00
-0.65,-0.01,8.89,-0.0,0.0,0.04,27.38,Mov00
-0.65,-0.01,8.88,-0.0,0.0,0.04,27.38,Mov00
-0.65,-0.01,8.89,-0.0,0.0,0.04,27.37,Mov00
-0.66,-0.01,8.89,-0.0,0.0,0.04,27.37,Mov00
-0.66,-0.01,8.89,-0.0,0.0,0.04,27.37,Mov00
-0.67,-0.0,8.88,-0.0,0.0,0.04,27.37,Mov00
-0.67,-0.0,8.88,-0.0,0.0,0.04,27.37,Mov00
-0.66,0.0,8.89,-0.0,0.0,0.04,27.37,Mov00
-0.66,0.0,8.88,-0.0,0.0,0.04,27.37,Mov00
-0.66,-0.0,8.88,-0.0,0.0,0.04,27.37,Mov00
-0.65,-0.0,8.88,-0.0,0.0,0.04,27.37,Mov00
-0.65,-0.0,8.89,-0.0,0.0,0.04,27.37,Mov00
-0.65,-0.0,8.89,-0.0,0.0,0.04,27.37,Mov00
-0.66,-0.0,8.89,-0.0,0.0,0.04,27.37,Mov00
-0.66,-0.01,8.89,-0.0,0.0,0.04,27.37,Mov00
-0.66,-0.0,8.89,-0.0,0.0,0.04,27.37,Mov00
-0.66,-0.0,8.89,-0.0,0.0,0.04,27.37,Mov00
-0.66,-0.0,8.9,-0.0,0.0,0.04,27.37,Mov00
-0.66,-0.01,8.89,-0.0,0.0,0.04,27.37,Mov00
-0.66,-0.0,8.89,-0.0,0.0,0.04,27.38,Mov00
-0.66,0.01,8.89,-0.0,0.0,0.04,27.38,Mov00
-0.67,0.0,8.88,-0.0,0.0,0.04,27.38,Mov00
-0.66,0.0,8.89,-0.0,0.0,0.04,27.38,Mov00
-0.66,0.0,8.88,-0.0,0.0,0.04,27.38,Mov00
-0.67,0.0,8.88,-0.0,0.0,0.04,27.38,Mov00
-0.66,-0.01,8.89,-0.0,0.0,0.04,27.38,Mov00
-0.66,-0.0,8.88,-0.0,0.0,0.04,27.37,Mov00
-0.66,-0.01,8.88,-0.0,0.0,0.04,27.37,Mov00
-0.67,-0.02,8.87,-0.0,0.0,0.04,27.37,Mov00
-0.67,-0.01,8.87,-0.0,0.0,0.04,27.37,Mov00
-0.67,-0.01,8.88,-0.0,0.0,0.04,27.37,Mov00
-0.66,-0.01,8.88,-0.0,0.0,0.04,27.37,Mov00
-0.67,-0.0,8.88,-0.0,0.0,0.04,27.37,Mov00
-0.66,-0.01,8.88,-0.0,0.0,0.04,27.37,Mov00
-0.67,-0.01,8.89,-0.0,0.0,0.04,27.37,Mov00
-0.66,0.0,8.88,-0.0,0.0,0.04,27.38,Mov00
-0.66,0.0,8.88,-0.0,0.0,0.04,27.37,Mov00
-0.66,-0.0,8.89,-0.0,0.0,0.04,27.37,Mov00
-0.66,0.0,8.88,-0.0,0.0,0.04,27.37,Mov00
-0.65,-0.0,8.88,-0.0,0.0,0.04,27.37,Mov00
-0.65,-0.0,8.88,-0.0,0.0,0.04,27.37,Mov00
-0.66,-0.0,8.87,-0.0,0.0,0.04,27.37,Mov00
-0.65,0.0,8.88,-0.0,0.0,0.04,27.37,Mov00
-0.65,-0.0,8.87,-0.0,0.0,0.04,27.37,Mov00
-0.65,-0.01,8.87,-0.0,0.0,0.04,27.37,Mov00
-0.66,-0.01,8.88,-0.0,0.0,0.04,27.36,Mov00
-0.66,-0.0,8.87,-0.0,0.0,0.04,27.37,Mov00
-0.65,-0.01,8.87,-0.0,0.0,0.04,27.37,Mov00
-0.66,-0.0,8.88,-0.0,0.0,0.04,27.37,Mov00
-0.66,0.0,8.88,-0.0,0.0,0.04,27.37,Mov00
-0.66,0.0,8.88,-0.0,0.0,0.04,27.37,Mov00
-0.66,0.0,8.88,-0.0,0.0,0.04,27.37,Mov00
-0.65,-0.0,8.88,-0.0,0.0,0.04,27.37,Mov00
-0.66,-0.01,8.88,-0.0,0.0,0.04,27.37,Mov00
-0.66,-0.0,8.88,-0.0,0.0,0.04,27.37,Mov00
-0.67,-0.01,8.88,-0.0,0.0,0.04,27.37,Mov00
-0.66,-0.01,8.89,-0.0,0.0,0.04,27.37,Mov00
-0.67,-0.01,8.89,-0.0,0.0,0.04,27.36,Mov00
-0.66,-0.01,8.88,-0.0,0.0,0.04,27.36,Mov00
-0.66,-0.01,8.9,-0.0,0.0,0.04,27.37,Mov00
-0.66,-0.02,8.89,-0.0,0.0,0.04,27.37,Mov00
-0.67,-0.01,8.88,-0.0,0.0,0.04,27.37,Mov00
-0.66,-0.01,8.9,-0.0,0.0,0.04,27.37,Mov00
-0.66,-0.0,8.9,-0.0,0.0,0.04,27.37,Mov00
-0.67,-0.0,8.88,-0.0,0.0,0.04,27.37,Mov00
-0.67,-0.01,8.88,-0.0,0.0,0.04,27.37,Mov00
-0.67,-0.01,8.89,-0.0,0.0,0.04,27.36,Mov00
-0.67,-0.01,8.89,-0.0,0.0,0.04,27.37,Mov00
-0.67,-0.01,8.89,-0.0,0.0,0.04,27.37,Mov00
-0.67,-0.01,8.88,-0.0,0.0,0.04,27.36,Mov00
-0.67,-0.01,8.88,-0.0,0.0,0.04,27.37,Mov00
-0.66,-0.01,8.88,-0.0,0.0,0.04,27.37,Mov00
-0.65,-0.01,8.88,-0.0,0.0,0.04,27.37,Mov00
-0.66,-0.01,8.89,-0.0,0.0,0.04,27.37,Mov00
-0.65,-0.01,8.89,-0.0,0.0,0.04,27.37,Mov00
-0.65,-0.0,8.89,-0.0,0.0,0.04,27.37,Mov00
-0.66,0.0,8.89,-0.0,0.0,0.04,27.37,Mov00
-0.66,-0.0,8.89,-0.0,0.0,0.04,27.37,Mov00
-0.66,-0.0,8.88,-0.0,0.0,0.04,27.37,Mov00
-0.66,-0.01,8.88,-0.0,0.0,0.04,27.37,Mov00
-0.66,-0.01,8.89,-0.0,0.0,0.04,27.36,Mov00
-0.67,-0.01,8.88,-0.0,0.0,0.04,27.36,Mov00
-0.66,-0.0,8.89,-0.0,0.0,0.04,27.37,Mov00
-0.67,-0.01,8.89,-0.0,0.0,0.04,27.37,Mov00
-0.66,-0.01,8.89,-0.0,0.0,0.04,27.37,Mov00
-0.66,-0.0,8.9,-0.0,0.0,0.04,27.37,Mov00
-0.67,-0.0,8.89,-0.0,0.0,0.04,27.37,Mov00
-0.67,-0.01,8.88,-0.0,0.0,0.04,27.36,Mov00
-0.66,-0.01,8.88,-0.0,0.0,0.04,27.37,Mov00
-0.67,-0.01,8.88,-0.0,0.0,0.04,27.36,Mov00
-0.67,-0.01,8.88,-0.0,0.0,0.04,27.37,Mov00
-0.67,-0.01,8.88,-0.0,0.0,0.04,27.36,Mov00
-0.67,-0.0,8.89,-0.0,0.0,0.04,27.36,Mov00
-0.66,-0.0,8.89,-0.0,0.0,0.04,27.36,Mov00
-0.66,0.01,8.88,-0.0,0.0,0.04,27.36,Mov00
-0.67,0.0,8.88,-0.0,0.0,0.04,27.36,Mov00
-0.66,0.0,8.87,-0.0,0.0,0.04,27.36,Mov00
-0.66,-0.0,8.88,-0.0,0.0,0.04,27.36,Mov00
-0.67,-0.0,8.88,-0.0,0.0,0.04,27.36,Mov00
-0.67,-0.0,8.88,-0.0,0.0,0.04,27.36,Mov00
-0.67,-0.0,8.88,-0.0,0.0,0.04,27.36,Mov00
-0.67,-0.01,8.88,-0.0,0.0,0.04,27.36,Mov00
-0.67,-0.01,8.86,-0.0,-0.0,0.04,27.36,Mov00
-0.67,-0.0,8.88,-0.0,0.0,0.04,27.37,Mov00
-0.66,-0.0,8.89,-0.0,0.0,0.04,27.37,Mov00
-0.67,0.0,8.88,-0.0,0.0,0.04,27.37,Mov00
-0.66,-0.0,8.89,-0.0,0.0,0.04,27.37,Mov00
-0.66,0.0,8.89,-0.0,0.0,0.04,27.36,Mov00
-0.66,-0.0,8.88,-0.0,0.0,0.04,27.36,Mov00
-0.66,-0.01,8.89,-0.0,0.0,0.04,27.36,Mov00
-0.65,0.0,8.88,-0.0,0.0,0.04,27.36,Mov00
-0.65,-0.0,8.89,-0.0,0.0,0.04,27.36,Mov00
-0.66,-0.01,8.89,-0.0,0.0,0.04,27.36,Mov00
-0.66,-0.01,8.89,-0.0,0.0,0.04,27.36,Mov00
-0.66,-0.01,8.88,-0.0,0.0,0.04,27.36,Mov00
-0.66,-0.0,8.9,-0.0,0.0,0.04,27.36,Mov00
-0.66,-0.01,8.89,-0.0,0.0,0.04,27.35,Mov00
-0.66,-0.01,8.89,-0.0,0.0,0.04,27.35,Mov00
-0.67,-0.01,8.89,-0.0,0.0,0.04,27.35,Mov00
-0.66,-0.02,8.88,-0.0,0.0,0.04,27.36,Mov00
-0.67,-0.0,8.88,-0.0,0.0,0.04,27.36,Mov00
-0.67,-0.0,8.87,-0.0,0.0,0.04,27.36,Mov00
-0.67,-0.0,8.88,-0.0,0.0,0.04,27.35,Mov00
-0.66,0.0,8.89,-0.0,0.0,0.04,27.36,Mov00
-0.66,0.01,8.89,-0.0,0.0,0.04,27.36,Mov00
-0.66,0.0,8.88,-0.0,0.0,0.04,27.36,Mov00
-0.66,0.0,8.88,-0.0,0.0,0.04,27.36,Mov00
-0.66,0.01,8.87,-0.0,0.0,0.04,27.37,Mov00
-0.66,-0.0,8.88,-0.0,0.0,0.04,27.36,Mov00
-0.66,-0.0,8.86,-0.0,0.0,0.04,27.36,Mov00
-0.66,-0.0,8.87,-0.0,0.0,0.04,27.36,Mov00
-0.66,0.0,8.87,-0.0,0.0,0.04,27.36,Mov00
-0.66,0.01,8.88,-0.0,0.0,0.04,27.36,Mov00
-0.67,0.01,8.88,-0.0,0.0,0.04,27.37,Mov00
-0.67,0.01,8.88,-0.0,0.0,0.04,27.37,Mov00
-0.66,0.0,8.88,-0.0,0.0,0.04,27.37,Mov00
-0.66,-0.0,8.88,-0.0,0.0,0.04,27.36,Mov00
-0.65,0.0,8.89,-0.0,0.0,0.04,27.36,Mov00
-0.65,-0.0,8.89,-0.0,0.0,0.04,27.36,Mov00
-0.65,-0.01,8.89,-0.0,0.0,0.04,27.36,Mov00
-0.66,-0.01,8.89,-0.0,0.0,0.04,27.37,Mov00
-0.65,-0.01,8.89,-0.0,0.0,0.04,27.36,Mov00
-0.66,-0.01,8.88,-0.0,0.0,0.04,27.36,Mov00
-0.66,-0.0,8.88,-0.0,0.0,0.04,27.36,Mov00
-0.66,-0.0,8.88,-0.0,0.0,0.04,27.36,Mov00
-0.66,-0.0,8.87,-0.0,0.0,0.04,27.36,Mov00
-0.66,-0.0,8.88,-0.0,0.0,0.04,27.36,Mov00
-0.66,-0.0,8.88,-0.0,0.0,0.04,27.36,Mov00
-0.66,-0.0,8.88,-0.0,0.0,0.04,27.36,Mov00
-0.66,-0.0,8.88,-0.0,0.0,0.04,27.36,Mov00
-0.66,-0.01,8.88,-0.0,0.0,0.04,27.36,Mov00
-0.66,-0.0,8.88,-0.0,0.0,0.04,27.36,Mov00
-0.66,-0.01,8.87,-0.0,0.0,0.04,27.36,Mov00
-0.66,-0.01,8.88,-0.0,0.0,0.04,27.36,Mov00
-0.66,-0.01,8.89,-0.0,0.0,0.04,27.36,Mov00
-0.67,-0.01,8.89,-0.0,0.0,0.04,27.36,Mov00
-0.66,-0.01,8.88,-0.0,0.0,0.04,27.36,Mov00
-0.66,-0.01,8.88,-0.0,0.0,0.04,27.36,Mov00
-0.67,-0.01,8.88,-0.0,0.0,0.04,27.36,Mov00
-0.67,-0.0,8.88,-0.0,0.0,0.04,27.37,Mov00
-0.67,0.0,8.87,-0.0,0.0,0.04,27.37,Mov00
-0.67,0.0,8.88,-0.0,0.0,0.04,27.37,Mov00
-0.67,0.0,8.88,-0.0,0.0,0.04,27.36,Mov00
-0.67,0.0,8.88,-0.0,0.0,0.04,27.37,Mov00
-0.67,0.0,8.87,-0.0,0.0,0.04,27.37,Mov00
-0.67,-0.0,8.87,-0.0,0.0,0.04,27.37,Mov00
-0.67,0.0,8.87,-0.0,0.0,0.04,27.37,Mov00
-0.66,0.0,8.88,-0.0,0.0,0.04,27.36,Mov00
-0.66,0.0,8.88,-0.0,0.0,0.04,27.36,Mov00
-0.67,0.0,8.88,-0.0,0.0,0.04,27.36,Mov00
-0.66,0.01,8.88,-0.0,0.0,0.04,27.36,Mov00
-0.66,0.0,8.87,-0.0,0.0,0.04,27.37,Mov00
-0.65,0.0,8.87,-0.0,0.0,0.04,27.36,Mov00
-0.66,0.0,8.88,-0.0,0.0,0.04,27.37,Mov00
-0.66,0.0,8.88,-0.0,0.0,0.04,27.37,Mov00
-0.67,0.0,8.89,-0.0,0.0,0.04,27.36,Mov00
-0.67,-0.0,8.88,-0.0,0.0,0.04,27.36,Mov00
-0.67,-0.0,8.87,-0.0,0.0,0.04,27.35,Mov00
-0.67,-0.0,8.88,-0.0,0.0,0.04,27.35,Mov00
-0.67,-0.01,8.88,-0.0,0.0,0.04,27.36,Mov00
-0.66,-0.01,8.87,-0.0,0.0,0.04,27.36,Mov00
-0.67,0.0,8.87,-0.0,0.0,0.04,27.36,Mov00
-0.66,-0.01,8.87,-0.0,0.0,0.04,27.36,Mov00
-0.66,-0.0,8.88,-0.0,0.0,0.04,27.36,Mov00
-0.65,-0.0,8.87,-0.0,0.0,0.04,27.36,Mov00
-0.65,0.0,8.87,-0.0,0.0,0.04,27.37,Mov00
-0.66,0.0,8.88,-0.0,0.0,0.04,27.36,Mov00
-0.66,0.0,8.88,-0.0,0.0,0.04,27.36,Mov00
-0.66,0.01,8.88,-0.0,0.0,0.04,27.37,Mov00
-0.66,0.0,8.88,-0.0,0.0,0.04,27.36,Mov00
-0.67,0.0,8.87,-0.0,0.0,0.04,27.37,Mov00
-0.67,0.01,8.87,-0.0,0.0,0.04,27.36,Mov00
-0.66,0.0,8.89,-0.0,0.0,0.04,27.36,Mov00
-0.66,0.0,8.89,-0.0,0.0,0.04,27.37,Mov00
-0.65,0.0,8.88,-0.0,0.0,0.04,27.36,Mov00
-0.65,-0.0,8.89,-0.0,0.0,0.04,27.36,Mov00
-0.65,0.0,8.89,-0.0,0.0,0.04,27.36,Mov00
-0.65,0.0,8.88,-0.0,0.0,0.04,27.36,Mov00
-0.66,0.0,8.89,-0.01,0.0,0.04,27.36,Mov00
-0.66,-0.0,8.89,-0.0,0.0,0.04,27.36,Mov00
-0.66,-0.01,8.87,-0.0,0.0,0.04,27.35,Mov00
-0.66,-0.0,8.87,-0.0,0.0,0.04,27.35,Mov00
-0.66,-0.0,8.88,-0.0,0.0,0.04,27.36,Mov00
-0.66,-0.0,8.88,-0.0,0.0,0.04,27.36,Mov00
-0.66,-0.01,8.87,-0.0,0.0,0.04,27.36,Mov00
-0.67,0.0,8.88,-0.0,0.0,0.04,27.35,Mov00
-0.66,-0.0,8.88,-0.0,0.0,0.04,27.36,Mov00
-0.67,-0.0,8.88,-0.0,0.0,0.04,27.36,Mov00
-0.67,-0.01,8.89,-0.0,0.0,0.04,27.35,Mov00
-0.66,-0.01,8.88,-0.0,0.0,0.04,27.35,Mov00
-0.66,-0.0,8.88,-0.0,0.0,0.04,27.35,Mov00
-0.67,-0.01,8.88,-0.0,0.0,0.04,27.35,Mov00
-0.67,-0.01,8.89,-0.0,0.0,0.04,27.35,Mov00
-0.68,-0.01,8.89,-0.0,0.0,0.04,27.36,Mov00
-0.67,-0.01,8.87,-0.0,0.0,0.04,27.35,Mov00
-0.67,-0.0,8.88,-0.0,0.0,0.04,27.35,Mov00
-0.67,0.0,8.88,-0.0,0.0,0.04,27.35,Mov00
-0.66,-0.01,8.88,-0.0,0.0,0.04,27.34,Mov00
-0.67,-0.01,8.88,-0.0,0.0,0.04,27.35,Mov00
-0.67,-0.01,8.89,-0.0,0.0,0.04,27.35,Mov00
-0.67,-0.01,8.89,-0.0,0.0,0.04,27.36,Mov00
-0.68,-0.01,8.88,-0.0,0.0,0.04,27.36,Mov00
-0.68,-0.0,8.88,-0.0,0.0,0.04,27.36,Mov00
-0.67,-0.0,8.89,-0.0,0.0,0.04,27.36,Mov00
-0.67,-0.0,8.89,-0.0,0.0,0.04,27.35,Mov00
-0.66,-0.01,8.89,-0.0,0.0,0.04,27.35,Mov00
-0.66,-0.0,8.88,-0.0,0.0,0.04,27.35,Mov00
-0.66,0.0,8.88,-0.0,0.0,0.04,27.34,Mov00
-0.66,0.01,8.88,-0.0,0.0,0.04,27.35,Mov00
-0.66,0.0,8.87,-0.0,0.0,0.04,27.35,Mov00
-0.66,0.01,8.86,-0.0,0.0,0.04,27.36,Mov00
-0.66,0.01,8.87,-0.0,0.0,0.04,27.35,Mov00
-0.66,0.0,8.88,-0.0,0.0,0.04,27.36,Mov00
-0.66,-0.0,8.87,-0.0,0.0,0.04,27.36,Mov00
-0.67,0.0,8.89,-0.01,0.0,0.04,27.36,Mov00
-0.66,0.01,8.89,-0.0,0.0,0.04,27.35,Mov00
-0.66,0.0,8.89,-0.0,0.0,0.04,27.35,Mov00
-0.66,0.0,8.9,-0.0,0.0,0.04,27.34,Mov00
-0.66,0.0,8.89,-0.0,0.0,0.04,27.34,Mov00
-0.66,0.0,8.89,-0.0,0.0,0.04,27.34,Mov00
-0.65,0.0,8.89,-0.0,0.0,0.04,27.35,Mov00
-0.65,-0.0,8.89,-0.0,0.0,0.04,27.35,Mov00
-0.66,0.0,8.88,-0.0,0.0,0.04,27.35,Mov00
-0.66,-0.01,8.88,-0.0,0.0,0.04,27.35,Mov00
-0.66,-0.0,8.87,-0.0,0.0,0.04,27.35,Mov00
-0.66,0.0,8.87,-0.0,0.0,0.04,27.35,Mov00
-0.66,0.0,8.87,-0.0,0.0,0.04,27.36,Mov00
-0.66,-0.0,8.87,-0.0,0.0,0.04,27.35,Mov00
-0.66,-0.01,8.87,-0.0,0.0,0.04,27.35,Mov00
-0.66,-0.0,8.87,-0.0,0.0,0.04,27.35,Mov00
-0.66,-0.0,8.88,-0.0,0.0,0.04,27.35,Mov00
-0.66,-0.0,8.88,-0.0,0.0,0.04,27.35,Mov00
-0.66,0.01,8.88,-0.0,0.0,0.04,27.35,Mov00
-0.66,0.01,8.88,-0.0,0.0,0.04,27.35,Mov00
-0.67,0.01,8.88,-0.0,0.0,0.04,27.36,Mov00
-0.67,0.01,8.89,-0.0,0.0,0.04,27.36,Mov00
-0.66,0.01,8.88,-0.0,0.0,0.04,27.36,Mov00
-0.68,0.01,8.88,-0.0,0.0,0.04,27.36,Mov00
-0.68,0.01,8.88,-0.0,0.0,0.03,27.36,Mov00
-0.67,0.0,8.88,-0.0,0.0,0.03,27.35,Mov00
-0.67,0.01,8.88,-0.0,0.0,0.04,27.35,Mov00
-0.66,0.01,8.87,-0.0,0.0,0.04,27.35,Mov00
-0.66,0.0,8.87,-0.0,0.0,0.04,27.35,Mov00
-0.67,0.0,8.87,-0.0,0.0,0.04,27.35,Mov00
-0.67,0.01,8.88,-0.0,0.0,0.04,27.35,Mov00
-0.67,0.0,8.87,-0.0,0.0,0.04,27.35,Mov00
-0.66,-0.0,8.88,-0.0,0.0,0.04,27.34,Mov00
-0.66,0.0,8.89,-0.0,0.0,0.04,27.34,Mov00
-0.66,-0.0,8.88,-0.0,0.0,0.04,27.34,Mov00
-0.66,-0.0,8.88,-0.0,0.0,0.04,27.34,Mov00
-0.66,-0.01,8.88,-0.0,0.0,0.04,27.35,Mov00
-0.66,-0.01,8.89,-0.0,0.0,0.04,27.35,Mov00
-0.66,-0.01,8.89,-0.0,0.0,0.04,27.35,Mov00
-0.65,-0.01,8.9,-0.0,0.0,0.04,27.35,Mov00
-0.66,-0.0,8.9,-0.0,0.0,0.04,27.35,Mov00
-0.67,-0.01,8.89,-0.0,0.0,0.04,27.35,Mov00
-0.67,-0.0,8.88,-0.0,0.0,0.04,27.35,Mov00
-0.67,-0.0,8.88,-0.0,0.0,0.04,27.35,Mov00
-0.67,-0.01,8.88,-0.0,0.0,0.04,27.35,Mov00
-0.67,0.0,8.89,-0.0,0.0,0.04,27.35,Mov00
-0.67,0.0,8.89,-0.0,0.0,0.04,27.35,Mov00
-0.66,0.0,8.88,-0.0,0.0,0.04,27.35,Mov00
-0.66,0.01,8.88,-0.0,0.0,0.04,27.36,Mov00
-0.66,-0.0,8.89,-0.0,0.0,0.04,27.35,Mov00
-0.66,-0.0,8.89,-0.0,0.0,0.04,27.36,Mov00
-0.66,-0.0,8.9,-0.0,0.0,0.04,27.35,Mov00
-0.66,0.0,8.88,-0.0,0.0,0.04,27.36,Mov00
-0.66,0.0,8.89,-0.0,0.0,0.04,27.35,Mov00
-0.66,-0.0,8.89,-0.0,0.0,0.04,27.36,Mov00
-0.65,0.0,8.9,-0.0,0.0,0.04,27.35,Mov00
-0.65,-0.01,8.9,-0.0,0.0,0.04,27.35,Mov00
-0.66,-0.01,8.89,-0.0,0.0,0.04,27.35,Mov00
-0.66,-0.01,8.89,-0.0,0.0,0.04,27.36,Mov00
-0.67,-0.01,8.88,-0.0,0.0,0.04,27.34,Mov00
-0.67,-0.01,8.88,-0.0,0.0,0.04,27.34,Mov00
-0.67,-0.0,8.89,-0.0,0.0,0.04,27.35,Mov00
-0.66,-0.0,8.88,-0.0,0.0,0.04,27.35,Mov00
-0.67,-0.0,8.88,-0.0,0.0,0.04,27.35,Mov00
-0.67,-0.0,8.89,-0.0,0.0,0.04,27.35,Mov00
-0.66,0.0,8.89,-0.0,0.0,0.04,27.34,Mov00
-0.66,0.0,8.88,-0.0,0.0,0.04,27.35,Mov00
-0.66,0.0,8.88,-0.0,0.0,0.04,27.34,Mov00
-0.66,0.0,8.88,-0.0,0.0,0.04,27.34,Mov00
-0.66,0.0,8.87,-0.0,0.0,0.04,27.35,Mov00
-0.66,-0.0,8.88,-0.0,0.0,0.04,27.35,Mov00
-0.66,-0.0,8.87,-0.0,0.0,0.04,27.34,Mov00
-0.66,0.0,8.88,-0.0,0.0,0.04,27.35,Mov00
-0.67,0.0,8.88,-0.0,0.0,0.04,27.35,Mov00
-0.67,0.0,8.87,-0.0,0.0,0.04,27.36,Mov00
-0.66,0.01,8.86,-0.0,0.0,0.04,27.36,Mov00
-0.67,0.0,8.88,-0.0,0.0,0.04,27.36,Mov00
-0.67,0.0,8.87,-0.0,0.0,0.04,27.36,Mov00
-0.66,0.01,8.87,-0.01,0.0,0.04,27.35,Mov00
-0.66,0.0,8.88,-0.0,0.0,0.04,27.36,Mov00
-0.66,0.0,8.88,-0.0,0.0,0.04,27.36,Mov00
-0.66,-0.0,8.88,-0.0,0.0,0.04,27.36,Mov00
-0.66,-0.0,8.89,-0.0,0.0,0.04,27.35,Mov00
-0.66,-0.01,8.88,-0.0,0.0,0.04,27.35,Mov00
-0.66,-0.01,8.87,-0.0,0.0,0.04,27.35,Mov00
-0.66,-0.01,8.88,-0.0,0.0,0.04,27.36,Mov00
-0.66,-0.01,8.88,-0.0,0.0,0.04,27.35,Mov00
-0.66,-0.01,8.88,-0.0,0.0,0.04,27.35,Mov00
-0.66,-0.01,8.9,-0.0,0.0,0.04,27.35,Mov00
-0.68,-0.01,8.89,-0.0,0.0,0.04,27.35,Mov00
-0.68,-0.01,8.89,-0.0,0.0,0.04,27.35,Mov00
-0.66,-0.01,8.9,-0.0,0.0,0.04,27.35,Mov00
-0.67,-0.0,8.89,-0.0,0.0,0.04,27.35,Mov00
-0.66,-0.01,8.9,-0.0,0.0,0.04,27.35,Mov00
-0.67,-0.01,8.9,-0.0,0.0,0.04,27.36,Mov00
-0.66,-0.0,8.89,-0.0,0.0,0.04,27.36,Mov00
-0.66,-0.0,8.88,-0.0,0.0,0.04,27.36,Mov00
-0.66,-0.0,8.88,-0.0,0.0,0.04,27.35,Mov00
-0.67,-0.0,8.87,-0.0,0.0,0.04,27.35,Mov00
-0.66,-0.0,8.87,-0.0,0.0,0.04,27.34,Mov00
-0.66,0.0,8.86,-0.0,0.0,0.04,27.35,Mov00
-0.66,-0.0,8.88,-0.0,0.0,0.04,27.34,Mov00
-0.66,0.01,8.88,-0.0,0.0,0.04,27.34,Mov00
-0.66,0.01,8.88,-0.0,0.0,0.04,27.34,Mov00
-0.66,0.0,8.88,-0.0,0.0,0.04,27.34,Mov00
-0.66,0.0,8.89,-0.0,0.0,0.04,27.34,Mov00
-0.67,-0.0,8.89,-0.0,0.0,0.04,27.35,Mov00
-0.67,-0.0,8.89,-0.0,0.0,0.04,27.35,Mov00
-0.66,-0.01,8.9,-0.0,0.0,0.04,27.35,Mov00
-0.66,-0.01,8.89,-0.0,0.0,0.04,27.35,Mov00
-0.66,-0.01,8.89,-0.0,0.0,0.04,27.35,Mov00
-0.66,-0.01,8.89,-0.0,0.0,0.04,27.35,Mov00
-0.66,-0.01,8.89,-0.0,0.0,0.04,27.35,Mov00
-0.67,-0.0,8.89,-0.0,0.0,0.04,27.35,Mov00
-0.66,-0.01,8.88,-0.0,0.0,0.04,27.35,Mov00
-0.66,-0.0,8.87,-0.0,0.0,0.04,27.35,Mov00
-0.66,-0.01,8.88,-0.0,0.0,0.04,27.35,Mov00
-0.66,-0.0,8.87,-0.0,0.0,0.04,27.35,Mov00
-0.66,-0.01,8.87,-0.0,0.0,0.04,27.35,Mov00
-0.66,-0.0,8.87,-0.0,0.0,0.04,27.35,Mov00
-0.66,-0.01,8.88,-0.0,0.0,0.04,27.35,Mov00
-0.66,-0.0,8.88,-0.0,0.0,0.04,27.35,Mov00
-0.66,-0.0,8.87,-0.0,0.0,0.04,27.36,Mov00
-0.66,-0.0,8.88,-0.0,0.0,0.04,27.36,Mov00
-0.65,-0.0,8.88,-0.0,0.0,0.04,27.35,Mov00
-0.66,-0.01,8.88,-0.0,0.0,0.04,27.35,Mov00
-0.66,-0.01,8.89,-0.0,0.0,0.04,27.35,Mov00
-0.66,-0.01,8.89,-0.0,0.0,0.04,27.35,Mov00
-0.66,-0.01,8.89,-0.0,0.0,0.04,27.35,Mov00
-0.66,-0.0,8.87,-0.0,0.0,0.04,27.34,Mov00
-0.66,-0.01,8.88,-0.0,0.0,0.04,27.34,Mov00
-0.67,0.0,8.88,-0.0,0.0,0.04,27.34,Mov00
-0.67,-0.01,8.88,-0.0,0.0,0.04,27.34,Mov00
-0.66,-0.0,8.89,-0.0,0.0,0.04,27.34,Mov00
-0.65,-0.0,8.89,-0.0,0.0,0.04,27.34,Mov00
-0.66,0.0,8.89,-0.0,0.0,0.04,27.35,Mov00
-0.66,0.0,8.89,-0.0,0.0,0.04,27.34,Mov00
-0.66,-0.0,8.89,-0.0,0.0,0.04,27.34,Mov00
-0.66,-0.0,8.88,-0.0,0.0,0.04,27.34,Mov00
-0.66,-0.0,8.88,-0.0,0.0,0.04,27.34,Mov00
-0.66,-0.01,8.88,-0.0,0.0,0.04,27.34,Mov00
-0.67,-0.01,8.89,-0.0,0.0,0.04,27.35,Mov00
-0.67,-0.01,8.89,-0.0,0.0,0.04,27.35,Mov00
-0.66,-0.01,8.88,-0.0,0.0,0.04,27.35,Mov00
-0.66,-0.01,8.88,-0.0,0.0,0.04,27.35,Mov00
-0.66,-0.01,8.88,-0.0,0.0,0.04,27.35,Mov00
-0.65,0.0,8.87,-0.0,0.0,0.04,27.35,Mov00
-0.65,0.0,8.88,-0.0,0.0,0.04,27.35,Mov00
-0.66,0.0,8.87,-0.0,0.0,0.04,27.35,Mov00
-0.66,0.0,8.88,-0.0,0.0,0.04,27.35,Mov00
-0.66,0.0,8.89,-0.0,0.0,0.04,27.36,Mov00
-0.66,-0.0,8.88,-0.0,0.0,0.04,27.35,Mov00
-0.66,-0.0,8.9,-0.0,0.0,0.04,27.35,Mov00
-0.66,-0.01,8.89,-0.0,0.0,0.04,27.34,Mov00
-0.66,-0.01,8.89,-0.0,0.0,0.04,27.35,Mov00
-0.67,-0.0,8.88,-0.0,0.0,0.04,27.35,Mov00
-0.67,-0.0,8.87,-0.0,0.0,0.04,27.35,Mov00
-0.66,-0.0,8.87,-0.0,0.0,0.04,27.35,Mov00
-0.66,0.0,8.87,-0.0,0.0,0.04,27.35,Mov00
-0.67,-0.0,8.88,-0.0,0.0,0.04,27.34,Mov00
-0.66,0.0,8.88,-0.0,0.0,0.04,27.34,Mov00
-0.66,0.0,8.88,-0.0,0.0,0.04,27.35,Mov00
-0.66,0.0,8.87,-0.0,0.0,0.03,27.35,Mov00
-0.65,-0.0,8.86,-0.0,0.0,0.03,27.35,Mov00
-0.65,-0.01,8.88,-0.0,0.0,0.03,27.35,Mov00
-0.66,-0.01,8.87,-0.0,0.0,0.03,27.34,Mov00
-0.66,-0.0,8.87,-0.0,0.0,0.03,27.34,Mov00
-0.66,-0.0,8.88,-0.0,0.0,0.03,27.34,Mov00
-0.66,0.01,8.88,-0.0,0.0,0.03,27.35,Mov00
-0.66,0.01,8.88,-0.0,0.0,0.03,27.35,Mov00
-0.66,0.0,8.88,-0.0,0.0,0.04,27.34,Mov00
-0.67,0.0,8.89,-0.0,0.0,0.04,27.34,Mov00
-0.67,0.0,8.88,-0.0,0.0,0.03,27.34,Mov00
-0.67,-0.0,8.87,-0.0,0.0,0.04,27.34,Mov00
-0.67,-0.0,8.88,-0.0,0.0,0.04,27.34,Mov00
-0.67,0.0,8.88,-0.0,0.0,0.04,27.34,Mov00
-0.67,-0.01,8.88,-0.0,0.0,0.04,27.35,Mov00
-0.67,-0.0,8.88,-0.0,0.0,0.04,27.35,Mov00
-0.67,-0.01,8.88,-0.0,0.0,0.04,27.35,Mov00
-0.67,-0.01,8.88,-0.0,0.0,0.04,27.35,Mov00
-0.66,-0.01,8.87,-0.0,0.0,0.03,27.35,Mov00
-0.66,-0.01,8.88,-0.0,0.0,0.03,27.35,Mov00
-0.66,-0.0,8.88,-0.0,0.0,0.04,27.35,Mov00
-0.66,-0.0,8.87,-0.0,0.0,0.04,27.34,Mov00
-0.67,-0.01,8.87,-0.0,0.0,0.04,27.34,Mov00
-0.67,-0.0,8.87,-0.0,0.0,0.04,27.34,Mov00
-0.66,0.0,8.87,-0.0,0.0,0.04,27.34,Mov00
-0.66,-0.0,8.87,-0.0,0.0,0.04,27.35,Mov00
-0.66,-0.0,8.87,-0.0,0.0,0.04,27.34,Mov00
-0.66,0.0,8.87,-0.0,0.0,0.04,27.34,Mov00
-0.66,0.0,8.87,-0.0,0.0,0.04,27.34,Mov00
-0.66,-0.0,8.87,-0.0,0.0,0.04,27.34,Mov00
-0.66,-0.0,8.88,-0.0,0.0,0.04,27.34,Mov00
-0.66,-0.01,8.88,-0.0,0.0,0.04,27.34,Mov00
-0.66,-0.01,8.88,-0.0,0.0,0.04,27.34,Mov00
-0.66,-0.0,8.88,-0.0,0.0,0.04,27.35,Mov00
-0.66,-0.0,8.88,-0.0,0.0,0.04,27.34,Mov00
-0.66,-0.0,8.89,-0.0,0.0,0.04,27.34,Mov00
-0.66,-0.0,8.88,-0.0,0.0,0.04,27.34,Mov00
-0.66,0.01,8.88,-0.0,0.0,0.04,27.34,Mov00
-0.66,0.01,8.88,-0.0,0.0,0.04,27.34,Mov00
-0.66,0.01,8.89,-0.0,0.0,0.04,27.34,Mov00
-0.66,0.0,8.88,-0.0,0.0,0.04,27.34,Mov00
-0.66,0.01,8.88,-0.0,0.0,0.03,27.35,Mov00
-0.66,0.01,8.89,-0.0,0.0,0.04,27.35,Mov00
-0.66,0.0,8.89,-0.0,0.0,0.04,27.34,Mov00
-0.66,0.01,8.89,-0.0,0.0,0.04,27.34,Mov00
-0.66,0.0,8.88,-0.0,0.0,0.04,27.34,Mov00
-0.66,0.0,8.88,-0.0,0.0,0.04,27.35,Mov00
-0.66,0.0,8.89,-0.0,0.0,0.04,27.35,Mov00
-0.66,-0.0,8.89,-0.0,0.0,0.04,27.35,Mov00
-0.66,-0.0,8.88,-0.0,0.0,0.04,27.35,Mov00
-0.65,-0.0,8.88,-0.0,0.0,0.04,27.34,Mov00
-0.65,-0.01,8.87,-0.0,0.0,0.04,27.34,Mov00
-0.66,-0.0,8.87,-0.0,0.0,0.04,27.35,Mov00
-0.65,-0.0,8.88,-0.0,0.0,0.03,27.35,Mov00
-0.66,0.0,8.88,-0.0,0.0,0.03,27.35,Mov00
-0.66,0.01,8.87,-0.0,0.0,0.04,27.34,Mov00
-0.66,0.01,8.88,-0.0,0.0,0.04,27.34,Mov00
-0.66,0.01,8.87,-0.0,0.0,0.04,27.34,Mov00
-0.66,0.01,8.87,-0.0,0.0,0.04,27.33,Mov00
-0.66,0.0,8.88,-0.0,0.0,0.04,27.34,Mov00
-0.67,0.0,8.89,-0.0,0.0,0.04,27.35,Mov00
-0.67,0.0,8.89,-0.0,0.0,0.04,27.34,Mov00
-0.67,0.0,8.9,-0.0,0.0,0.04,27.34,Mov00
-0.67,0.01,8.89,-0.0,0.0,0.04,27.34,Mov00
-0.67,0.01,8.89,-0.0,0.0,0.04,27.33,Mov00
-0.67,0.0,8.89,-0.0,0.0,0.04,27.33,Mov00
-0.66,0.0,8.88,-0.0,0.0,0.04,27.33,Mov00
-0.65,0.0,8.89,-0.0,0.0,0.04,27.33,Mov00
-0.65,-0.0,8.9,-0.0,0.0,0.04,27.34,Mov00
-0.65,-0.0,8.9,-0.0,0.0,0.04,27.34,Mov00
-0.66,-0.0,8.89,-0.0,0.0,0.04,27.34,Mov00
-0.66,-0.01,8.89,-0.0,0.0,0.04,27.34,Mov00
-0.67,0.0,8.89,-0.0,0.0,0.04,27.34,Mov00
-0.66,0.01,8.9,-0.0,-0.0,0.04,27.35,Mov00
-0.65,0.01,8.89,-0.0,-0.0,0.04,27.35,Mov00
-0.65,0.0,8.89,-0.0,-0.0,0.04,27.35,Mov00
-0.65,0.0,8.88,-0.0,0.0,0.04,27.34,Mov00
-0.65,0.0,8.88,-0.0,0.0,0.04,27.34,Mov00
-0.66,-0.0,8.88,-0.0,0.0,0.04,27.34,Mov00
-0.67,-0.01,8.89,-0.0,0.0,0.04,27.34,Mov00
-0.67,-0.0,8.87,-0.0,0.0,0.04,27.34,Mov00
-0.66,-0.0,8.87,-0.0,0.0,0.04,27.34,Mov00
-0.66,-0.01,8.88,-0.0,0.0,0.04,27.34,Mov00
-0.66,-0.0,8.87,-0.0,0.0,0.04,27.34,Mov00
-0.67,-0.01,8.87,-0.0,0.0,0.04,27.34,Mov00
-0.66,-0.0,8.87,-0.0,0.0,0.04,27.34,Mov00
-0.66,-0.01,8.88,-0.0,0.0,0.04,27.34,Mov00
-0.65,-0.01,8.87,-0.0,0.0,0.04,27.34,Mov00
-0.66,-0.0,8.87,-0.0,0.0,0.04,27.34,Mov00
-0.65,0.0,8.88,-0.0,0.0,0.04,27.34,Mov00
-0.65,-0.0,8.88,-0.0,0.0,0.04,27.34,Mov00
-0.65,-0.0,8.88,-0.0,0.0,0.04,27.34,Mov00
-0.66,-0.0,8.88,-0.0,0.0,0.04,27.34,Mov00
-0.66,-0.0,8.87,-0.0,0.0,0.04,27.34,Mov00
-0.65,-0.01,8.87,-0.0,0.0,0.04,27.34,Mov00
-0.66,-0.01,8.87,-0.0,0.0,0.04,27.34,Mov00
-0.66,-0.0,8.88,-0.0,0.0,0.04,27.33,Mov00
-0.66,-0.0,8.88,-0.0,0.0,0.04,27.33,Mov00
-0.67,-0.0,8.88,-0.0,0.0,0.04,27.33,Mov00
-0.66,-0.01,8.89,-0.0,0.0,0.04,27.33,Mov00
-0.66,-0.0,8.88,-0.0,0.0,0.04,27.34,Mov00
-0.66,0.0,8.88,-0.0,0.0,0.04,27.33,Mov00
-0.66,-0.01,8.89,-0.0,0.0,0.04,27.33,Mov00
-0.66,0.0,8.88,-0.0,0.0,0.04,27.34,Mov00
